LIBELLE;COMMUNE;DEPARTEMEN;X_WGS84;Y_WGS84
Renescure;RENESCURE;NORD;2.372330558433976;50.73196874003682
Bening;BENING-LES-SAINT-AVOLD;MOSELLE;6.828569962775861;49.13823357590087
Ste-Pazanne;SAINTE-PAZANNE;LOIRE-ATLANTIQUE;-1.817875172027586;47.10243686807898
Bayon;VIRECOURT;MEURTHE-ET-MOSELLE;6.322868633344423;48.468006065186245
Nice-St-Roch;NICE;ALPES-MARITIMES;7.286559121678756;43.715173751991884
Soulac-sur-Mer;SOULAC-SUR-MER;GIRONDE;-1.117391489531038;45.507969972595404
Montceau-les-Mines;MONTCEAU-LES-MINES;SAONE-ET-LOIRE;4.361105316071837;46.67051156636181
Rouen-Rive-Droite;ROUEN;SEINE-MARITIME;1.094233526260265;49.4491878684027
Beynes;BEYNES;YVELINES;1.875845691637385;48.85939063028636
Nouzonville;NOUZONVILLE;ARDENNES;4.742258644137013;49.81253486383028
Crotelles;VILLEDOMER;INDRE-ET-LOIRE;0.864224703197544;47.529276095899725
Auneau;ROINVILLE;EURE-ET-LOIR;1.780181460127021;48.44606164180047
Sete;SETE;HERAULT;3.696608504888423;43.41279860027326
Mignaloux-Nouaille;MIGNALOUX-BEAUVOIR;VIENNE;0.411805714638493;46.52605001060868
Hautmont;HAUTMONT;NORD;3.915571616258313;50.25397433616288
Lafarge;SAINT-HILAIRE-LES-PLACES;HAUTE-VIENNE;1.130877718332544;45.634028229586356
Villeneuve-Loubet-Plage;VILLENEUVE-LOUBET;ALPES-MARITIMES;7.134325945371284;43.62959895644294
Leyment;LEYMENT;AIN;5.285127971080204;45.93647117289702
Culoz;CULOZ;AIN;5.77867320042856;45.842855056298575
Buzy-en-Bearn;BUZY;PYRENEES-ATLANTIQUES;-0.45583930872819;43.14821823375952
Sermizelles-Vezelay;GIVRY;YONNE;3.792894581811644;47.52886695431305
Maule;MAULE;YVELINES;1.857318343026776;48.909242714227815
Beaumont-de-Lomagne;BEAUMONT-DE-LOMAGNE;TARN-ET-GARONNE;0.986239322330964;43.8782451944375
Les Perrieres;VARENNES-VAUZELLES;NIEVRE;3.148438859602416;47.00616929165193
Aytre-Plage;AYTRE;CHARENTE-MARITIME;-1.128490510325061;46.12763823824456
Herrlisheim;HERRLISHEIM;BAS-RHIN;7.91032804035035;48.72764651099049
Evron;EVRON;MAYENNE;-0.396952715882117;48.155693198678215
La Menitre;LA MENITRE;MAINE-ET-LOIRE;-0.275982998842375;47.39730385204992
Le Luc-et-Le Cannet;LE CANNET-DES-MAURES;VAR;6.343171762065989;43.39025127371896
Joue-les-Tours;JOUE-LES-TOURS;INDRE-ET-LOIRE;0.668048618706485;47.35423134182372
Avenue-du-President-Kennedy-Radio-France;PARIS;PARIS;2.280643922537805;48.85303782778344
Salses;SALSES-LE-CHATEAU;PYRENEES-ORIENTALES;2.917412907106511;42.83556456554592
Frepillon;FREPILLON;VAL-D'OISE;2.197110568848926;49.04606750590012
Sains-du-Nord;SAINS-DU-NORD;NORD;4.001577664406883;50.08866973398011
Lutzelbourg;LUTZELBOURG;MOSELLE;7.251833009492623;48.729846888344916
Carnoules;CARNOULES;VAR;6.186694957665186;43.29747018644669
Pagny-sur-Moselle;PAGNY-SUR-MOSELLE;MEURTHE-ET-MOSELLE;6.025818645207068;48.98569467337148
Brimeux;BRIMEUX;PAS-DE-CALAIS;1.831495852912389;50.447051735242525
Cassis;CASSIS;BOUCHES-DU-RHONE;5.553191943191577;43.234103170066064
Dieppe;DIEPPE;SEINE-MARITIME;1.081412809091867;49.91676041680653
Nerac;NERAC;LOT-ET-GARONNE;0.335218100435338;44.13141091795235
Plouaret-Tregor;PLOUARET;COTES-D'ARMOR;-3.470755997826093;48.60650640608806
Polliat;POLLIAT;AIN;5.124030240101035;46.24452734318952
St-Brice-Courcelles;SAINT-BRICE-COURCELLES;MARNE;3.988807460605649;49.26502984850878
Thenon;THENON;DORDOGNE;1.068998929951222;45.160018266999685
Vittel;VITTEL;VOSGES;5.942242226000524;48.202635169665676
Limoges-Montjovis;LIMOGES;HAUTE-VIENNE;1.251596775957024;45.83843758054152
Montmedy;MONTMEDY;MEUSE;5.371700640274836;49.523093923192405
St-Pierre-le-Viger-Fontaine-le-Dun;SAINT-PIERRE-LE-VIGER;SEINE-MARITIME;0.844717727716975;49.82396371063189
Luttenbach-pres-Munster;LUTTENBACH-PRES-MUNSTER;HAUT-RHIN;7.118844201837517;48.03530647173009
Pompey;POMPEY;MEURTHE-ET-MOSELLE;6.1308377713641;48.7732068848714
Pezou;PEZOU;LOIR-ET-CHER;1.141013622640016;47.86735974833991
Septemes;SEPTEMES-LES-VALLONS;BOUCHES-DU-RHONE;5.369992482206597;43.403064809469726
Pessac;PESSAC;GIRONDE;-0.631981201223286;44.80432882276649
Petit-Croix;MONTREUX-CHATEAU;TERRITOIRE-DE-BELFORT;6.994918229950353;47.610072500121284
Troyes;SAINT-JULIEN-LES-VILLAS;AUBE;4.093255492388044;48.267956881185235
Avesnes;AVESNES-SUR-HELPE;NORD;3.933691932159471;50.126510256624066
Dormans;DORMANS;MARNE;3.641732540154304;49.079124214613664
Thiviers;THIVIERS;DORDOGNE;0.916121738812947;45.408720143186905
La Brohiniere;MONTAUBAN-DE-BRETAGNE;ILLE-ET-VILAINE;-2.110477930274493;48.21346883098549
Dijon-Ville;DIJON;COTE-D'OR;5.027142558968659;47.32301605786211
St-Vincent-de-Tyrosse;SAINT-VINCENT-DE-TYROSSE;LANDES;-1.306419925731927;43.65764559327288
Goxwiller;GOXWILLER;BAS-RHIN;7.478786397235771;48.43277220196985
Anizy-Pinon;PINON;AISNE;3.448684506906266;49.49586645638771
Colleville-Ste-Helene;COLLEVILLE;SEINE-MARITIME;0.453481461663384;49.74788129001654
Audun-le-Roman;AUDUN-LE-ROMAN;MEURTHE-ET-MOSELLE;5.89146426804764;49.366590157042125
Caudies;CAUDIES-DE-FENOUILLEDES;PYRENEES-ORIENTALES;2.373080346213851;42.810639950853094
Objat;OBJAT;CORREZE;1.406828483895449;45.26471287539302
St-Aubin-du-Vieil-Evreux;LE VIEIL-EVREUX;EURE;1.210704418278621;48.99858874568956
Sollies-Pont;SOLLIES-PONT;VAR;6.046659633633765;43.19218999615403
St-Sulpice-Lauriere;SAINT-SULPICE-LAURIERE;HAUTE-VIENNE;1.473745331763645;46.04841813858183
Elbeuf-Ville;ELBEUF;SEINE-MARITIME;1.004280092399471;49.28412845673974
Chaugey;LOSNE;COTE-D'OR;5.255037292221724;47.08764413683483
Ille-sur-Tet;ILLE-SUR-TET;PYRENEES-ORIENTALES;2.62421294273941;42.668211445185555
Cruas;CRUAS;ARDECHE;4.765580021583682;44.655900465849584
Etainhus-St-Romain;ETAINHUS;SEINE-MARITIME;0.33042269040196;49.56059940093719
St-Brieuc;SAINT-BRIEUC;COTES-D'ARMOR;-2.764962751496382;48.50719098335715
Vitry-sur-Seine;VITRY-SUR-SEINE;VAL-DE-MARNE;2.403548612394372;48.798813904369624
Reze-Pont-Rousseau;REZE;LOIRE-ATLANTIQUE;-1.549492482887928;47.19333466964187
Chatenois-Dolaincourt;CHATENOIS;VOSGES;5.83889815712475;48.30161598331203
Buire-sur-l'Ancre;BUIRE-SUR-L'ANCRE;SOMME;2.599456443937742;49.96514173113135
Balsieges-Bourg;BALSIEGES;LOZERE;3.456601695538955;44.48206935118344
Belz-Ploemel;PLOEMEL;MORBIHAN;-3.072226071368788;47.65254859798189
Perpignan;PERPIGNAN;PYRENEES-ORIENTALES;2.879350450581682;42.69621526112407
Thomery;FONTAINEBLEAU;SEINE-ET-MARNE;2.762318803658344;48.394401706465494
Bayard;BAYARD-SUR-MARNE;HAUTE-MARNE;5.076848866730774;48.55114230967595
St-Pourcain-sur-Sioule;SAINT-POURCAIN-SUR-SIOULE;ALLIER;3.299085740982358;46.30503520484824
Selestat;SELESTAT;BAS-RHIN;7.442441424608559;48.2606544212921
Namps-Quevauvillers;NAMPS-MAISNIL;SOMME;2.105280731925284;49.808146221661694
Vignols-St-Solve;SAINT-SOLVE;CORREZE;1.397619507972418;45.312991479730286
Varetz;VARETZ;CORREZE;1.447409972667475;45.191110140196194
Jarrie-Vizille;JARRIE;ISERE;5.742573539163729;45.08481083197159
Bourgtheroulde-Thuit-Hebert;GRAND BOURGTHEROULDE;EURE;0.838230934043214;49.317574268561536
Crepy-Couvron;CREPY;AISNE;3.516648700534048;49.6234815197374
Vitrolles-Aeroport-Marseille-Provence;VITROLLES;BOUCHES-DU-RHONE;5.237107512143576;43.441197332164776
Laroche-Migennes;MIGENNES;YONNE;3.511453668444495;47.96101462319648
Malling;MALLING;MOSELLE;6.302209541081355;49.42150514070524
St-Pierre-Quiberon;SAINT-PIERRE-QUIBERON;MORBIHAN;-3.138707146365476;47.52094863815868
Montreuil-sur-Therain;MONTREUIL-SUR-THERAIN;OISE;2.19992191304832;49.38168495792057
Sauto;SAUTO;PYRENEES-ORIENTALES;2.159738420428227;42.50617882069271
Villepinte;VILLEPINTE;SEINE-SAINT-DENIS;2.512440870606306;48.963074764492056
Genelard;GENELARD;SAONE-ET-LOIRE;4.238147018273335;46.58118078240515
Evreux-Embranchement;EVREUX;EURE;1.150419072396177;49.01838527574759
Hagetmau;HAGETMAU;LANDES;-0.583487362867767;43.65924203793236
Bourron-Marlotte-Grez;BOURRON-MARLOTTE;SEINE-ET-MARNE;2.692614190301942;48.332714786210815
Les Noues;GOUSSAINVILLE;VAL-D'OISE;2.47855126231612;49.03342753849726
Conde-sur-Huisne;SABLONS SUR HUISNE;ORNE;0.848904495741087;48.3835959133747
La Fere;LA FERE;AISNE;3.369884473447331;49.657829034213655
Les Fontinettes;CALAIS;PAS-DE-CALAIS;1.848656797960105;50.94168252974406
Moirans;MOIRANS;ISERE;5.581815189282188;45.32193637824267
Santenay-les-Bains;SANTENAY;COTE-D'OR;4.701780086185652;46.91073433226832
Val-de-Reuil;VAL-DE-REUIL;EURE;1.224844887249741;49.2755264557537
Reims-Maison-Blanche;REIMS;MARNE;4.022706051740367;49.233416254860984
Frontenex;FRONTENEX;SAVOIE;6.314324090541986;45.63048107461825
St-Paul-de-Fenouillet;SAINT-PAUL-DE-FENOUILLET;PYRENEES-ORIENTALES;2.506964114421622;42.811842470080606
Breteil;SAINT-GILLES;ILLE-ET-VILAINE;-1.881371759699423;48.14076893006094
Frouard;FROUARD;MEURTHE-ET-MOSELLE;6.144376862272564;48.755581557342204
Millas;MILLAS;PYRENEES-ORIENTALES;2.693007056518804;42.688925858230085
Macau;MACAU;GIRONDE;-0.619909739661089;45.00404192885203
Lubersac;LUBERSAC;CORREZE;1.388874046528461;45.44453269507982
Saintes;SAINTES;CHARENTE-MARITIME;-0.617587884909049;45.74784035534782
Sannois;SANNOIS;VAL-D'OISE;2.264010599110742;48.97012034624775
Grand-Bourg;EVRY-COURCOURONNES;ESSONNE;2.436442788684933;48.64776920839134
Darsac;VERNASSAL;HAUTE-LOIRE;3.73453776304568;45.14280899593873
Pouilly-sur-Loire;POUILLY-SUR-LOIRE;NIEVRE;2.965051211539136;47.28252848274005
Neussargues;NEUSSARGUES EN PINATELLE;CANTAL;2.979124325577049;45.12527901420377
Meudon;MEUDON;HAUTS-DE-SEINE;2.240875380902561;48.81480083229521
Mezy;MEZY-MOULINS;AISNE;3.506430604663262;49.06672820225904
Chatillon-sur-Seine;SAINTE-COLOMBE-SUR-SEINE;COTE-D'OR;4.551565119152175;47.87040423667916
Flez-Cuzy-Tannay;TANNAY;NIEVRE;3.615134800485459;47.363016895951745
Bassens-Appontements;LORMONT;GIRONDE;-0.530996594037636;44.88477639840179
Cadaujac;CADAUJAC;GIRONDE;-0.537923689084897;44.75198423836627
Bellegarde;VALSERHONE;AIN;5.825676729983513;46.11051692198756
Lauterbourg;LAUTERBOURG;BAS-RHIN;8.182587532363396;48.96716996582567
Sallaumines;SALLAUMINES;PAS-DE-CALAIS;2.853313364463135;50.41757686621085
Tergnier;TERGNIER;AISNE;3.296029163054813;49.65702541631007
Laboissiere-le-Deluge;LABOISSIERE-EN-THELLE;OISE;2.136162166775652;49.288495150682685
Le Cheylas-La Buissiere;LE CHEYLAS;ISERE;5.997234672401361;45.39313502704879
Lieusaint-Moissy;LIEUSAINT;SEINE-ET-MARNE;2.569445631919197;48.629860586103916
Le Monastier;BOURGS SUR COLAGNE;LOZERE;3.252222124005448;44.50890669463762
Fresnoy-le-Grand;FRESNOY-LE-GRAND;AISNE;3.432591812348431;49.95023606754016
Rueil-Malmaison;RUEIL-MALMAISON;HAUTS-DE-SEINE;2.171546746602271;48.88731358907528
Loreux;LOREUX;LOIR-ET-CHER;1.834338665664359;47.39020300817494
Gannat;GANNAT;ALLIER;3.204865220044901;46.097617863456954
Manthes-Lapeyrouse;MANTHES;DROME;4.98641079530983;45.31231044257792
St-Cesaire;NIMES;GARD;4.327963542425942;43.81354643785989
Bresles;BRESLES;OISE;2.248991032619867;49.415048302956784
Veynes-Devoluy;VEYNES;HAUTES-ALPES;5.815248569752371;44.53164106947219
St-Ouen-l'Aumone;SAINT-OUEN-L'AUMONE;VAL-D'OISE;2.107667640493494;49.04542573292791
Haguenau;HAGUENAU;BAS-RHIN;7.782383193842469;48.813268914308225
Turckheim;TURCKHEIM;HAUT-RHIN;7.279459288051582;48.0856031762113
Mailly-le-Camp;MAILLY-LE-CAMP;AUBE;4.178829817592018;48.67487955631586
Monte-Carlo-Country-Club;ROQUEBRUNE-CAP-MARTIN;ALPES-MARITIMES;7.449142960112422;43.75494181488861
Lille-St-Sauveur;LILLE;NORD;3.073603597508174;50.62569602718498
Franois;FRANOIS;DOUBS;5.937512369273514;47.227427683038236
Corbie;CORBIE;SOMME;2.501546006343574;49.91247380855365
Nortkerque;NORTKERQUE;PAS-DE-CALAIS;2.023379597770227;50.88288290487031
Barjac;BARJAC;LOZERE;3.410793616996402;44.49938407314612
Pontchateau;PONTCHATEAU;LOIRE-ATLANTIQUE;-2.088383489771248;47.4363076121587
Sens;SENS;YONNE;3.267375721688097;48.19875811256064
Sin-le-Noble;SIN-LE-NOBLE;NORD;3.112610047358653;50.3565404644949
Seltz;SELTZ;BAS-RHIN;8.098150966382955;48.896706059777365
Formerie;FORMERIE;OISE;1.722941150562096;49.654339909857434
Heming;HEMING;MOSELLE;6.971237167224244;48.69169925460745
Sarrebourg;SARREBOURG;MOSELLE;7.052269447443495;48.738716525799795
Theoule-sur-Mer;THEOULE-SUR-MER;ALPES-MARITIMES;6.936842591444163;43.51340542778221
Tenay-Hauteville;TENAY;AIN;5.500960316594447;45.92229568025614
Laluque;LALUQUE;LANDES;-0.967297983881243;43.82458727060245
Sommesous;SOMMESOUS;MARNE;4.194058747735006;48.73642328461103
Badan;GRIGNY;RHONE;4.780173433172134;45.60183828378189
Jarville-la-Malgrange;JARVILLE-LA-MALGRANGE;MEURTHE-ET-MOSELLE;6.198019041403032;48.672218883839285
Benestroff;BENESTROFF;MOSELLE;6.750598020177406;48.90618393340398
Villefort;VILLEFORT;LOZERE;3.924035262276116;44.43946205033167
Neuilly-sur-Marne;NEUILLY-SUR-MARNE;SEINE-SAINT-DENIS;2.521345042686296;48.860010560437516
Macon-Port-Fluvial;MACON;SAONE-ET-LOIRE;4.818121512425271;46.29382893508856
Solignac-Le Vigen;LE VIGEN;HAUTE-VIENNE;1.284637857090242;45.756732062197486
Frevin-Capelle;FREVIN-CAPELLE;PAS-DE-CALAIS;2.633359694784462;50.34727761405151
Ambazac;AMBAZAC;HAUTE-VIENNE;1.408664883191938;45.9537576316964
Rochefort;ROCHEFORT;CHARENTE-MARITIME;-0.963548062025048;45.94746632056426
Rivesaltes;RIVESALTES;PYRENEES-ORIENTALES;2.867751282195064;42.7663405557871
Flere-la-Riviere;FLERE-LA-RIVIERE;INDRE;1.108829467082647;47.02141318087097
Lantenay;LANTENAY;COTE-D'OR;4.861075071153688;47.335118514203444
St-Chamond;SAINT-CHAMOND;LOIRE;4.517096513613868;45.47242263210801
La Bleuse-Borne;ANZIN;NORD;3.518098618427038;50.38614910576885
Verneuil-sur-Serre;VERNEUIL-SUR-SERRE;AISNE;3.666258430210547;49.64702811623633
Roanne;ROANNE;LOIRE;4.06306753627084;46.03936961727752
Fleurieux-sur-l'Arbresle;FLEURIEUX-SUR-L'ARBRESLE;RHONE;4.660592553132625;45.844585178584154
Nanterre-Universite;NANTERRE;HAUTS-DE-SEINE;2.207658698986693;48.89912157677641
Cannes;CANNES;ALPES-MARITIMES;7.018725988316509;43.55401070550098
Rive-de-Gier;RIVE-DE-GIER;LOIRE;4.606590608322465;45.52441080442122
Aiguillon;AIGUILLON;LOT-ET-GARONNE;0.335088190663227;44.29876017586198
Damblain;DAMBLAIN;VOSGES;5.656347039138558;48.09380678341434
Lamotte-Beuvron;LAMOTTE-BEUVRON;LOIR-ET-CHER;2.021745208670846;47.595988032342866
St-Junien;SAINT-JUNIEN;HAUTE-VIENNE;0.900404655614266;45.88137862112438
Bouilly-Roncenay;RONCENAY;AUBE;4.058283261027769;48.195345673895545
Dives-sur-Mer-Port-Guillaume;DIVES-SUR-MER;CALVADOS;-0.100875407999264;49.291027308934474
Aubusson;AUBUSSON;CREUSE;2.160766800262103;45.96053639366277
Saubusse-les-Bains;SAUBUSSE;LANDES;-1.190278050445025;43.66023352899588
Batz-sur-Mer;BATZ-SUR-MER;LOIRE-ATLANTIQUE;-2.479068344361024;47.280949556005034
Moulin-Galant;CORBEIL-ESSONNES;ESSONNE;2.473539962733294;48.58616345487804
Montaut-Betharram;MONTAUT;PYRENEES-ATLANTIQUES;-0.198106129619514;43.12666357843489
Gilly-sur-Loire;GILLY-SUR-LOIRE;SAONE-ET-LOIRE;3.782078688484614;46.537250248153086
Lavilletertre;LAVILLETERTRE;OISE;1.920731577030679;49.20261024930564
Tremolat;TREMOLAT;DORDOGNE;0.830416345032821;44.862330588438276
Langeac;LANGEAC;HAUTE-LOIRE;3.490565120059909;45.10107825695581
Souillac;SOUILLAC;LOT;1.466052524801962;44.90233983892782
St-Jodard;SAINT-JODARD;LOIRE;4.125226849910813;45.88584160067725
Pagny-sur-Meuse;PAGNY-SUR-MEUSE;MEUSE;5.735490402202477;48.69607193152515
Anche-Voulon;ANCHE;VIENNE;0.250202849905561;46.34973860615874
Froncles;FRONCLES;HAUTE-MARNE;5.141558242377115;48.296767634744015
Poix-de-Picardie;POIX-DE-PICARDIE;SOMME;1.989866923165017;49.777922790961775
Carnoet-Locarn;LOCARN;COTES-D'ARMOR;-3.490519380665913;48.3403989627636
Savy-Berlette;SAVY-BERLETTE;PAS-DE-CALAIS;2.558040120070211;50.353883727498975
Les Trillers;VAUX;ALLIER;2.599907234080537;46.41455303110547
Mennessis;MENNESSIS;AISNE;3.270320909384112;49.69194346032663
Wambaix;WAMBAIX;NORD;3.311230613377989;50.13385784297831
Porchefontaine;VERSAILLES;YVELINES;2.151756215590128;48.79657256409816
Nancois-Tronville;NANCOIS-SUR-ORNAIN;MEUSE;5.291378086944519;48.71786860549125
Boulazac;BOULAZAC ISLE MANOIRE;DORDOGNE;0.773122390683804;45.17186489281111
Lalande-Eglise;TOULOUSE;HAUTE-GARONNE;1.429055927697945;43.645392206401745
Haybes;HAYBES;ARDENNES;4.705574914362734;50.01196940594156
Genech;GENECH;NORD;3.220479480723978;50.53091976111437
La Valbonne;BELIGNEUX;AIN;5.124313081373071;45.84898731573564
Bauvin-Provin;BAUVIN;NORD;2.90504075604601;50.51167305704527
Ermont-Eaubonne;ERMONT;VAL-D'OISE;2.270063345810828;48.98087579752103
Labege-Innopole;LABEGE;HAUTE-GARONNE;1.51326637657675;43.547049886392934
Vis-a-Marles;MARLES-LES-MINES;PAS-DE-CALAIS;2.516022310523782;50.50414272658824
Avenue-Foch;PARIS;PARIS;2.2755053026993;48.87095631866803
Ste-Colombe-Septveilles;SAINTE-COLOMBE;SEINE-ET-MARNE;3.255707734379226;48.52933650008643
Azay-sur-Cher;MONTLOUIS-SUR-LOIRE;INDRE-ET-LOIRE;0.860084460645466;47.36514009217122
Laifour;LAIFOUR;ARDENNES;4.692175188420022;49.91097533133588
Bazancourt;BAZANCOURT;MARNE;4.174495614115393;49.36137467424595
Montdauphin-Guillestre;EYGLIERS;HAUTES-ALPES;6.615536685768046;44.674572708782506
Chasse-sur-Rhone;CHASSE-SUR-RHONE;ISERE;4.79521302005551;45.582521505331215
Fronville;FRONVILLE;HAUTE-MARNE;5.156134031814641;48.40073145861561
Morlaix;MORLAIX;FINISTERE;-3.832477837161316;48.577981731174525
Le Theil-de-Bretagne;LE THEIL-DE-BRETAGNE;ILLE-ET-VILAINE;-1.432154987081759;47.91872784258159
St-Vallier-sur-Rhone;SAINT-VALLIER;DROME;4.814554754094829;45.18564941774933
Epinay-Villetaneuse;EPINAY-SUR-SEINE;SEINE-SAINT-DENIS;2.327103863071399;48.95906011170955
L'Isthme;SAINT-PIERRE-QUIBERON;MORBIHAN;-3.133734449903005;47.546320517974486
Colombes;COLOMBES;HAUTS-DE-SEINE;2.259343973360624;48.92372212845716
Redon;REDON;ILLE-ET-VILAINE;-2.088521843296661;47.65178482242304
Nancois-Tronville;NANCOIS-SUR-ORNAIN;MEUSE;5.291385355909868;48.7180012345379
Nexon;NEXON;HAUTE-VIENNE;1.17835918654249;45.690902962010014
St-Romain-le-Puy;SAINT-ROMAIN-LE-PUY;LOIRE;4.120823009766296;45.554415326144856
St-Antoine (MR);MARSEILLE;BOUCHES-DU-RHONE;5.35816196059781;43.36927347077218
Mulhouse-Nord;MULHOUSE;HAUT-RHIN;7.321970897757813;47.7619034023579
Juvisy;JUVISY-SUR-ORGE;ESSONNE;2.38062181723321;48.68848379005439
Ormoy-Villers;ORMOY-VILLERS;OISE;2.836470441318782;49.1995967421345
Osses-St-Martin-d'Arrossa;SAINT-MARTIN-D'ARROSSA;PYRENEES-ATLANTIQUES;-1.304403655774002;43.23447101917773
La Joux;CHAMONIX-MONT-BLANC;HAUTE-SAVOIE;6.910226544261038;45.96589965273656
Briouze;BRIOUZE;ORNE;-0.367610338519551;48.702014162600285
Annemasse;ANNEMASSE;HAUTE-SAVOIE;6.235286072333115;46.198937869589535
Nouvion-sur-Meuse;NOUVION-SUR-MEUSE;ARDENNES;4.795018999514381;49.69710359367767
Epinal;EPINAL;VOSGES;6.453148843726827;48.14618950414152
Chenonceaux-Chisseaux;CHENONCEAUX;INDRE-ET-LOIRE;1.066116308404458;47.33067417756085
Cormery;CORMERY;INDRE-ET-LOIRE;0.833829755804239;47.262355610205645
Dinan;DINAN;COTES-D'ARMOR;-2.053387664537875;48.45702207710471
Les Boullereaux-Champigny;CHAMPIGNY-SUR-MARNE;VAL-DE-MARNE;2.511980695090771;48.82479774009975
Dommartin-Remiencourt;DOMMARTIN;SOMME;2.392937652308749;49.800065687906816
Villefranche-du-Perigord;LOUBEJAC;DORDOGNE;1.04915995461857;44.62695178117865
St-Hilaire-de-Chaleons;SAINT-HILAIRE-DE-CHALEONS;LOIRE-ATLANTIQUE;-1.866933861993372;47.1063239848601
Labouheyre;LABOUHEYRE;LANDES;-0.921092755817483;44.21058713206437
Chamalieres-sur-Loire;CHAMALIERES-SUR-LOIRE;HAUTE-LOIRE;3.992559029978426;45.20599098230012
Pignans;PIGNANS;VAR;6.224888239870714;43.298453499674146
Fontan-Saorge;FONTAN;ALPES-MARITIMES;7.551578000989646;43.99740866361559
Montsoult-Maffliers;MONTSOULT;VAL-D'OISE;2.322488540042579;49.06602499907762
Lunel;LUNEL;HERAULT;4.13115223064578;43.67958578801083
Evry;EVRY-COURCOURONNES;ESSONNE;2.452145652339384;48.634608020746256
St-Jean-de-Luz-Ciboure;SAINT-JEAN-DE-LUZ;PYRENEES-ATLANTIQUES;-1.661120875576861;43.385630538051984
Thesee;THESEE;LOIR-ET-CHER;1.312102893838652;47.3221316131585
Aubigny-au-Bac;AUBIGNY-AU-BAC;NORD;3.158284448868986;50.268474966278646
Clermont-les-Fermes;CLERMONT-LES-FERMES;AISNE;3.94030338978631;49.662228873623384
Paris-St-Lazare;PARIS;PARIS;2.324000851373341;48.876449960632634
Maizieres-les-Metz;MAIZIERES-LES-METZ;MOSELLE;6.158221809436721;49.21554938935268
Jatxou;USTARITZ;PYRENEES-ATLANTIQUES;-1.444737218362545;43.39103536760935
Conflans-Jarny;JARNY;MEURTHE-ET-MOSELLE;5.87842254738281;49.16607952738909
St-Jean-de-Verges;CRAMPAGNA;ARIEGE;1.608078902407974;43.01220711368319
L'Hospitalet-pres-l'Andorre;L'HOSPITALET-PRES-L'ANDORRE;ARIEGE;1.800026840097774;42.5895023978247
Blanzy;BLANZY;SAONE-ET-LOIRE;4.391261601142118;46.69399291424549
Courzieu-Brussieu;COURZIEU;RHONE;4.548054274037052;45.74996403643635
St-Agnan;SAINT-AGNAN;SAONE-ET-LOIRE;3.879207864973599;46.50146020099201
La Creche;LA CRECHE;DEUX-SEVRES;-0.296227383315685;46.3605230135639
Moutiers-Salins-Brides-les-Bains;MOUTIERS;SAVOIE;6.531548657040216;45.48649045265134
Aimargues;AIMARGUES;GARD;4.208741750869569;43.67865141363299
Carnoles;ROQUEBRUNE-CAP-MARTIN;ALPES-MARITIMES;7.480839159210381;43.761197114922226
Vertaizon;VERTAIZON;PUY-DE-DOME;3.288416384375966;45.784639879943335
Schwindratzheim;SCHWINDRATZHEIM;BAS-RHIN;7.60067795014709;48.75358419451172
Hagondange;HAGONDANGE;MOSELLE;6.163956790210976;49.253527340214866
St-Cyr-les-Lecques-La Cadiere;SAINT-CYR-SUR-MER;VAR;5.703752554715746;43.18536670423366
Le Cateau;LE CATEAU-CAMBRESIS;NORD;3.540412090656099;50.09126147749306
Corbigny;CORBIGNY;NIEVRE;3.677184737926491;47.25489222994257
St-Jean-d'Angely;SAINT-JEAN-D'ANGELY;CHARENTE-MARITIME;-0.509742382856997;45.940790618919515
Mont-de-Marsan;MONT-DE-MARSAN;LANDES;-0.504121585986459;43.884703925347225
Villeneuve-Triage;VILLENEUVE-SAINT-GEORGES;VAL-DE-MARNE;2.438468473703435;48.745460746350595
Mitry-Claye;MITRY-MORY;SEINE-ET-MARNE;2.642349425917973;48.97575440310002
Paris-St-Lazare;PARIS;PARIS;2.326303315694158;48.87693884103283
Feignies;FEIGNIES;NORD;3.922118667724535;50.306199581174766
Chateau-Renault;CHATEAU-RENAULT;INDRE-ET-LOIRE;0.901441463891866;47.58783274114799
Maisons-Laffitte;MAISONS-LAFFITTE;YVELINES;2.14473523437646;48.94558447506499
Grasse;GRASSE;ALPES-MARITIMES;6.927538788698524;43.65432174693225
Savenay;SAVENAY;LOIRE-ATLANTIQUE;-1.951077475534361;47.358398241426976
Nantes;NANTES;LOIRE-ATLANTIQUE;-1.544230274778459;47.216453501485695
Kalhausen;KALHAUSEN;MOSELLE;7.124716021448651;49.034685495840364
Vaux-sous-Aubigny;LE MONTSAUGEONNAIS;HAUTE-MARNE;5.293663398887352;47.6574972352428
St-Cheron;SAINT-CHERON;ESSONNE;2.12573556579795;48.55109190923052
Clamecy;CLAMECY;NIEVRE;3.518567941517941;47.46498987618404
Cahors;CAHORS;LOT;1.432889963232879;44.448526304213885
Fontaines-Mercurey;FONTAINES;SAONE-ET-LOIRE;4.77523537954581;46.85120280986514
Belleville;BELLEVILLE;MEURTHE-ET-MOSELLE;6.101709203382132;48.81942505701919
Niversac;BOULAZAC ISLE MANOIRE;DORDOGNE;0.808307981501079;45.13838581046404
Villeneuve-la-Guyard;VILLENEUVE-LA-GUYARD;YONNE;3.070452872854256;48.342988618490054
Vannes;VANNES;MORBIHAN;-2.752403881216251;47.66520979265519
Wingen-sur-Moder;WINGEN-SUR-MODER;BAS-RHIN;7.381540309334985;48.92008500247013
Martres-Tolosane;MARTRES-TOLOSANE;HAUTE-GARONNE;1.015612714830371;43.195931482311494
La Brigue;LA BRIGUE;ALPES-MARITIMES;7.603034286339613;44.06252385171183
Louverne;LOUVERNE;MAYENNE;-0.714321788569237;48.10888106533703
Fenouillet;FENOUILLET;HAUTE-GARONNE;1.401686001123261;43.68395477899149
Ciry-Sermoise;CIRY-SALSOGNE;AISNE;3.467287945684391;49.37032876685594
Beaurainville;BEAURAINVILLE;PAS-DE-CALAIS;1.895345549815496;50.42276362998072
Civry-St-Cloud;VILLEMAURY;EURE-ET-LOIR;1.479386702233253;48.065867887788364
La Teste;LA TESTE-DE-BUCH;GIRONDE;-1.142811777104821;44.637111744166084
Labarthe-Inard;LABARTHE-INARD;HAUTE-GARONNE;0.851961795025665;43.10494554640785
Labenne;LABENNE;LANDES;-1.428786764562733;43.58707120044295
Pont-du-Chateau (FRET);PONT-DU-CHATEAU;PUY-DE-DOME;3.253046237369317;45.78775229336652
Escaudoeuvres;ESCAUDUVRES;NORD;3.276361665143941;50.192348953741444
Montreuil-Belfroi;MONTREUIL-JUIGNE;MAINE-ET-LOIRE;-0.617520099104478;47.52540333074923
St-Jean-de-Losne;SAINT-USAGE;COTE-D'OR;5.240605340813892;47.10318863854627
Lizy-sur-Ourcq;LIZY-SUR-OURCQ;SEINE-ET-MARNE;3.031864920341824;49.02179218810581
Rosieres-aux-Salines;DOMBASLE-SUR-MEURTHE;MEURTHE-ET-MOSELLE;6.350779481206112;48.60510614106857
Flers;FLERS;ORNE;-0.573534215608868;48.7443263394735
Balagny-St-Epin;BALAGNY-SUR-THERAIN;OISE;2.344246592501725;49.294257290116214
Cavignac;CAVIGNAC;GIRONDE;-0.382083372825998;45.10528555773667
Mouchard;MOUCHARD;JURA;5.800378285208584;46.975770112057795
Lamanon;LAMANON;BOUCHES-DU-RHONE;5.091458171829456;43.699972796526396
Montbard;MONTBARD;COTE-D'OR;4.335234843608656;47.61865027866219
Guethary;GUETHARY;PYRENEES-ATLANTIQUES;-1.609869139610882;43.42532742825411
Sarrebourg;SARREBOURG;MOSELLE;7.051941434650432;48.73844492124301
Wissembourg;WISSEMBOURG;BAS-RHIN;7.95053463848673;49.03147863013146
Latour-de-Carol-Enveitg;ENVEITG;PYRENEES-ORIENTALES;1.905858604509927;42.45814353883745
Villefranche-sur-Mer;VILLEFRANCHE-SUR-MER;ALPES-MARITIMES;7.31422546559436;43.70695905884717
Gramat;GRAMAT;LOT;1.722316178276392;44.77346913309101
Anchamps;ANCHAMPS;ARDENNES;4.66991430394058;49.93076514927236
La Grave-d'Ambares-Gare-Inferieure;AMBARES-ET-LAGRAVE;GIRONDE;-0.477055556017021;44.93585506650114
La Bassee;LA BASSEE;NORD;2.804054051519795;50.52746595501221
Thouare;THOUARE-SUR-LOIRE;LOIRE-ATLANTIQUE;-1.441041066885646;47.26508698273898
Rouen-Orleans;ROUEN;SEINE-MARITIME;1.074967561175084;49.43699258016749
Watten-Eperlecques;EPERLECQUES;PAS-DE-CALAIS;2.207772910280331;50.82578985957985
Bretenoux-Biars;BIARS-SUR-CERE;LOT;1.844127782707252;44.92753201313112
Montfavet;AVIGNON;VAUCLUSE;4.873999693506314;43.93252871071503
St-Nazaire;SAINT-NAZAIRE;LOIRE-ATLANTIQUE;-2.211324800004774;47.28676363953024
Moirans-la-Galifette;MOIRANS;ISERE;5.564108253754243;45.32394850046758
Chars;CHARS;VAL-D'OISE;1.936959193648112;49.162611630469804
Corbeil-Essonnes;CORBEIL-ESSONNES;ESSONNE;2.468506839470618;48.60950573839651
Montigny-sur-Loing;MONTIGNY-SUR-LOING;SEINE-ET-MARNE;2.738557831181098;48.33644815329423
Houdemont;HOUDEMONT;MEURTHE-ET-MOSELLE;6.179753784761157;48.645181271606106
St-Amand-les-Eaux;SAINT-AMAND-LES-EAUX;NORD;3.418119848654414;50.44365462773792
Valencay;VALENCAY;INDRE;1.558500011171631;47.163082483538474
La Guerche-sur-l'Aubois;LA GUERCHE-SUR-L'AUBOIS;CHER;2.948552348870813;46.94762937765906
Bailleul;BAILLEUL;NORD;2.734386317470449;50.72888749538649
Sospel;SOSPEL;ALPES-MARITIMES;7.453890137493691;43.876482570997105
Oberhoffen-Camp-de-Haguenau;OBERHOFFEN-SUR-MODER;BAS-RHIN;7.855833751799631;48.789155347796914
Lorient;LORIENT;MORBIHAN;-3.366289623776526;47.75512114124836
La Suze;LA SUZE-SUR-SARTHE;SARTHE;0.02643990792454;47.89239849698498
Nevers;NEVERS;NIEVRE;3.150515693652952;46.9873201790838
Le Rouget;LE ROUGET-PERS;CANTAL;2.235482849392558;44.85662032700179
Denain;DENAIN;NORD;3.388740947285732;50.33465820507646
Chaville-Rive-Droite;CHAVILLE;HAUTS-DE-SEINE;2.187854438207451;48.812054119748325
Molinges;CHASSAL-MOLINGES;JURA;5.768147950993843;46.35703353199777
Challans;CHALLANS;VENDEE;-1.871615855457103;46.84395471231423
Dardilly-les-Mouilles;ECULLY;RHONE;4.760077445397871;45.79647556364824
Mont-de-Marsan;MONT-DE-MARSAN;LANDES;-0.504121478227996;43.884703935113855
Longueau;LONGUEAU;SOMME;2.35207682316365;49.86443764839586
Salon;SALON-DE-PROVENCE;BOUCHES-DU-RHONE;5.088449456368936;43.63903995373267
Lalbenque-Fontanes;FONTANES;LOT;1.511567988642954;44.332798411556034
Remelfing;REMELFING;MOSELLE;7.09185533413615;49.091408859223534
Jardres;JARDRES;VIENNE;0.560320283222388;46.56353108511348
Ecommoy;ECOMMOY;SARTHE;0.26900460498187;47.82451649086021
Casino-Lacroix-Laval;LA TOUR-DE-SALVAGNY;RHONE;4.72974509462416;45.788489228914436
Les Yvris-Noisy-le-Grand;NOISY-LE-GRAND;SEINE-SAINT-DENIS;2.579204206954621;48.82348530363406
Sanry-sur-Nied;SANRY-SUR-NIED;MOSELLE;6.339900100336438;49.04462358146033
Epanvilliers;BLANZAY;VIENNE;0.23583521002164;46.226901878970985
Les Cabannes;LES CABANNES;ARIEGE;1.68626685124549;42.78643042874622
Chaponost;CHAPONOST;RHONE;4.764649154604175;45.69884679639
Banyuls-sur-Mer;BANYULS-SUR-MER;PYRENEES-ORIENTALES;3.124865814209837;42.48289092162868
Bidos;BIDOS;PYRENEES-ATLANTIQUES;-0.608394318244008;43.1807912540399
Dole;DOLE;JURA;5.488538671427538;47.09655306427534
Couiza-Montazels;MONTAZELS;AUDE;2.248224891007013;42.94241062749167
St-Mesmin;SAINT-MESMIN;AUBE;3.925603336237725;48.43855321993468
Cavignac;CAVIGNAC;GIRONDE;-0.382088544171215;45.10529377137038
La Possonniere;LA POSSONNIERE;MAINE-ET-LOIRE;-0.694762356816196;47.371036813679304
Bobigny;BOBIGNY;SEINE-SAINT-DENIS;2.430598577289248;48.91092382901657
Sommery;SOMMERY;SEINE-MARITIME;1.435776769491687;49.629463064450185
Raon-l'Etape;RAON-L'ETAPE;VOSGES;6.836859952448485;48.40373133965493
Wissous;WISSOUS;ESSONNE;2.330890650909546;48.74116484835196
La Barasse;MARSEILLE;BOUCHES-DU-RHONE;5.483977494147927;43.28603146046953
Sarlieve-Cournon;COURNON-D'AUVERGNE;PUY-DE-DOME;3.167945348365505;45.73875046844152
Crepy-en-Valois;CREPY-EN-VALOIS;OISE;2.888407747778651;49.2311545881536
St-Chamas;SAINT-CHAMAS;BOUCHES-DU-RHONE;5.040135116190482;43.55105812225467
St-Victor;SAINT-MACLOU-DE-FOLLEVILLE;SEINE-MARITIME;1.109879114118333;49.6771262477806
Sartrouville;SARTROUVILLE;YVELINES;2.156985752409053;48.937630467980924
Gragnague;GRAGNAGUE;HAUTE-GARONNE;1.567811017541112;43.69649898572073
La Basse-Indre-St-Herblain;SAINT-HERBLAIN;LOIRE-ATLANTIQUE;-1.660234706510865;47.20418674117419
Siorac-en-Perigord;SIORAC-EN-PERIGORD;DORDOGNE;0.984429120548206;44.819746174845925
Epinay-sur-Seine;EPINAY-SUR-SEINE;SEINE-SAINT-DENIS;2.302366002235401;48.95405714495835
Granville;GRANVILLE;MANCHE;-1.586871632173377;48.83876182369025
Sathonay-Rillieux;RILLIEUX-LA-PAPE;RHONE;4.875347320967258;45.819697185967875
Chemin-d'Antony;ANTONY;HAUTS-DE-SEINE;2.3125795585876;48.74790944795252
Boisleux;BOISLEUX-AU-MONT;PAS-DE-CALAIS;2.771761055202263;50.210186413825184
Onville;ONVILLE;MEURTHE-ET-MOSELLE;5.981216914241033;49.0132836053572
Carbonne;CARBONNE;HAUTE-GARONNE;1.211587462527255;43.29766495548215
St-Rambert-d'Albon;SAINT-RAMBERT-D'ALBON;DROME;4.81054017375535;45.297927817374116
Courcelles-le-Comte;COURCELLES-LE-COMTE;PAS-DE-CALAIS;2.788039555266339;50.16926361276849
Mantes-la-Jolie;MANTES-LA-JOLIE;YVELINES;1.703121757851209;48.98944102486203
Malansac;MALANSAC;MORBIHAN;-2.295341097594994;47.67554186869083
St-Cyr-en-Val-La Source;SAINT-CYR-EN-VAL;LOIRET;1.947655298634261;47.81990993370836
La Guierche;LA GUIERCHE;SARTHE;0.193217777167323;48.11405392276398
Houilles-Carrieres-sur-Seine;HOUILLES;YVELINES;2.184634788783192;48.92078365152306
Commentry;COMMENTRY;ALLIER;2.740155183201145;46.29526841600905
Meymac;MEYMAC;CORREZE;2.163697861677172;45.53002999690653
Eu;EU;SEINE-MARITIME;1.417043629858885;50.05438729309592
La Defense;PUTEAUX;HAUTS-DE-SEINE;2.238471684534599;48.89343723770491
Montpellier Sud-de-France;LATTES;HERAULT;3.913503031859993;43.59059396781462
Buno-Gironville;BUNO-BONNEVAUX;ESSONNE;2.387007586562321;48.37033137332853
Couilly-St-Germain;SAINT-GERMAIN-SUR-MORIN;SEINE-ET-MARNE;2.85423876033952;48.88268311019452
Aubiat;AUBIAT;PUY-DE-DOME;3.160423216545076;45.98387527179955
Marmagne;MARMAGNE;CHER;2.282794642929905;47.09990251736413
Le Teil;LE TEIL;ARDECHE;4.686672580575165;44.553267675698564
Lacq;LACQ;PYRENEES-ATLANTIQUES;-0.627149022146314;43.411890435789275
Rilly-la-Montagne;RILLY-LA-MONTAGNE;MARNE;4.040905519057281;49.16647916815051
Mauves-sur-Loire;MAUVES-SUR-LOIRE;LOIRE-ATLANTIQUE;-1.389123609528093;47.2928631547842
Chamborigaud;CHAMBORIGAUD;GARD;3.979429869919518;44.30032167784233
Arc-et-Senans;ARC-ET-SENANS;DOUBS;5.776756496835827;47.03027182366823
Bellenaves;BELLENAVES;ALLIER;3.06661488746179;46.1993421123937
Pommevic;POMMEVIC;TARN-ET-GARONNE;0.931623064334532;44.102332049703115
Arnage;ARNAGE;SARTHE;0.190168380795902;47.92854691202431
Roubaix;ROUBAIX;NORD;3.16326951649233;50.69597348869033
Soultz-sous-Forets;SOULTZ-SOUS-FORETS;BAS-RHIN;7.882363784547405;48.934542607292265
Auneau;ROINVILLE;EURE-ET-LOIR;1.779725836820988;48.44533925016616
Bar-sur-Seine;BAR-SUR-SEINE;AUBE;4.381865469038444;48.11715793030451
Garancieres-la-Queue;GARANCIERES;YVELINES;1.764818944087776;48.810431284633346
Magnette;AUDES;ALLIER;2.60289881796548;46.46417168255882
Pavilly;PAVILLY;SEINE-MARITIME;0.950549944741356;49.564018446137425
Choisy-le-Roi;CHOISY-LE-ROI;VAL-DE-MARNE;2.411226698475802;48.76373968002745
Dunkerque;DUNKERQUE;NORD;2.369189693600089;51.02926760373617
Obermodern;OBERMODERN-ZUTZENDORF;BAS-RHIN;7.547134662886039;48.84206733643282
La Taye;SAINT-GEORGES-SUR-EURE;EURE-ET-LOIR;1.37368070148313;48.407905714722894
Tressin;TRESSIN;NORD;3.189459870932936;50.61212980136401
La Borne-Blanche;ORRY-LA-VILLE;OISE;2.50625898024577;49.1266367251084
St-Pierre-les-Elbeuf;SAINT-PIERRE-LES-ELBEUF;SEINE-MARITIME;1.036414144071982;49.26816913310937
Lamagistere;LAMAGISTERE;TARN-ET-GARONNE;0.825638491341149;44.126769874970755
Le Havre-Graville;LE HAVRE;SEINE-MARITIME;0.160871799514422;49.49977111315972
Weyersheim;WEYERSHEIM;BAS-RHIN;7.797037500770733;48.71798070228709
Quesnoy-le-Montant;QUESNOY-LE-MONTANT;SOMME;1.702417123690925;50.10883000876429
Courthezon;COURTHEZON;VAUCLUSE;4.888305271096914;44.08991024825616
Courcay-Tauxigny;COURCAY;INDRE-ET-LOIRE;0.867626446644848;47.23783327127832
La Rochelle-Ville;LA ROCHELLE;CHARENTE-MARITIME;-1.145160124084131;46.15251607781638
St-Amarin;SAINT-AMARIN;HAUT-RHIN;7.028770938676973;47.87280143803592
Pombliere-St-Marcel;SAINT-MARCEL;SAVOIE;6.562693270316035;45.50485971207539
Loisy-sur-Marne;LOISY-SUR-MARNE;MARNE;4.540436905103517;48.75913519070328
Vauzelles;VARENNES-VAUZELLES;NIEVRE;3.134367946645677;47.00137653347217
Contrexeville;CONTREXEVILLE;VOSGES;5.89060025319197;48.179604336817256
Trentels-Ladignac;TRENTELS;LOT-ET-GARONNE;0.885032688721147;44.442969849702706
Glos-Montfort;GLOS-SUR-RISLE;EURE;0.682915013085162;49.271289521705874
Villiers-le-Bel-Gonesse-Arnouville;ARNOUVILLE;VAL-D'OISE;2.417110370855272;48.994495033295564
Charmant;BOISNE-LA TUDE;CHARENTE;0.162308672262789;45.49861546570347
Clamecy;CLAMECY;NIEVRE;3.52059693667432;47.466740174528674
Les Bossons;CHAMONIX-MONT-BLANC;HAUTE-SAVOIE;6.839176062505559;45.906801626204796
Bitschwiller (Haut-Rhin);BITSCHWILLER-LES-THANN;HAUT-RHIN;7.07825223339086;47.82770586464642
Geispolsheim;GEISPOLSHEIM;BAS-RHIN;7.685083470275864;48.52118957771497
Brax-Leguevin;BRAX;HAUTE-GARONNE;1.237247625236942;43.61463097496825
Metz-Marchandises;METZ;MOSELLE;6.183863414579897;49.100659074501586
Bagnols-Chadenet;CHADENET;LOZERE;3.628354122404666;44.528613895562785
Bricy-Boulay;BRICY;LOIRET;1.777927377174516;47.99475427706965
Limersheim;HIPSHEIM;BAS-RHIN;7.659682253417969;48.46072588082999
Les Houches;LES HOUCHES;HAUTE-SAVOIE;6.796921584251566;45.89369698837576
Tierce;TIERCE;MAINE-ET-LOIRE;-0.469527770762688;47.617621633630044
Taconnaz;LES HOUCHES;HAUTE-SAVOIE;6.826163255122993;45.89940561382989
Avignon-Centre;AVIGNON;VAUCLUSE;4.805218639819437;43.94117071044904
Givet;GIVET;ARDENNES;4.817813644678012;50.14091292925688
Le Poirier-Universite;TRITH-SAINT-LEGER;NORD;3.502981080149934;50.33156717364174
Puyoo;PUYOO;PYRENEES-ATLANTIQUES;-0.910387223324467;43.5244736658064
St-Pol-sur-Ternoise;SAINT-POL-SUR-TERNOISE;PAS-DE-CALAIS;2.339890160465944;50.378797205158335
St-Pierre-la-Cour;SAINT-PIERRE-LA-COUR;MAYENNE;-1.025299150588251;48.11359965015547
St-Andre-de-l'Eure;SAINT-ANDRE-DE-L'EURE;EURE;1.269858425662439;48.90556179077907
Coueron;COUERON;LOIRE-ATLANTIQUE;-1.723455787961951;47.2219940667114
Louveciennes;LOUVECIENNES;YVELINES;2.123170163283053;48.861210380239655
Bailleul-sur-Therain;BAILLEUL-SUR-THERAIN;OISE;2.208060835511774;49.39271225655315
St-Brieuc;SAINT-BRIEUC;COTES-D'ARMOR;-2.773798977672474;48.50824301357313
Salles-Courbaties;SALLES-COURBATIES;AVEYRON;2.079196516726654;44.47551460594185
Lerouville;LEROUVILLE;MEUSE;5.538682641261615;48.79706696043889
Melun;MELUN;SEINE-ET-MARNE;2.653351571923359;48.527847951884176
Tournon-St-Martin;TOURNON-SAINT-MARTIN;INDRE;0.958259265092073;46.73692973710935
St-Denis-Catus;SAINT-DENIS-CATUS;LOT;1.385522780857853;44.56004171447197
Igny;IGNY;ESSONNE;2.231029024422673;48.740122666316715
Thun-le-Paradis;MEULAN-EN-YVELINES;YVELINES;1.920156337778501;49.00678520012826
Bruyeres;BRUYERES;VOSGES;6.718739829467096;48.20497265363045
Bourgoin-Jallieu;BOURGOIN-JALLIEU;ISERE;5.274278579582624;45.583899715422376
St-Egreve-St-Robert;SAINT-EGREVE;ISERE;5.671078139085873;45.23507262058304
St-Cloud;SAINT-CLOUD;HAUTS-DE-SEINE;2.217268558847178;48.84520711744761
Bussy-Lettree-Vatry;BUSSY-LETTREE;MARNE;4.248053300818545;48.80845837961702
Grand-Quevilly;LE GRAND-QUEVILLY;SEINE-MARITIME;1.037444339853439;49.41212800850498
Brunemont;BRUNEMONT;NORD;3.146083415609879;50.27814084091143
Etain;ETAIN;MEUSE;5.639775631923459;49.207571572161164
Brive-la-Gaillarde;BRIVE-LA-GAILLARDE;CORREZE;1.528412956598483;45.15212435536527
Mommenheim;MOMMENHEIM;BAS-RHIN;7.642507551665085;48.75567060940308
Gallieni-Canceropole;TOULOUSE;HAUTE-GARONNE;1.420202143406756;43.572133054000425
Tarascon;TARASCON;BOUCHES-DU-RHONE;4.65779203971903;43.801275854283546
Bully-Grenay;GRENAY;PAS-DE-CALAIS;2.733454586897588;50.44851956824207
St-Maurice-de-Beynost;SAINT-MAURICE-DE-BEYNOST;AIN;4.976803928916588;45.827259754287724
Questembert;QUESTEMBERT;MORBIHAN;-2.449620953911625;47.683185303972046
Dardilly-le-Jubin;DARDILLY;RHONE;4.761303255176433;45.81524855211635
Verdun;VERDUN;MEUSE;5.378755568857466;49.16551301257006
Survilliers-Fosses;FOSSES;VAL-D'OISE;2.525645090544201;49.1001293237322
Pont-Cardinet;PARIS;PARIS;2.314631488448549;48.88778335572669
La Fresnais;LA FRESNAIS;ILLE-ET-VILAINE;-1.843170060832675;48.59366306337683
Arzembouy;ARZEMBOUY;NIEVRE;3.380930533420509;47.25245295692108
Eu;EU;SEINE-MARITIME;1.416800758468185;50.05433701803559
Pouxeux;POUXEUX;VOSGES;6.581041457042632;48.10394952481344
Molsheim;MOLSHEIM;BAS-RHIN;7.500117588274114;48.53746862797946
Haluchere-Batignolles;NANTES;LOIRE-ATLANTIQUE;-1.522545375703279;47.24914745560844
Herbeauvilliers;BUTHIERS;SEINE-ET-MARNE;2.48056514912169;48.28795027224733
Brioude;BRIOUDE;HAUTE-LOIRE;3.378735969942512;45.300607050091536
Liancourt-St-Pierre;LIANCOURT-SAINT-PIERRE;OISE;1.905540770738303;49.22057380079402
Amplepuis;AMPLEPUIS;RHONE;4.327214357367171;45.97049539677039
Evian-les-Bains;EVIAN-LES-BAINS;HAUTE-SAVOIE;6.578426619097867;46.39775287167254
Le Meux-la-Croix-St-Ouen;LE MEUX;OISE;2.753199415737212;49.35937558804511
Domont;DOMONT;VAL-D'OISE;2.337670502334622;49.03280583632308
Rothau;ROTHAU;BAS-RHIN;7.207432343690648;48.45922303173024
Lepanges;LEPANGES-SUR-VOLOGNE;VOSGES;6.672321134908765;48.17273700973926
Nanteuil-le-Haudouin;NANTEUIL-LE-HAUDOUIN;OISE;2.793984979261508;49.142367029219045
Orchies;ORCHIES;NORD;3.249248747648426;50.47723062459998
Donges;DONGES;LOIRE-ATLANTIQUE;-2.071624327315269;47.30873250139083
Aulnay-sous-Bois;AULNAY-SOUS-BOIS;SEINE-SAINT-DENIS;2.494534649817342;48.9322956659189
Argenton-sur-Creuse;ARGENTON-SUR-CREUSE;INDRE;1.516130340379536;46.59453944164937
Tieffenbach-Struth;TIEFFENBACH;BAS-RHIN;7.255222037197649;48.90631229003307
Le Theil-La Rouge;VAL-AU-PERCHE;ORNE;0.694307756121528;48.26727409927828
Anor;ANOR;NORD;4.093248950310058;49.98483985000192
Osny;OSNY;VAL-D'OISE;2.05788773368052;49.062936472512014
Lepin-le-Lac-La Bauche;LEPIN-LE-LAC;SAVOIE;5.765188064755025;45.54163587165105
Dontrien;DONTRIEN;MARNE;4.412237746830279;49.244421840331825
Ailly-sur-Somme;AILLY-SUR-SOMME;SOMME;2.200728631856053;49.928468237121315
Couffoulens-Leuc;COUFFOULENS;AUDE;2.316895616554444;43.15519722029429
Font-Romeu-Odeillo-Via;FONT-ROMEU-ODEILLO-VIA;PYRENEES-ORIENTALES;2.038504116632243;42.49121703762055
Noyelles-sur-Mer;NOYELLES-SUR-MER;SOMME;1.704777772757723;50.18738749356479
Bollwiller;BOLLWILLER;HAUT-RHIN;7.267489660902709;47.85663310563501
Culoz;CULOZ;AIN;5.778956896160888;45.84323198229851
Chevillon;CHEVILLON;HAUTE-MARNE;5.111915412992605;48.524136298974575
Ribecourt;RIBECOURT-DRESLINCOURT;OISE;2.92742032150137;49.50611181790263
Provencheres-sur-Fave;PROVENCHERES-ET-COLROY;VOSGES;7.085467242225603;48.304571125133776
Chaingy-Fourneaux-Plage;CHAINGY;LOIRET;1.78236689604965;47.87701691083584
Pons;PONS;CHARENTE-MARITIME;-0.538959333426995;45.578136206906485
Traou-Nez;PLOURIVO;COTES-D'ARMOR;-3.135155258100393;48.748555046136225
Fort-l'Ecluse-Collonges;COLLONGES;AIN;5.91015789850506;46.12791084987178
Antheor-Cap-Roux;SAINT-RAPHAEL;VAR;6.892085861842398;43.43506972818664
Le Creusot-Montceau-Montchanin;ECUISSES;SAONE-ET-LOIRE;4.500111834654999;46.765214479645465
St-Mariens-St-Yzan;SAINT-YZAN-DE-SOUDIAC;GIRONDE;-0.391511404296322;45.13925731428566
Graffenwald;WITTELSHEIM;HAUT-RHIN;7.225486994176615;47.780541851830634
Varilhes;VARILHES;ARIEGE;1.628432371769582;43.04150500836928
Reichstett;REICHSTETT;BAS-RHIN;7.779225055089902;48.64071266166891
Allee-de-la-Tour-Rendez-Vous;VILLEMOMBLE;SEINE-SAINT-DENIS;2.506173573505654;48.8968204761102
St-Savinien-sur-Charente;SAINT-SAVINIEN;CHARENTE-MARITIME;-0.677700531079588;45.875818750519606
Rolleville;ROLLEVILLE;SEINE-MARITIME;0.216204124828113;49.58159247227933
Longue;LONGUE-JUMELLES;MAINE-ET-LOIRE;-0.113931794943756;47.38689457654846
Estavar;ESTAVAR;PYRENEES-ORIENTALES;2.01781999265747;42.463245926187646
Matzenheim;MATZENHEIM;BAS-RHIN;7.619474990958996;48.39883366259973
Royan;ROYAN;CHARENTE-MARITIME;-1.016368194834231;45.625725605213496
Santes;SANTES;NORD;2.961583049419886;50.59144997814641
Vic-sur-Cere;VIC-SUR-CERE;CANTAL;2.631606704849296;44.97582914922226
Avion;AVION;PAS-DE-CALAIS;2.83348213523712;50.40641774322604
Chinon;CHINON;INDRE-ET-LOIRE;0.250971132208373;47.16222550109984
Chamousset;CHAMOUSSET;SAVOIE;6.206428114711068;45.5575691552231
Langres;LANGRES;HAUTE-MARNE;5.342951760770218;47.87816408447368
St-Lo;SAINT-LO;MANCHE;-1.100248572383272;49.11670631267157
Sous-le-Bois;MAUBEUGE;NORD;3.939985181481018;50.26557144191194
Fouquereuil;FOUQUEREUIL;PAS-DE-CALAIS;2.607471079829125;50.52546051723512
Brou;BROU;EURE-ET-LOIR;1.160435728934992;48.2156024100046
Lamballe;LAMBALLE-ARMOR;COTES-D'ARMOR;-2.505846671460811;48.46607846756016
La Levade;LA GRAND-COMBE;GARD;4.010335710716527;44.22854435129834
Anvin;ANVIN;PAS-DE-CALAIS;2.25518966492238;50.44687493760667
La Loupe;LA LOUPE;EURE-ET-LOIR;1.010743252506425;48.47390507579514
Fontaine-le-Port;FONTAINE-LE-PORT;SEINE-ET-MARNE;2.75122393525311;48.48715805687002
Le Quesnoy;LE QUESNOY;NORD;3.650296076989083;50.24878193331355
Auchy-les-Hesdin;LE PARCQ;PAS-DE-CALAIS;2.089690868436807;50.39244422062563
Campagne;CAMPAGNE-SUR-AUDE;AUDE;2.205488639530065;42.916747949686076
Epouville;EPOUVILLE;SEINE-MARITIME;0.223527011846048;49.56358541381649
Perigueux;PERIGUEUX;DORDOGNE;0.707234713744228;45.18720716632199
Thouars;THOUARS;DEUX-SEVRES;-0.207430288469058;46.98498345202708
Naucelle;NAUCELLE;AVEYRON;2.363718782362403;44.18591308494914
Dugny;DUGNY-SUR-MEUSE;MEUSE;5.385512174307485;49.11066700037663
Bedous;BEDOUS;PYRENEES-ATLANTIQUES;-0.60400220402708;42.99417774381658
St-Patrice;COTEAUX-SUR-LOIRE;INDRE-ET-LOIRE;0.309739375073303;47.28552890833406
Auterive;AUTERIVE;HAUTE-GARONNE;1.468589831135334;43.34889289615026
Tonnerre;TONNERRE;YONNE;3.97262297445225;47.859875894349855
Le Buisson;LE BUISSON-DE-CADOUIN;DORDOGNE;0.902142866488522;44.848771810933265
La Voulte-sur-Rhone;LA VOULTE-SUR-RHONE;ARDECHE;4.783697991645013;44.80585230933447
Azerailles;AZERAILLES;MEURTHE-ET-MOSELLE;6.695827234999588;48.491342488595826
Lathus;LATHUS-SAINT-REMY;VIENNE;0.96503739464116;46.338102890734426
Vierzon-Forges;VIERZON;CHER;2.099603609533491;47.209914975358984
Montmelian;MONTMELIAN;SAVOIE;6.043157170937188;45.50280071843924
Lannemezan;LANNEMEZAN;HAUTES-PYRENEES;0.387587610940335;43.114037900153804
Maison-Dieu (Yonne);GUILLON-TERRE-PLAINE;YONNE;4.021336217970121;47.50292981528543
Lancerf;PLOURIVO;COTES-D'ARMOR;-3.118137340554147;48.76182498430737
Coutras;COUTRAS;GIRONDE;-0.13140472065511;45.03671730971117
Lyon-St-Exupery-TGV;COLOMBIER-SAUGNIEU;RHONE;5.075877861112024;45.72093606755898
Aubigne-Racan;AUBIGNE-RACAN;SARTHE;0.26594787595703;47.68701088602898
Tournan;TOURNAN-EN-BRIE;SEINE-ET-MARNE;2.7594111728369;48.73932470497817
Lavoute-sur-Loire;LAVOUTE-SUR-LOIRE;HAUTE-LOIRE;3.90675398323392;45.12156206212578
Chessy;CHESSY;RHONE;4.622491842532392;45.885436471989564
Bordeaux-St-Jean;BORDEAUX;GIRONDE;-0.555977516187792;44.82592310199666
Bordeaux-St-Jean;BORDEAUX;GIRONDE;-0.555977516187792;44.82592310199666
Aguilcourt-Variscourt;AGUILCOURT;AISNE;3.973514617883735;49.40685314473819
Le Bugue;LE BUGUE;DORDOGNE;0.942786741879536;44.905806291346366
Le Boucau;BOUCAU;PYRENEES-ATLANTIQUES;-1.490487748192624;43.52332344080938
Wavrin;WAVRIN;NORD;2.935613086782622;50.57412319182417
Le Bec-d'Ambes;AMBES;GIRONDE;-0.57999703752587;45.02263255052982
Avenay;AVENAY-VAL-D'OR;MARNE;4.043516282016268;49.06469230378641
Thiennes;THIENNES;NORD;2.472464194753023;50.65191956984205
La Chaize-le-Vicomte;LA CHAIZE-LE-VICOMTE;VENDEE;-1.282253565628194;46.676786297020804
Fouday;FOUDAY;BAS-RHIN;7.187395299204552;48.42524781296892
Begles;BEGLES;GIRONDE;-0.55521704072682;44.799421962228195
Mericourt-Ribemont;MERICOURT-L'ABBE;SOMME;2.573385900620755;49.955790569210116
Nantiat;NANTIAT;HAUTE-VIENNE;1.156383699422615;46.00562135984305
Pontgouin;PONTGOUIN;EURE-ET-LOIR;1.141760067046591;48.47803747669013
Noisy-le-Roi;NOISY-LE-ROI;YVELINES;2.061649080341157;48.84149086039971
Montrabe;MONTRABE;HAUTE-GARONNE;1.525052702919897;43.64481281424004
St-Denis;SAINT-DENIS;SEINE-SAINT-DENIS;2.345336276531739;48.93590882107979
Paris-Nord-Souterraine;PARIS;PARIS;2.356160022572003;48.88164194198079
Ayron-Latille;AYRON;VIENNE;0.076403236533996;46.66343833806994
Bons-en-Chablais;BONS-EN-CHABLAIS;HAUTE-SAVOIE;6.36796561244969;46.2695472254679
Conflans-Fin-d'Oise;CONFLANS-SAINTE-HONORINE;YVELINES;2.074582660875173;48.98904473467146
Le Chambon-Feugerolles;LE CHAMBON-FEUGEROLLES;LOIRE;4.322061131250869;45.394671083648
Arvant;BOURNONCLE-SAINT-PIERRE;HAUTE-LOIRE;3.31053930071958;45.365318541611714
Nuits-sous-Ravieres;NUITS;YONNE;4.211943686294757;47.732775771551935
Chavenon;CHAVENON;ALLIER;2.939711917883879;46.41579644160492
Marles-en-Brie;LA HOUSSAYE-EN-BRIE;SEINE-ET-MARNE;2.867879658401937;48.73421090942715
Pont-de-Dore;PESCHADOIRES;PUY-DE-DOME;3.490208779623193;45.84281840911178
Pont-Cardinet;PARIS;PARIS;2.313386924980497;48.88764671655866
Saincaize;SAINCAIZE-MEAUCE;NIEVRE;3.07162716543181;46.93164731782984
Neuvy-sur-Loire;NEUVY-SUR-LOIRE;NIEVRE;2.882590640988795;47.51874719139584
Recquignies;RECQUIGNIES;NORD;4.044414592795842;50.28403349483933
Pont-l'Eveque;PONT-L'EVEQUE;CALVADOS;0.192213594065772;49.28708751413264
Gan;GAN;PYRENEES-ATLANTIQUES;-0.39146276503243;43.23429064615869
Trois-Puits;TROIS-PUITS;MARNE;4.038472078371393;49.20711771012249
Alleyras;ALLEYRAS;HAUTE-LOIRE;3.67331356088539;44.91879988332404
Vimy;VIMY;PAS-DE-CALAIS;2.822992264507032;50.373211284082856
Ostricourt;OSTRICOURT;NORD;3.032587932449784;50.44506905738173
Villers-sur-Mer;VILLERS-SUR-MER;CALVADOS;0.010053597155556;49.31587440070023
Longages-Noe;LONGAGES;HAUTE-GARONNE;1.251678243211147;43.35551025680668
Manosque-Greoux-les-Bains;MANOSQUE;ALPES-DE-HAUTE-PROVENCE;5.793010163891369;43.822739899302086
Aubiet;AUBIET;GERS;0.789299013245675;43.65004416378003
Dijon-Porte-Neuve;DIJON;COTE-D'OR;5.055292593964804;47.32281333200016
Dieppe;DIEPPE;SEINE-MARITIME;1.080970042677288;49.92140470001331
Vinay;VINAY;ISERE;5.41009916914368;45.207982766808804
Irigny-Yvours;IRIGNY;RHONE;4.832318048815101;45.68958680954203
Longpre-les-Corps-Saints;LONGPRE-LES-CORPS-SAINTS;SOMME;2.003192227062804;50.011439123217535
Joeuf;JUF;MEURTHE-ET-MOSELLE;6.017657524489059;49.22505202770137
Bedarrides;BEDARRIDES;VAUCLUSE;4.893026749190605;44.04081246780767
St-Pierre-du-Vauvray;SAINT-PIERRE-DU-VAUVRAY;EURE;1.224520268806071;49.23432189742478
Nancy-Ville;NANCY;MEURTHE-ET-MOSELLE;6.174101796891322;48.689702404399846
St-Fargeau;SAINT-FARGEAU-PONTHIERRY;SEINE-ET-MARNE;2.542704719224442;48.564574087372414
Viarmes;VIARMES;VAL-D'OISE;2.368714735306664;49.11682368393774
Osseja;OSSEJA;PYRENEES-ORIENTALES;1.977066179295433;42.41992974629941
Lille-Flandres;LILLE;NORD;3.071793000654148;50.636806000103945
Sous-le-Bois;MAUBEUGE;NORD;3.940584267527209;50.265725155601714
Armentieres;ARMENTIERES;NORD;2.877551431723409;50.68042290708868
Mauzens-Miremont;MAUZENS-ET-MIREMONT;DORDOGNE;0.956954114316355;44.9772768456455
Eguzon;EGUZON-CHANTOME;INDRE;1.552057610437628;46.442979457313996
Andelot;ANDELOT-EN-MONTAGNE;JURA;5.920846203868465;46.8584024088421
Trouville-Deauville;DEAUVILLE;CALVADOS;0.084564049824909;49.35975414891227
Cantin;CANTIN;NORD;3.121752682520115;50.31240554714561
Selles-St-Denis;SELLES-SAINT-DENIS;LOIR-ET-CHER;1.922420545589687;47.38850004436025
Coucy-les-Eppes;COUCY-LES-EPPES;AISNE;3.774746449146322;49.555959620211574
Le Lioran;LAVEISSIERE;CANTAL;2.753676794404809;45.090485050509
Crepy-en-Valois;CREPY-EN-VALOIS;OISE;2.888466783684187;49.2312224533266
St-Nom-la-Breteche-Foret-de-Marly;L'ETANG-LA-VILLE;YVELINES;2.051236366018679;48.86811840014396
Marquixanes;MARQUIXANES;PYRENEES-ORIENTALES;2.485420118174981;42.64272277309329
Aulnay-sous-Bois;AULNAY-SOUS-BOIS;SEINE-SAINT-DENIS;2.496825394762121;48.93195173138219
Donjeux;DONJEUX;HAUTE-MARNE;5.148488988847299;48.36612365379502
Loudun;LOUDUN;VIENNE;0.08292859255922;47.016152925681425
Villefranche-Vernet-les-Bains;FUILLA;PYRENEES-ORIENTALES;2.369774283231592;42.591589998903046
Monteux;MONTEUX;VAUCLUSE;4.994882112024842;44.0374616945272
Les Rosiers-sur-Loire;GENNES-VAL-DE-LOIRE;MAINE-ET-LOIRE;-0.220176788532197;47.36232359351266
Lozanne;LOZANNE;RHONE;4.682685080122432;45.854168191225845
St-Leonard-de-Noblat;SAINT-LEONARD-DE-NOBLAT;HAUTE-VIENNE;1.481632963257419;45.83215109814712
Calais-Ville;CALAIS;PAS-DE-CALAIS;1.850475991847154;50.953415887188775
Chevry;CHEVRY;AIN;6.039598080514081;46.280210190718094
Bollwiller;BOLLWILLER;HAUT-RHIN;7.267507504298965;47.856855094575494
Vendeuvre (Aube);VENDEUVRE-SUR-BARSE;AUBE;4.46747259924721;48.24030146833951
Lestrem;LESTREM;PAS-DE-CALAIS;2.678372968266216;50.63219436003466
St-Hilaire-Brizambourg;SAINT-HILAIRE-DE-VILLEFRANCHE;CHARENTE-MARITIME;-0.534862134197627;45.850163946574924
Altkirch;ALTKIRCH;HAUT-RHIN;7.23977513679141;47.62717228998658
Morgny;MORGNY-LA-POMMERAYE;SEINE-MARITIME;1.247800610647558;49.523175878440505
La Meyze;LA MEYZE;HAUTE-VIENNE;1.212602417879815;45.62079414050195
Argeles-sur-Mer;ARGELES-SUR-MER;PYRENEES-ORIENTALES;3.021638961103582;42.54403628665191
Lardenne;TOULOUSE;HAUTE-GARONNE;1.384146118118102;43.5965751605719
Landaul-Mendon;LANDAUL;MORBIHAN;-3.085773818880881;47.735407015445205
Reding;REDING;MOSELLE;7.09590016303089;48.74263748265532
Bas-Evette;EVETTE-SALBERT;TERRITOIRE-DE-BELFORT;6.807401662035622;47.68120394624195
Lille-Champ-de-Mars;RONCHIN;NORD;3.091025245805604;50.61546754976583
Le Stade;COLOMBES;HAUTS-DE-SEINE;2.260643405302341;48.931185166611584
Bauvin-Provin;BAUVIN;NORD;2.90504075604601;50.51167305704527
St-Louis-la-Chaussee;SAINT-LOUIS;HAUT-RHIN;7.533173473462446;47.608061345611056
Pougny-Chancy;POUGNY;AIN;5.961218073642614;46.14477712415199
Chanteloup-les-Vignes;CHANTELOUP-LES-VIGNES;YVELINES;2.027502235521161;48.97035209098213
Vivy;VIVY;MAINE-ET-LOIRE;-0.063381593471479;47.33132781271502
Scherwiller;SCHERWILLER;BAS-RHIN;7.430588256913284;48.286882007940456
Clerval;PAYS-DE-CLERVAL;DOUBS;6.492127092735171;47.39662136009772
Escalquens;ESCALQUENS;HAUTE-GARONNE;1.542600778570721;43.51659976397235
Layrac;LAYRAC;LOT-ET-GARONNE;0.664494266622702;44.1316787629252
Montlucon-Rimard;MONTLUCON;ALLIER;2.611452980449508;46.33555572684901
Gensac-la-Pallue;GENSAC-LA-PALLUE;CHARENTE;-0.250550676765578;45.65923090057697
Anglefort;ANGLEFORT;AIN;5.823704461958655;45.91490568489425
Selestat;SELESTAT;BAS-RHIN;7.443065956457046;48.26127138420181
Vezelise;VEZELISE;MEURTHE-ET-MOSELLE;6.10077558400842;48.48065805383515
Fraisses-Unieux;FRAISSES;LOIRE;4.26082706973773;45.39498150676741
Neuville-sur-Sarthe;NEUVILLE-SUR-SARTHE;SARTHE;0.199790147044718;48.07039776072107
Le Vieux-Briollay;BRIOLLAY;MAINE-ET-LOIRE;-0.482848531792104;47.5736927162519
Ecouflant;ECOUFLANT;MAINE-ET-LOIRE;-0.519612345592496;47.50367740358306
Sauveterre-la-Lemance;SAUVETERRE-LA-LEMANCE;LOT-ET-GARONNE;1.011584531057868;44.589475761347316
Frynaudour;PLOURIVO;COTES-D'ARMOR;-3.128588597562102;48.727962018982424
Gien;GIEN;LOIRET;2.636757350624025;47.698878641555325
Marseille-Maritime-Arenc;MARSEILLE;BOUCHES-DU-RHONE;5.367674799702303;43.330987291504954
Bains-les-Bains;LE CLERJUS;VOSGES;6.29523874819176;47.98122992977394
Aillevillers;CORBENAY;HAUTE-SAONE;6.332728777672446;47.909720094017686
Chindrieux;CHINDRIEUX;SAVOIE;5.846697892837232;45.80329859021544
Achiet;ACHIET-LE-GRAND;PAS-DE-CALAIS;2.780622102331761;50.13214093061863
St-Pe-de-Bigorre;SAINT-PE-DE-BIGORRE;HAUTES-PYRENEES;-0.161701582776416;43.10143630159228
Louhans;LOUHANS;SAONE-ET-LOIRE;5.215956085594542;46.6314307065044
Vaas;VAAS;SARTHE;0.316591784006382;47.67085414116616
Fumay;FUMAY;ARDENNES;4.692741480890238;49.98675789635713
Pont-de-Bois;VILLENEUVE-D'ASCQ;NORD;3.128349868303076;50.6240394149212
Reichshoffen-Ville;REICHSHOFFEN;BAS-RHIN;7.657962845741934;48.93068997897682
Carignan;CARIGNAN;ARDENNES;5.168335867304816;49.62853047515664
La Baule-Escoublac;LA BAULE-ESCOUBLAC;LOIRE-ATLANTIQUE;-2.389259977775439;47.28869813033697
Caudrot;CAUDROT;GIRONDE;-0.144916843145097;44.5802046553113
Sarreguemines;SARREGUEMINES;MOSELLE;7.068669692711919;49.10675765152767
La Baule-les-Pins;LA BAULE-ESCOUBLAC;LOIRE-ATLANTIQUE;-2.364822512895838;47.28370632606419
Benestroff;BENESTROFF;MOSELLE;6.750621173901005;48.9061919533545
Mousteru;BOURBRIAC;COTES-D'ARMOR;-3.242782593047977;48.50779865852206
Batilly;BATILLY;MEURTHE-ET-MOSELLE;5.971846345350173;49.16633828912713
Gemeaux;GEMEAUX;COTE-D'OR;5.129734642399783;47.47814146694035
Monthois;MONTHOIS;ARDENNES;4.712480189517033;49.324836500040774
Bollene-la-Croisiere;BOLLENE;VAUCLUSE;4.708148184793457;44.271542331649364
Etang;ETANG-SUR-ARROUX;SAONE-ET-LOIRE;4.183713530019221;46.868012419549025
Cannes-la-Bocca;CANNES;ALPES-MARITIMES;6.986338060282122;43.54903243108161
Petit-Couronne;PETIT-COURONNE;SEINE-MARITIME;1.023478305804816;49.38221419128025
Muret;MURET;HAUTE-GARONNE;1.323643762604224;43.46395527124194
Coarraze-Nay;COARRAZE;PYRENEES-ATLANTIQUES;-0.241804210231492;43.18171577861642
Chasserades;MONT LOZERE ET GOULET;LOZERE;3.839817631340908;44.553902953903226
Coudekerque-Branche;COUDEKERQUE-BRANCHE;NORD;2.375589735739861;51.01696058094301
Les Gresillons;GENNEVILLIERS;HAUTS-DE-SEINE;2.314073814725131;48.92011985084626
Belfort-Montbeliard-TGV;MEROUX-MOVAL;TERRITOIRE-DE-BELFORT;6.898445295065638;47.58602332147397
St-Saviol;SAINT-SAVIOL;VIENNE;0.217824635463402;46.14701859092328
Calais-Frethun;FRETHUN;PAS-DE-CALAIS;1.811555402785079;50.9015707880651
La Possonniere;LA POSSONNIERE;MAINE-ET-LOIRE;-0.694419784842231;47.371091352025
Wattignies-Templemars;TEMPLEMARS;NORD;3.051235483877137;50.57837888518604
Dieulouard;DIEULOUARD;MEURTHE-ET-MOSELLE;6.071541266219483;48.84382867601292
St-Paul-de-Varax;SAINT-PAUL-DE-VARAX;AIN;5.128115701915889;46.1001189819199
La Penne-sur-Huveaune;LA PENNE-SUR-HUVEAUNE;BOUCHES-DU-RHONE;5.515553840898035;43.284789141416624
Vallorcine;VALLORCINE;HAUTE-SAVOIE;6.932883996112776;46.03240057345807
Aixe-sur-Vienne;AIXE-SUR-VIENNE;HAUTE-VIENNE;1.145647625204983;45.79649852975975
Tours;TOURS;INDRE-ET-LOIRE;0.69555679219247;47.38792066135387
Plechatel;PLECHATEL;ILLE-ET-VILAINE;-1.776537138243784;47.87205414636025
St-Nazaire;SAINT-NAZAIRE;LOIRE-ATLANTIQUE;-2.211324800004774;47.28676363953024
Triel-sur-Seine;TRIEL-SUR-SEINE;YVELINES;2.006151763273637;48.98092617764641
Lamotte-Breuil;TROSLY-BREUIL;OISE;2.998272517014563;49.405156010797235
Colmar;COLMAR;HAUT-RHIN;7.349087420944785;48.075310117840175
Novillars;NOVILLARS;DOUBS;6.132814644078752;47.28396223971061
Roeux;RUX;PAS-DE-CALAIS;2.894663063869079;50.30353095017339
Artonges;DHUYS ET MORIN-EN-BRIE;AISNE;3.542344028502329;48.92659927853086
Libercourt;LIBERCOURT;PAS-DE-CALAIS;3.008776421585093;50.47955213929722
Montpellier-St-Roch;MONTPELLIER;HERAULT;3.882757509959065;43.606091075648855
Chevremont;CHEVREMONT;TERRITOIRE-DE-BELFORT;6.921711486962711;47.621693216603305
Sorcy;SORCY-SAINT-MARTIN;MEUSE;5.669522404973221;48.71756010209895
Vif;VIF;ISERE;5.684607331796149;45.047842612022485
Paul-Emile-Victor;CHAMPAGNOLE;JURA;5.919809604655679;46.74261626614565
Chatel-Nomexy;NOMEXY;VOSGES;6.387540083828062;48.30712626879246
Oderen;ODEREN;HAUT-RHIN;6.973583940197528;47.91183401357484
Loos-lez-Lille;LOOS;NORD;3.016580779523829;50.6127400445533
Chantonnay;CHANTONNAY;VENDEE;-1.054574069558356;46.68978994134723
Le Monastier;BOURGS SUR COLAGNE;LOZERE;3.25131729499557;44.50637197519356
Monsempron-Libos;MONSEMPRON-LIBOS;LOT-ET-GARONNE;0.941246069893637;44.48651614118785
Villeneuve-l'Archeveque;MOLINONS;YONNE;3.547526386902263;48.2384166747683
Roppenheim;ROPPENHEIM;BAS-RHIN;8.05980690889564;48.849608768501895
Marly-le-Roi;MARLY-LE-ROI;YVELINES;2.096708277199224;48.871454152794996
Entrains;ENTRAINS-SUR-NOHAIN;NIEVRE;3.261172544500063;47.46467046023842
Vaulry;VAULRY;HAUTE-VIENNE;1.109087939398972;46.02476599958137
Epone-Mezieres;EPONE;YVELINES;1.811201608702701;48.96343643154164
Lezennes;LILLE;NORD;3.098512492228862;50.62039250895139
Breteuil-Embranchement;BACOUEL;OISE;2.384230934090904;49.62668016310979
Valleiry;VALLEIRY;HAUTE-SAVOIE;5.967003885403025;46.109426764618924
Veynes-Devoluy;VEYNES;HAUTES-ALPES;5.815941234250181;44.5318792637303
Montbartier;MONTBARTIER;TARN-ET-GARONNE;1.264496752994648;43.924147822140164
Neuvic;NEUVIC;DORDOGNE;0.445212384622905;45.09983757266865
St-Germain-en-Laye-Bel-Air-Fourqueux;SAINT-GERMAIN-EN-LAYE;YVELINES;2.069813164581138;48.894567467109496
St-Germain-en-Laye-Grande-Ceinture;SAINT-GERMAIN-EN-LAYE;YVELINES;2.072918440915781;48.90359235418844
Chagny;CHAGNY;SAONE-ET-LOIRE;4.748512785967911;46.90691709262189
Masseret;MASSERET;CORREZE;1.541344325692093;45.536688021118316
Suevres;SUEVRES;LOIR-ET-CHER;1.454682135115395;47.680632998722544
Don-Sainghin;SAINGHIN-EN-WEPPES;NORD;2.913559057969857;50.551472314779616
Grenoble-Universite-Gieres;GIERES;ISERE;5.784641753561916;45.184967707601984
Esvres;ESVRES;INDRE-ET-LOIRE;0.781573759630258;47.28412187786619
Laigneville;LAIGNEVILLE;OISE;2.449081109849179;49.29323143422546
Stains-Cerisaie TT;STAINS;SEINE-SAINT-DENIS;2.391658086990002;48.95468724360871
Le Merlerault;LE MERLERAULT;ORNE;0.283314238294342;48.702520171465096
Montgeroult-Courcelles;MONTGEROULT;VAL-D'OISE;2.003781236555363;49.0804673352717
Gandrange-Amneville;AMNEVILLE;MOSELLE;6.135942550081968;49.260879766029134
St-Ay;SAINT-AY;LOIRET;1.74976615763334;47.863047055007016
Hermes-Berthecourt;BERTHECOURT;OISE;2.241637723071335;49.35440134787764
La Fontaine;WAVRIN;NORD;2.925689632236974;50.56515486976472
Issou-Porcheville;ISSOU;YVELINES;1.785410737905602;48.97925034069754
Pleudihen;PLEUDIHEN-SUR-RANCE;COTES-D'ARMOR;-1.961688851097427;48.4994063433459
La Chartre-sur-le-Loir;LA CHARTRE-SUR-LE-LOIR;SARTHE;0.58192907937748;47.740608360158774
St-Avold;VALMONT;MOSELLE;6.720845777989539;49.085756972482976
Villeneuve-la-Comtesse;VILLENEUVE-LA-COMTESSE;CHARENTE-MARITIME;-0.513011750386122;46.09871488224444
Bigny;VALLENAY;CHER;2.368230050773003;46.80190372174331
Metz-Nord;METZ;MOSELLE;6.166700571300231;49.13697530269247
Colomiers-Lycee-International;COLOMIERS;HAUTE-GARONNE;1.314098348719947;43.61645499022699
Saulxures;COLROY-LA-ROCHE;BAS-RHIN;7.148133697254386;48.389842359968284
Fos-sur-Mer;PORT-DE-BOUC;BOUCHES-DU-RHONE;4.974723323859059;43.42808949860721
Wilwisheim;WILWISHEIM;BAS-RHIN;7.5076520421221;48.745911662028554
Mazieres-Verruyes;VERRUYES;DEUX-SEVRES;-0.307921453314562;46.533030608257725
Tergnier;TERGNIER;AISNE;3.296711314334675;49.65939608333372
Vauboyen;JOUY-EN-JOSAS;ESSONNE;2.191964635404658;48.75926108772385
Agonac;AGONAC;DORDOGNE;0.748705624293986;45.286590073064275
Bertrichamps;BERTRICHAMPS;MEURTHE-ET-MOSELLE;6.791349301845821;48.42834511108835
Rodez;RODEZ;AVEYRON;2.580264601812115;44.36265275692083
Paulhaguet;SALZUIT;HAUTE-LOIRE;3.500321277993668;45.210402946711454
Les Vallees;COLOMBES;HAUTS-DE-SEINE;2.254739481701673;48.91375711288276
Broons;BROONS;COTES-D'ARMOR;-2.23584863546406;48.33337010660816
Toulouse-Matabiau;TOULOUSE;HAUTE-GARONNE;1.454396139877268;43.610699417180236
Joue-les-Tours;JOUE-LES-TOURS;INDRE-ET-LOIRE;0.665780709721447;47.35446873807753
Blangy-sur-Bresle;BLANGY-SUR-BRESLE;SEINE-MARITIME;1.625954206804477;49.93252195847866
Cintegabelle;CINTEGABELLE;HAUTE-GARONNE;1.520565037259206;43.305245269871435
Colroy-Lubine;PROVENCHERES-ET-COLROY;VOSGES;7.131273436179746;48.314561952442055
Ste-Lizaigne;MIGNY;INDRE;2.031438251825841;47.00644997654508
Massiac;MASSIAC;CANTAL;3.196485121914399;45.2537520440839
Barentin-Embranchement;BARENTIN;SEINE-MARITIME;0.955077297998753;49.54826901644424
Comines;COMINES;NORD;3.011150953458492;50.76163800939196
Sucy-Bonneuil;SUCY-EN-BRIE;VAL-DE-MARNE;2.507810873732934;48.77101864969921
Figeac;FIGEAC;LOT;2.03782039069438;44.60378724957991
Tacoignieres-Richebourg;TACOIGNIERES;YVELINES;1.668976477416391;48.829383318825045
Farschviller;FARSCHVILLER;MOSELLE;6.908157436156166;49.08798798160462
St-Maixent-l'Ecole;SAINT-MAIXENT-L'ECOLE;DEUX-SEVRES;-0.201124480577793;46.40649034311194
Cambo-les-Bains;CAMBO-LES-BAINS;PYRENEES-ATLANTIQUES;-1.396682419231188;43.365557931703904
Poitiers;POITIERS;VIENNE;0.332786866293225;46.582364264631224
La Chaussee-St-Victor;LA CHAUSSEE-SAINT-VICTOR;LOIR-ET-CHER;1.354420280026798;47.613178498938076
Hayange;HAYANGE;MOSELLE;6.073242998073649;49.33057951169595
Isbergues;ISBERGUES;PAS-DE-CALAIS;2.463017016054724;50.61399065500684
Einvaux;EINVAUX;MEURTHE-ET-MOSELLE;6.393118791209494;48.50340331783305
Labege-Village;LABEGE;HAUTE-GARONNE;1.533297950311996;43.53018571636624
Ruminghem;RUMINGHEM;PAS-DE-CALAIS;2.159589176929757;50.86134464617019
Macon-Ville;MACON;SAONE-ET-LOIRE;4.824546353595596;46.302759062194916
Paris-La Villette-Hebert;PARIS;PARIS;2.370958918896541;48.895205028428535
Vendome;VENDOME;LOIR-ET-CHER;1.071443262417307;47.80265990529335
Amilly-Ouerray;AMILLY;EURE-ET-LOIR;1.389245105382949;48.438300570011556
Villenouvelle;VILLENOUVELLE;HAUTE-GARONNE;1.661154814145699;43.43298489490394
Culmont-Chalindrey;CHALINDREY;HAUTE-MARNE;5.445906370699546;47.80846651260561
Dunkerque-Port-Ouest;LOON-PLAGE;NORD;2.199455668667488;51.00386285444905
Les Saules;ORLY;VAL-DE-MARNE;2.417557384233158;48.744859739009286
Vigeois;VIGEOIS;CORREZE;1.515629408130177;45.38311858914193
Antibes;ANTIBES;ALPES-MARITIMES;7.119225384209233;43.585886664132175
Mouzon;MOUZON;ARDENNES;5.069089194462988;49.60408051933817
Les Eyzies;LES EYZIES;DORDOGNE;1.008250410889942;44.941132296051244
Paris-Nord-Surface;PARIS;PARIS;2.356160022572003;48.88164194198079
Mouchard;MOUCHARD;JURA;5.800839231869734;46.9766808890851
Walheim;WALHEIM;HAUT-RHIN;7.263237578588667;47.64224629755549
La Rochelle-Porte-Dauphine;LA ROCHELLE;CHARENTE-MARITIME;-1.151998553462912;46.16751331576801
Les Sables-Blancs;PLOUHARNEL;MORBIHAN;-3.132440125682071;47.575228956476536
St-Marcellin;SAINT-MARCELLIN;ISERE;5.323719250144489;45.15080169096363
Magalas;MAGALAS;HERAULT;3.229498809992506;43.46767292795649
Nemours-St-Pierre;SAINT-PIERRE-LES-NEMOURS;SEINE-ET-MARNE;2.685589778050997;48.26782830861583
Les Deux Jumeaux;HENDAYE;PYRENEES-ATLANTIQUES;-1.764324138788818;43.36997529676284
Besancon-Viotte;BESANCON;DOUBS;6.021802404892518;47.24733508300953
Haguenau;HAGUENAU;BAS-RHIN;7.782988818634522;48.81001209128774
Bretigny;BRETIGNY-SUR-ORGE;ESSONNE;2.301424948919999;48.60524828991471
Chissay-en-Touraine;CHISSAY-EN-TOURAINE;LOIR-ET-CHER;1.133683878470545;47.33495546093258
St-Vit;SAINT-VIT;DOUBS;5.808992872887933;47.18364756351096
Pontanevaux;LA CHAPELLE-DE-GUINCHAY;SAONE-ET-LOIRE;4.772710941085322;46.213072656757255
Vitre;VITRE;ILLE-ET-VILAINE;-1.212365535123974;48.12252933513193
St-Etienne-Chateaucreux;SAINT-ETIENNE;LOIRE;4.399559786053118;45.44356445940451
Ceintrey;CEINTREY;MEURTHE-ET-MOSELLE;6.15726971622567;48.52467504061759
Boulainvilliers;PARIS;PARIS;2.275219889953156;48.85644696971221
Langon;LANGON;GIRONDE;-0.255643986763476;44.55546709832231
St-Andre-de-Cubzac;SAINT-ANDRE-DE-CUBZAC;GIRONDE;-0.439993851853121;44.99099671694959
Breil-sur-Roya;BREIL-SUR-ROYA;ALPES-MARITIMES;7.516574264591072;43.944432082643296
Aurec;AUREC-SUR-LOIRE;HAUTE-LOIRE;4.198273773642066;45.37091345410092
Thiviers;THIVIERS;DORDOGNE;0.921287324289545;45.4189745726381
Chalais;CHALAIS;CHARENTE;0.043488906033772;45.2707652420483
Beard;BEARD;NIEVRE;3.318262991726657;46.864610794532375
La Pauline-Hyeres;LA GARDE;VAR;6.035507873654393;43.1367969444849
Gargenville;GARGENVILLE;YVELINES;1.809192458890066;48.983008233963474
Les Longevilles-Rochejean;LONGEVILLES-MONT-D'OR;DOUBS;6.3047205341543;46.75254835088413
Ris-Orangis;RIS-ORANGIS;ESSONNE;2.414413081977818;48.65929001087892
Tours;TOURS;INDRE-ET-LOIRE;0.694722170814589;47.38823086739208
Portet-St-Simon;PORTET-SUR-GARONNE;HAUTE-GARONNE;1.388302240403363;43.527038177787155
Sceaux-Boesse;BOESSE-LE-SEC;SARTHE;0.572453197132248;48.12233132668593
Castillon;CASTILLON-LA-BATAILLE;GIRONDE;-0.0406870393383;44.85701248338341
Benesse-Maremne;BENESSE-MAREMNE;LANDES;-1.370038800125464;43.6275994871714
Laguepie;LAGUEPIE;TARN-ET-GARONNE;1.969397070055426;44.14547934822895
Le Bourget;LE BOURGET;SEINE-SAINT-DENIS;2.426674011457214;48.93079100023168
Pont-du-Casse;PONT-DU-CASSE;LOT-ET-GARONNE;0.675933092816244;44.232824610550935
La Rochelle-Ville;LA ROCHELLE;CHARENTE-MARITIME;-1.140831956307869;46.15542617140306
Chateau-Gontier;CHATEAU-GONTIER-SUR-MAYENNE;MAYENNE;-0.694956000266161;47.831333007506274
Saleux;SALEUX;SOMME;2.226835968274724;49.862626503215616
Ugine;UGINE;SAVOIE;6.417985349481818;45.74605775561713
Macon-Loche-TGV;MACON;SAONE-ET-LOIRE;4.778443228894927;46.282781818897995
Glos-Montfort;GLOS-SUR-RISLE;EURE;0.682934904868006;49.2712928023603
Gondrecourt-le-Chateau;GONDRECOURT-LE-CHATEAU;MEUSE;5.506702611798412;48.509128082164345
La Bonneville-sur-Iton;LA BONNEVILLE-SUR-ITON;EURE;1.034525909285541;48.98790860182572
Merxheim;MERXHEIM;HAUT-RHIN;7.302495832459835;47.91324032060495
Val-de-Fontenay;FONTENAY-SOUS-BOIS;VAL-DE-MARNE;2.489234573016151;48.85407784987592
Port-d'Atelier-Amance;FAVERNEY;HAUTE-SAONE;6.040162133896285;47.76242947100242
Ebblinghem;EBBLINGHEM;NORD;2.408935768702627;50.73066603559644
Gisors;GISORS;EURE;1.784937543349357;49.28530052933062
Cesson;CESSON;SEINE-ET-MARNE;2.593661997326091;48.56716702851207
Benestroff;BENESTROFF;MOSELLE;6.752318933343904;48.90675626952774
Frontignan;FRONTIGNAN;HERAULT;3.75895970261544;43.444883389821115
Laignes;LAIGNES;COTE-D'OR;4.364235018092948;47.85017033050934
Thionville;THIONVILLE;MOSELLE;6.169815044691961;49.35372508468278
Le Verdon;LE VERDON-SUR-MER;GIRONDE;-1.064886696751186;45.54924765751001
Hennebont;HENNEBONT;MORBIHAN;-3.285620464546827;47.7990553530428
Les Eglisottes;LES EGLISOTTES-ET-CHALAURES;GIRONDE;-0.043610175700566;45.09428905796061
Montsurs;BREE;MAYENNE;-0.551311716419074;48.14128715232236
Ranchot;RANCHOT;JURA;5.72474680949729;47.152656043661864
Mormant;MORMANT;SEINE-ET-MARNE;2.889119774346101;48.61361367341845
Bruyeres-sur-Oise;BRUYERES-SUR-OISE;VAL-D'OISE;2.326423206078788;49.15515715751033
Seurre;SEURRE;COTE-D'OR;5.151257335475762;46.99638971386293
St-Jean-de-Losne;SAINT-USAGE;COTE-D'OR;5.243890477205029;47.099933026552215
Liesle;LIESLE;DOUBS;5.820793126524009;47.058685233493165
Bedarieux;BEDARIEUX;HERAULT;3.147606955268796;43.605074083118474
Tassin;TASSIN-LA-DEMI-LUNE;RHONE;4.758652724434787;45.761757577392295
Lagnieu;LAGNIEU;AIN;5.349728421132768;45.90752231744008
Montreuil-sur-Ille;MONTREUIL-SUR-ILLE;ILLE-ET-VILAINE;-1.674339055361978;48.30717693651349
Sable-sur-Sarthe;SABLE-SUR-SARTHE;SARTHE;-0.342065559620856;47.84190816391401
Rognac;ROGNAC;BOUCHES-DU-RHONE;5.23087189079124;43.486677883901315
Pamiers;PAMIERS;ARIEGE;1.619598176044641;43.116113187989036
St-Paterne;SAINT-PATERNE-RACAN;INDRE-ET-LOIRE;0.478341244635406;47.60415206613253
Beuvrages;BEUVRAGES;NORD;3.505607038499412;50.39101629880019
Clichy-Levallois;CLICHY;HAUTS-DE-SEINE;2.297881259351661;48.89785607538981
Maisons-Alfort-Alfortville;MAISONS-ALFORT;VAL-DE-MARNE;2.426834358754884;48.80170287114752
Maison-Rouge-en-Brie;LIZINES;SEINE-ET-MARNE;3.147130326159849;48.53625529025413
Dombasle-sur-Meurthe;DOMBASLE-SUR-MEURTHE;MEURTHE-ET-MOSELLE;6.343539333973268;48.62320527996611
Tournemire-Roquefort;TOURNEMIRE;AVEYRON;3.016591363237482;43.96998189614436
Aix-en-Provence-Marchandises;AIX-EN-PROVENCE;BOUCHES-DU-RHONE;5.361302330941023;43.498323240113415
Ligny;LIGNY-EN-BARROIS;MEUSE;5.320682798507518;48.686085862218626
Leffrinckoucke;LEFFRINCKOUCKE;NORD;2.433490085367363;51.05091363646737
Berthelming;BERTHELMING;MOSELLE;7.008897902733395;48.80931722521653
Meursault;MEURSAULT;COTE-D'OR;4.795351885797311;46.968865014056945
Magny-Blandainville;MAGNY;EURE-ET-LOIR;1.281079614171305;48.334279421227514
Etaples-Le Touquet;ETAPLES;PAS-DE-CALAIS;1.642588771636091;50.51697198320477
Rivarennes;RIVARENNES;INDRE-ET-LOIRE;0.360658187062776;47.267236325416576
Pont-de-Sallaumines;SALLAUMINES;PAS-DE-CALAIS;2.864177038166501;50.41574309668517
Labege-Innopole;LABEGE;HAUTE-GARONNE;1.512573671240107;43.547730415211404
Vendome-Villiers-sur-Loir;VILLIERS-SUR-LOIR;LOIR-ET-CHER;1.01499350380989;47.8094576231871
Voutre;VOUTRE;MAYENNE;-0.292314504058485;48.134028595921606
Ay;A-CHAMPAGNE;MARNE;4.001620866305724;49.04868676712236
Les Versannes;LA DOUZE;DORDOGNE;0.857744316552332;45.088430472860836
Angers-Maitre-Ecole;ANGERS;MAINE-ET-LOIRE;-0.532418764467815;47.46692553564868
Sedan;SEDAN;ARDENNES;4.930282526719133;49.69486281823431
Besse-sur-Braye;BESSE-SUR-BRAYE;SARTHE;0.747761154517789;47.83021701314955
Thann;THANN;HAUT-RHIN;7.106968882212065;47.80905151571365
Merignac-Arlac;MERIGNAC;GIRONDE;-0.626243316829926;44.826770832877074
L'Isle-sur-le-Doubs;L'ISLE-SUR-LE-DOUBS;DOUBS;6.581524974372321;47.44734011036897
Colayrac;COLAYRAC-SAINT-CIRQ;LOT-ET-GARONNE;0.558789263399675;44.22775354561452
Les Arcs-Draguignan;LES ARCS;VAR;6.482541727033355;43.45561262532446
St-Sebastien;SAINT-SEBASTIEN;CREUSE;1.548278225934694;46.388246763542384
Malaunay-Le Houlme;LE HOULME;SEINE-MARITIME;1.033729594370428;49.52256549806926
Bry-sur-Marne;BRY-SUR-MARNE;VAL-DE-MARNE;2.524248552217098;48.83780138207766
St-Germain-sur-Ille;SAINT-GERMAIN-SUR-ILLE;ILLE-ET-VILAINE;-1.660059294471417;48.24256859137305
Vitry-la-Ville;VITRY-LA-VILLE;MARNE;4.461716791989595;48.8440170170558
Lison;MOON-SUR-ELLE;CALVADOS;-1.0501862750213;49.22701298358082
Cergy-le-Haut;CERGY;VAL-D'OISE;2.011539282920865;49.048134659088774
Staffelfelden;STAFFELFELDEN;HAUT-RHIN;7.26515361133822;47.82755411576721
Maubeuge;MAUBEUGE;NORD;3.968453442795782;50.27249283717977
Port-Boulet;CHOUZE-SUR-LOIRE;INDRE-ET-LOIRE;0.155650519136053;47.24866027519581
Le Trayas;SAINT-RAPHAEL;VAR;6.924036759494683;43.47445368370357
Chartrettes;CHARTRETTES;SEINE-ET-MARNE;2.695108853978984;48.48703643573107
Ile-Napoleon;ILLZACH;HAUT-RHIN;7.390780767133801;47.767690454705196
Perenchies;PERENCHIES;NORD;2.977418855079393;50.66718561640918
Aubie-St-Antoine;VAL DE VIRVEE;GIRONDE;-0.419620774340235;45.01538876082482
Balbigny;BALBIGNY;LOIRE;4.187530677533176;45.81778663766585
Gignac-Cressensac;GIGNAC;LOT;1.483080344936857;45.01449451742535
Elne;ELNE;PYRENEES-ORIENTALES;2.963483050586113;42.59719348914475
Wambrechies;WAMBRECHIES;NORD;3.040106535159674;50.681308286743814
Kalhausen;KALHAUSEN;MOSELLE;7.125250149621927;49.03531146944553
Neuilly-St-Front;VICHEL-NANTEUIL;AISNE;3.270686744679686;49.187223732361474
St-Jean-Pied-de-Port;SAINT-JEAN-PIED-DE-PORT;PYRENEES-ATLANTIQUES;-1.238621645776675;43.168113297949574
Val-de-Vesle;VAL-DE-VESLE;MARNE;4.222153557570627;49.17809390171898
Marquette;MARQUETTE-LEZ-LILLE;NORD;3.05084776305226;50.67247143779372
Dompierre-sur-Mer;DOMPIERRE-SUR-MER;CHARENTE-MARITIME;-1.067185077641479;46.17485152655725
Luc;LUC;ARDECHE;3.891547451608411;44.654034043533834
La Trinite-Victor;LA TRINITE;ALPES-MARITIMES;7.31173826394573;43.74291187963876
St-Andre;SAINT-ANDRE-LEZ-LILLE;NORD;3.048639591167611;50.65479497401948
Vielmur-sur-Agout;VIELMUR-SUR-AGOUT;TARN;2.08941722458486;43.624100475948126
La Barque-Fuveau;FUVEAU;BOUCHES-DU-RHONE;5.547298057244098;43.47038489709755
Parempuyre;PAREMPUYRE;GIRONDE;-0.619531453121091;44.94382425007321
Martigny-les-Bains;MARTIGNY-LES-BAINS;VOSGES;5.825630946068861;48.1088363858215
Tregonneau-Squiffiec;SQUIFFIEC;COTES-D'ARMOR;-3.174115158259879;48.62457604530626
Landrecies;LANDRECIES;NORD;3.681868598650192;50.128168519781205
Lothiers;TENDU;INDRE;1.564857886759299;46.69743782878176
Malain;MALAIN;COTE-D'OR;4.810198663070654;47.32711922701801
Montmelian;MONTMELIAN;SAVOIE;6.04343520180189;45.50332551066909
Thieux-Nantouillet;NANTOUILLET;SEINE-ET-MARNE;2.680668302246748;49.008601813438645
Cercy-la-Tour;CERCY-LA-TOUR;NIEVRE;3.644989401494037;46.85770672239209
Tamnay-Chatillon;TAMNAY-EN-BAZOIS;NIEVRE;3.723485122763925;47.05298837465489
Savenay;SAVENAY;LOIRE-ATLANTIQUE;-1.955747890137427;47.36010266399474
Oermingen;OERMINGEN;BAS-RHIN;7.131867894670417;49.00041856696065
Lourdes;LOURDES;HAUTES-PYRENEES;-0.041994186851452;43.1005627762626
Servoz;LES HOUCHES;HAUTE-SAVOIE;6.763552573808509;45.924489412289056
La Tour-de-Salvagny;LA TOUR-DE-SALVAGNY;RHONE;4.716784277849419;45.79970236776525
Mirebeau-sur-Beze;MIREBEAU-SUR-BEZE;COTE-D'OR;5.320745967358132;47.405055747454846
Martigne-Ferchaud;MARTIGNE-FERCHAUD;ILLE-ET-VILAINE;-1.313464368264538;47.83198913178169
Fleurville-Pont-de-Vaux;FLEURVILLE;SAONE-ET-LOIRE;4.884080577669784;46.450956968357005
Bessay;BESSAY-SUR-ALLIER;ALLIER;3.360749085595611;46.443614078790304
Lechelle (Seine-et-Marne);LECHELLE;SEINE-ET-MARNE;3.38309998559319;48.57953080812031
Urcay;LA PERCHE;CHER;2.586629516903347;46.62997636990084
Le Plessis-Belleville;LE PLESSIS-BELLEVILLE;OISE;2.744696378860963;49.09594984152633
Plounerin;PLOUNERIN;COTES-D'ARMOR;-3.56915921757564;48.58130509723133
Alouette-France;PESSAC;GIRONDE;-0.659796860254482;44.79332480156727
Boutheon;ANDREZIEUX-BOUTHEON;LOIRE;4.277763826148874;45.52463968497984
Puybrun;PUYBRUN;LOT;1.784262657300073;44.921716616837
Gerard;MONTREUIL-SOUS-PEROUSE;ILLE-ET-VILAINE;-1.247911126925625;48.142982945076966
Troyes;TROYES;AUBE;4.064917895591246;48.29576700034289
Tourcoing;TOURCOING;NORD;3.168343953703257;50.71667041877195
Argenteuil GC;ARGENTEUIL;VAL-D'OISE;2.258358162393432;48.948733563610475
Gravenchon-Port-Jerome;PORT-JEROME-SUR-SEINE;SEINE-MARITIME;0.558862052720366;49.483980893277966
Nuisement;NUISEMENT-SUR-COOLE;MARNE;4.309546835033817;48.879904067304025
Brebieres-Sud;BREBIERES;PAS-DE-CALAIS;3.01371475780044;50.336298399884804
Orgon;ORGON;BOUCHES-DU-RHONE;5.045608936052143;43.785728417650475
Asnieres-sur-Seine;ASNIERES-SUR-SEINE;HAUTS-DE-SEINE;2.284368840588698;48.905631851894405
Rungis-la-Fraternelle;RUNGIS;VAL-DE-MARNE;2.352899162059443;48.740439993955135
Rethel;RETHEL;ARDENNES;4.370261280952036;49.50463379393168
Arrou;COMMUNE NOUVELLE D'ARROU;EURE-ET-LOIR;1.128644199449027;48.099909512369685
Ozoir-la-Ferriere;OZOIR-LA-FERRIERE;SEINE-ET-MARNE;2.69037988331879;48.770613142466054
Villefranche-de-Rouergue;VILLEFRANCHE-DE-ROUERGUE;AVEYRON;2.037141060417348;44.34765567400817
Agay;SAINT-RAPHAEL;VAR;6.856677171132541;43.43173425214465
St-Julien-Ecuisses;SAINT-JULIEN-SUR-DHEUNE;SAONE-ET-LOIRE;4.527957614159425;46.76928032662014
Villeparisis;MITRY-MORY;SEINE-ET-MARNE;2.60284772676128;48.953093201420536
Fourchambault;FOURCHAMBAULT;NIEVRE;3.087354290727787;47.01894369811664
Ogeu-les-Bains;OGEU-LES-BAINS;PYRENEES-ATLANTIQUES;-0.507444616092045;43.15387465751689
Merenvielle;MERENVIELLE;HAUTE-GARONNE;1.15064117004484;43.63658276888126
St-Bonnet-de-Rochefort;SAINT-BONNET-DE-ROCHEFORT;ALLIER;3.139628459846439;46.148424266054526
St-Juery;SAINT-JUERY;TARN;2.203338211429495;43.94293971296417
L'Isle-Jourdain;L'ISLE-JOURDAIN;GERS;1.089858772280073;43.61726804056734
Crancey;CRANCEY;AUBE;3.640209029255444;48.5151826237997
St-Pierre-des-Corps;SAINT-PIERRE-DES-CORPS;INDRE-ET-LOIRE;0.725081914342086;47.385843594997674
Romilly-la-Puthenaye;ROMILLY-LA-PUTHENAYE;EURE;0.855438127775816;49.003580561735056
Plaintel;PLAINTEL;COTES-D'ARMOR;-2.822172581902144;48.4353419705687
Bonneville;BONNEVILLE;HAUTE-SAVOIE;6.416534807530288;46.07750965493744
Romorantin (Voie etroite);ROMORANTIN-LANTHENAY;LOIR-ET-CHER;1.739118199598165;47.356248315198506
Azay-le-Rideau;AZAY-LE-RIDEAU;INDRE-ET-LOIRE;0.446881290568988;47.26528551119567
St-Valery-en-Caux;SAINT-VALERY-EN-CAUX;SEINE-MARITIME;0.713109260451779;49.861065495885484
Sezanne;SEZANNE;MARNE;3.728941933120902;48.71472822172354
Corps-Nuds;CORPS-NUDS;ILLE-ET-VILAINE;-1.575345244729686;47.985160008403604
Entzheim;ENTZHEIM;BAS-RHIN;7.629368989794591;48.54717742005756
Marienthal;HAGUENAU;BAS-RHIN;7.823622604829137;48.78184110784927
St-Just-en-Chaussee;SAINT-JUST-EN-CHAUSSEE;OISE;2.429367476921711;49.50398096175272
La Ferte-Milon;LA FERTE-MILON;AISNE;3.120822729407744;49.17960194716914
Kurtzenhouse;KURTZENHOUSE;BAS-RHIN;7.813360095310275;48.74188803934608
Hendaye;HENDAYE;PYRENEES-ATLANTIQUES;-1.782112120122545;43.35333854323205
Vitry-en-Artois;VITRY-EN-ARTOIS;PAS-DE-CALAIS;2.980608151219586;50.32717009237724
Chagny;CHAGNY;SAONE-ET-LOIRE;4.74932439966091;46.90724940081049
Villefranche-sur-Saone;VILLEFRANCHE-SUR-SAONE;RHONE;4.721077121771563;45.984560816448536
Aubigny-en-Artois;AUBIGNY-EN-ARTOIS;PAS-DE-CALAIS;2.592783571516057;50.353076781809
Ceilhes-Roqueredonde;ROQUEREDONDE;HERAULT;3.15516344807667;43.81213917030679
Toul;TOUL;MEURTHE-ET-MOSELLE;5.879449805958919;48.67904989655333
Boissise-le-Roi;BOISSISE-LE-ROI;SEINE-ET-MARNE;2.573449862828317;48.529165394139035
Dijon-Ville;DIJON;COTE-D'OR;5.031081954810282;47.32036903434148
Chalon-sur-Saone;CHALON-SUR-SAONE;SAONE-ET-LOIRE;4.842615253494189;46.781625751008704
Le Pallet;LE PALLET;LOIRE-ATLANTIQUE;-1.34663667047017;47.14381560186661
Pont-St-Vincent;PONT-SAINT-VINCENT;MEURTHE-ET-MOSELLE;6.103442518555855;48.60210347594136
Chartres;CHARTRES;EURE-ET-LOIR;1.481429053718457;48.44866971474912
Pau;PAU;PYRENEES-ATLANTIQUES;-0.369693311594972;43.29149855092316
Riedseltz;RIEDSELTZ;BAS-RHIN;7.963036748076364;48.99065848071727
Bellevue;MEUDON;HAUTS-DE-SEINE;2.229850778453927;48.81884317835575
Harfleur-Halte;HARFLEUR;SEINE-MARITIME;0.192179896657217;49.506017924929225
Soissons;SOISSONS;AISNE;3.338363138513456;49.36900007909761
Sarrance;SARRANCE;PYRENEES-ATLANTIQUES;-0.59972480459168;43.049721862419595
La Chapelle-St-Mesmin;LA CHAPELLE-SAINT-MESMIN;LOIRET;1.827004302449144;47.89298892341226
Dreffeac;DREFFEAC;LOIRE-ATLANTIQUE;-2.049996132974796;47.482266599289616
Lesseux-Frapelle;LUSSE;VOSGES;7.076664764145708;48.289680290668905
Pleine-Fougeres;PLEINE-FOUGERES;ILLE-ET-VILAINE;-1.565841005726765;48.52990705222532
Andrezieux;ANDREZIEUX-BOUTHEON;LOIRE;4.25525189630413;45.52162717496561
Martigues;MARTIGUES;BOUCHES-DU-RHONE;5.02522463022426;43.390181802230906
Jouy;JOUY;EURE-ET-LOIR;1.557659496625176;48.510039297028165
La Hutte-Coulombiers;FRESNAY-SUR-SARTHE;SARTHE;0.105746050461879;48.303313054442256
Viroflay-Rive-Gauche;VIROFLAY;YVELINES;2.171099585781007;48.800704672801125
Lingolsheim;LINGOLSHEIM;BAS-RHIN;7.678357318550331;48.5593871311156
Moissac;MOISSAC;TARN-ET-GARONNE;1.07737529967365;44.10240929719547
Lyon-Perrache;LYON;RHONE;4.823194036939477;45.748088539684176
Ker-Lann;BRUZ;ILLE-ET-VILAINE;-1.739311919121085;48.04337224304871
Clichy-Levallois;LEVALLOIS-PERRET;HAUTS-DE-SEINE;2.297183137676989;48.897409403828675
Neuilly-Porte-Maillot;PARIS;PARIS;2.284261968692842;48.877868461552744
Laqueuille;SAINT-JULIEN-PUY-LAVEZE;PUY-DE-DOME;2.704853505428261;45.647048413768054
Les Clairieres-de-Verneuil;VERNEUIL-SUR-SEINE;YVELINES;1.960422644992241;48.99124033138956
Villefranche-Vernet-les-Bains;FUILLA;PYRENEES-ORIENTALES;2.370030271671593;42.5914581884127
Laroche-Migennes;MIGENNES;YONNE;3.512940320803722;47.960840272699876
Couzon (Loire);RIVE-DE-GIER;LOIRE;4.625028416435135;45.52946911955926
Le Pouzin;LE POUZIN;ARDECHE;4.750066436271399;44.751864561116314
Reignac;REIGNAC-SUR-INDRE;INDRE-ET-LOIRE;0.901297777319716;47.21779355348433
Sarreguemines;SARREGUEMINES;MOSELLE;7.068669692711919;49.10675765152767
Le Muy;LE MUY;VAR;6.57342574458219;43.47030445389205
Vitry-le-Francois;VITRY-LE-FRANCOIS;MARNE;4.587514744819615;48.71778308956657
Neufchatel-Hardelot;NEUFCHATEL-HARDELOT;PAS-DE-CALAIS;1.642795635812644;50.623354305083154
Avord;AVORD;CHER;2.652550531080733;47.034813485693334
Sees;SEES;ORNE;0.166272036082694;48.59990963412721
Martigues;MARTIGUES;BOUCHES-DU-RHONE;5.02562822239543;43.39286443288294
Le Dramont;SAINT-RAPHAEL;VAR;6.844352796069477;43.4177739619383
Roubaix-Wattrelos;ROUBAIX;NORD;3.203933202349686;50.69059866394671
Ourscamps;PIMPREZ;OISE;2.953860661788621;49.53410484180841
Lutterbach (Haut-Rhin);LUTTERBACH;HAUT-RHIN;7.276899767921069;47.758199805270245
Zetting;ZETTING;MOSELLE;7.13424471710727;49.07821684068329
Metzervisse;METZERVISSE;MOSELLE;6.283707555699446;49.31802563972744
Bucheres-Verrieres;BUCHERES;AUBE;4.132615641779364;48.23172693249482
Le Puy-en-Velay;LE PUY-EN-VELAY;HAUTE-LOIRE;3.894211678987385;45.04371964956138
Montargis;MONTARGIS;LOIRET;2.743101065487438;48.00692235348153
St-Malo;SAINT-MALO;ILLE-ET-VILAINE;-2.004051313466777;48.6465302973296
Lapradelle;PUILAURENS;AUDE;2.313008818752499;42.81070782254279
Labergement-Ste-Marie;LABERGEMENT-SAINTE-MARIE;DOUBS;6.280391546709864;46.77645136860339
Boussay-La Bruffiere;BOUSSAY;LOIRE-ATLANTIQUE;-1.18280159699083;47.05058005563971
La Ferte-St-Aubin;LA FERTE-SAINT-AUBIN;LOIRET;1.931818657978464;47.7221918208981
Armentieres;ARMENTIERES;NORD;2.877540344655497;50.6805773722647
Cocheren;COCHEREN;MOSELLE;6.855131259270401;49.15234308711126
Bischwiller;BISCHWILLER;BAS-RHIN;7.851355674808228;48.765575390214615
Poligny;POLIGNY;JURA;5.699030876701165;46.84340300087306
Orangis-Bois-de-l'Epine;RIS-ORANGIS;ESSONNE;2.409758980034193;48.636334977979025
Carpentras;CARPENTRAS;VAUCLUSE;5.043626074852461;44.050358759227
Loulay;LOULAY;CHARENTE-MARITIME;-0.501680469534236;46.04344123732778
Bassens-Appontements;BASSENS;GIRONDE;-0.522540969834772;44.89985586639312
Courville-sur-Eure;COURVILLE-SUR-EURE;EURE-ET-LOIR;1.234883400233006;48.451589637236474
Devecey;DEVECEY;DOUBS;6.00540935531408;47.325510275285886
Olonne-sur-Mer;LES SABLES-D'OLONNE;VENDEE;-1.766252846616104;46.549220388406184
Roissy-Aeroport-Charles-de-Gaulle 2-TGV (RER);LE MESNIL-AMELOT;SEINE-ET-MARNE;2.570035507097067;49.0085079715308
Pontivy;PONTIVY;MORBIHAN;-2.965775460249527;48.0615601977653
Civray-Ville;CIVRAY;VIENNE;0.288804138443457;46.150398475374224
Chemille;CHEMILLE-EN-ANJOU;MAINE-ET-LOIRE;-0.732113596517094;47.21783114153416
Negrondes;NEGRONDES;DORDOGNE;0.861241304907747;45.3458918137541
Chaulnes;CHAULNES;SOMME;2.801276003022905;49.80733764126496
Albens;ENTRELACS;SAVOIE;5.948601658434074;45.7859312754352
Somain;SOMAIN;NORD;3.278972591936239;50.35550661170308
Auvers-sur-Oise;AUVERS-SUR-OISE;VAL-D'OISE;2.176811926003305;49.071008184141796
Pont-de-Beauvoisin;LE PONT-DE-BEAUVOISIN;ISERE;5.68069980711602;45.52445093925393
Nozieres-Brignon;BOUCOIRAN-ET-NOZIERES;GARD;4.207422079941034;43.97586984572289
Apach;APACH;MOSELLE;6.372132150675619;49.45892731564016
Millau;MILLAU;AVEYRON;3.07437667979391;44.102428225009724
Revel-Soreze;REVEL;HAUTE-GARONNE;1.999838930387912;43.46287500050831
Montigny-Beauchamp;MONTIGNY-LES-CORMEILLES;VAL-D'OISE;2.197940799961354;49.007331978947846
Donzere;DONZERE;DROME;4.704596402183965;44.44315434179784
Limeyrat;LIMEYRAT;DORDOGNE;0.977756121929915;45.15624949745528
Villiers-le-Sec;VILLIERS-LE-SEC;HAUTE-MARNE;5.068818023832247;48.11209047560394
Lure;LURE;HAUTE-SAONE;6.492747931963799;47.68296315032065
Nice-Riquier;NICE;ALPES-MARITIMES;7.290584478472749;43.70579078823896
Chorges;CHORGES;HAUTES-ALPES;6.271773650688589;44.545727228563074
St-Germain-sur-Meuse;SAINT-GERMAIN-SUR-MEUSE;MEUSE;5.700663797466287;48.65169809135989
Le Soler;LE SOLER;PYRENEES-ORIENTALES;2.787602438694243;42.678079975389345
Aillevillers;CORBENAY;HAUTE-SAONE;6.332017441299205;47.9090377293298
Beaurepaire;BEAUREPAIRE;ISERE;5.057613050360597;45.330627288652366
Arleux;ARLEUX;NORD;3.120835121863483;50.286342873500935
Villereversure;VILLEREVERSURE;AIN;5.398158290281325;46.19451666097462
Aime-La Plagne;AIME-LA-PLAGNE;SAVOIE;6.648695374200575;45.55439650743767
Joigny;JOIGNY;YONNE;3.391311397077373;47.973404150236945
La Courneuve-Aubervilliers;LA COURNEUVE;SEINE-SAINT-DENIS;2.38542905782746;48.92407748253208
St-Dizier;SAINT-DIZIER;HAUTE-MARNE;4.946931424939272;48.642857708823314
Ecouche;ECOUCHE-LES-VALLEES;ORNE;-0.120968826114701;48.71483763705532
Massy-TGV;PALAISEAU;ESSONNE;2.25484995064226;48.71788509621877
Roeschwoog;RSCHWOOG;BAS-RHIN;8.029855501245246;48.83365122600304
Chateaubourg;CHATEAUBOURG;ILLE-ET-VILAINE;-1.405157184612477;48.10629591057404
Pont-de-l'Arche;ALIZAY;EURE;1.160520476710591;49.317005770094745
Vernon-Giverny;VERNON;EURE;1.478464031558935;49.09116847125959
Liguge;LIGUGE;VIENNE;0.333286773502638;46.52034725301647
Pernes-Camblain;CAMBLAIN-CHATELAIN;PAS-DE-CALAIS;2.427273177447132;50.4796840669996
Janze;JANZE;ILLE-ET-VILAINE;-1.49783796227674;47.955335981987055
St-Victurnien;SAINT-VICTURNIEN;HAUTE-VIENNE;1.00979345253792;45.876681187371034
Sucy-Bonneuil;SUCY-EN-BRIE;VAL-DE-MARNE;2.507696420806658;48.77161453220065
Exideuil-sur-Vienne;EXIDEUIL-SUR-VIENNE;CHARENTE;0.666930586888983;45.88624989508712
Quesnoy-sur-Deule;QUESNOY-SUR-DEULE;NORD;2.995258592137319;50.70816916894114
Beillant;SAINT-SEVER-DE-SAINTONGE;CHARENTE-MARITIME;-0.526885316803244;45.70101714290073
Dourdan;DOURDAN;ESSONNE;2.009826148353142;48.533576917580454
Bannalec;BANNALEC;FINISTERE;-3.70666802897235;47.92678811796578
Machecoul;MACHECOUL-SAINT-MEME;LOIRE-ATLANTIQUE;-1.822727898158274;46.990518248236164
Lamure-sur-Azergues;LAMURE-SUR-AZERGUES;RHONE;4.492313405103372;46.061052469157644
Plaisir-Grignon;PLAISIR;YVELINES;1.941465946324533;48.832128140387084
Guerard-La Celle-sur-Morin;GUERARD;SEINE-ET-MARNE;2.954761856629998;48.81043906077055
Benfeld;BENFELD;BAS-RHIN;7.584028888287825;48.373645029444205
Onville;ONVILLE;MEURTHE-ET-MOSELLE;5.978985724179793;49.013209436990586
Gresy-sur-Isere;GRESY-SUR-ISERE;SAVOIE;6.259966501812202;45.59447574604259
Tantonville;TANTONVILLE;MEURTHE-ET-MOSELLE;6.129209733482396;48.48391111134653
Feuquieres-Broquiers;FEUQUIERES;OISE;1.831068318577522;49.65451312832422
Jassonneix;MEYMAC;CORREZE;2.139708744591707;45.543611127124315
Err;ERR;PYRENEES-ORIENTALES;2.028889250014868;42.442767182008296
Woincourt;WOINCOURT;SOMME;1.537154580238334;50.05873568303048
La Ville-Gozet;MONTLUCON;ALLIER;2.591874096585813;46.349941305335584
Nomain;NOMAIN;NORD;3.20696531344309;50.50232592962645
Roche-lez-Beaupre;ROCHE-LEZ-BEAUPRE;DOUBS;6.110782365332249;47.276176841013154
Ham;MUILLE-VILLETTE;SOMME;3.070957119074588;49.73954337157027
Olette-Canaveilles-les-Bains;OLETTE;PYRENEES-ORIENTALES;2.272011858927273;42.55466061702315
Longueil-Ste-Marie;LONGUEIL-SAINTE-MARIE;OISE;2.717587390886502;49.342567010299035
Herny;HERNY;MOSELLE;6.476818963032504;49.00370728140269
St-Seurin-sur-l'Isle;SAINT-SEURIN-SUR-L'ISLE;GIRONDE;-0.001940617414119;45.01130602928961
Guichen-Bourg-des-Comptes;GUICHEN;ILLE-ET-VILAINE;-1.759963948240837;47.93524867728417
Raves-Ban-de-Laveline;RAVES;VOSGES;7.03762247712448;48.26569887065687
Pas-des-Lanciers;MARIGNANE;BOUCHES-DU-RHONE;5.25404483685121;43.40961464600039
Bricon;BRICON;HAUTE-MARNE;4.979128788961917;48.08735674665791
Chateauroux;CHATEAUROUX;INDRE;1.703183637265524;46.810961807288315
Corcy;CORCY;AISNE;3.216285373262403;49.255392671419884
Mauzac;MAUZAC-ET-GRAND-CASTANG;DORDOGNE;0.789985150689261;44.855764301617775
Berre;BERRE-L'ETANG;BOUCHES-DU-RHONE;5.179101685791576;43.50093056891871
Bas-Evette;EVETTE-SALBERT;TERRITOIRE-DE-BELFORT;6.80568022936376;47.681396111860366
Fontainebleau-Avon;AVON;SEINE-ET-MARNE;2.727200067146435;48.41746394574521
Evry-Courcouronnes;EVRY-COURCOURONNES;ESSONNE;2.429374227134183;48.62597794398785
Buzancais;BUZANCAIS;INDRE;1.418412148406389;46.88487038762065
Maille;MAILLE;INDRE-ET-LOIRE;0.583165439178813;47.05316642302488
Sarrebourg;SARREBOURG;MOSELLE;7.051727539632061;48.73862149825253
Villabe;VILLABE;ESSONNE;2.461828319020637;48.59264620198872
Chaponval;AUVERS-SUR-OISE;VAL-D'OISE;2.14174884933166;49.069128055447806
La Rochefoucauld;LA ROCHEFOUCAULD-EN-ANGOUMOIS;CHARENTE;0.38984481512601;45.740241928094676
Athies-sous-Laon;ATHIES-SOUS-LAON;AISNE;3.680610746298005;49.577692495226174
Lentilly-Charpenay;LENTILLY;RHONE;4.682268018683733;45.816528122388796
La Ricamarie;LA RICAMARIE;LOIRE;4.357680089145885;45.403197752600775
Base Aerienne;GIEVRES;LOIR-ET-CHER;1.681942131120967;47.32008704189344
Tourville;TOURVILLE-LA-RIVIERE;SEINE-MARITIME;1.098509869879438;49.32455521261547
Carantilly-Marigny;CARANTILLY;MANCHE;-1.244517323198757;49.06787505568984
Tullins-Fures;TULLINS;ISERE;5.492335867260874;45.30087741538891
Montereau;VARENNES-SUR-SEINE;SEINE-ET-MARNE;2.936172695473762;48.380062575084864
Engenville;ENGENVILLE;LOIRET;2.237896567185366;48.23635950605684
Lux;LUX;COTE-D'OR;5.203727539284982;47.487873384704606
Hundling;HUNDLING;MOSELLE;6.977467233796318;49.1065704173177
Gonfaron;GONFARON;VAR;6.281840550501697;43.31712508692793
Cap-Martin-Roquebrune;ROQUEBRUNE-CAP-MARTIN;ALPES-MARITIMES;7.456405684962863;43.76034857039875
Rozieres-sur-Mouzon;ROZIERES-SUR-MOUZON;VOSGES;5.705525159209666;48.120907804657705
Suresnes-Mont-Valerien;SURESNES;HAUTS-DE-SEINE;2.221062051357459;48.87168355309941
Allenc;ALLENC;LOZERE;3.664130358302335;44.54152103116181
Bassens;BASSENS;GIRONDE;-0.522440511179966;44.901397388496285
St-Yorre;SAINT-YORRE;ALLIER;3.461064924813443;46.061783665474714
Reuilly;REUILLY;INDRE;2.046970081249991;47.089611944954996
St-Florentin-Vergigny;VERGIGNY;YONNE;3.730868832249274;47.98089785203937
Cernay;ERMONT;VAL-D'OISE;2.256114102392353;48.98551638656152
Les Lacs;SAINT-AUBIN-DES-LANDES;ILLE-ET-VILAINE;-1.322347292655554;48.109081657042296
Aigueperse;AIGUEPERSE;PUY-DE-DOME;3.198197540630287;46.014743548586964
Pierrefite-Stains TT;PIERREFITTE-SUR-SEINE;SEINE-SAINT-DENIS;2.367366380253276;48.96007131342436
Luxeuil-les-Bains;LUXEUIL-LES-BAINS;HAUTE-SAONE;6.372354125269903;47.81505567955934
Mantes-Station;MANTES-LA-JOLIE;YVELINES;1.715737202768139;48.983359638519275
Auray;AURAY;MORBIHAN;-2.99960913456031;47.680247089999995
Salaise;SALAISE-SUR-SANNE;ISERE;4.802216108113742;45.337313858409665
Biot;ANTIBES;ALPES-MARITIMES;7.12705036619729;43.61237944224629
Villeneuve-sur-Yonne;VILLENEUVE-SUR-YONNE;YONNE;3.286346893591795;48.086090907944325
Les Fontinettes;CALAIS;PAS-DE-CALAIS;1.849961409941935;50.94058380754782
Liverdun;LIVERDUN;MEURTHE-ET-MOSELLE;6.061793518753852;48.749287127156066
Souppes-Chateau-Landon;SOUPPES-SUR-LOING;SEINE-ET-MARNE;2.735014280352225;48.18178496677811
Mennecy;MENNECY;ESSONNE;2.433268053440552;48.57113280817187
St-Leonard;SAINT-LEONARD;VOSGES;6.941310871948678;48.21682744071811
Sezanne;SEZANNE;MARNE;3.728419158329435;48.71443343288595
Estressin;VIENNE;ISERE;4.868163857041889;45.54021379785767
Rountzenheim;ROUNTZENHEIM-AUENHEIM;BAS-RHIN;8.011781791876578;48.82044576328301
Montrichard;MONTRICHARD VAL DE CHER;LOIR-ET-CHER;1.171805894101684;47.34380533566546
Meaux;MEAUX;SEINE-ET-MARNE;2.873403753140162;48.95683307565232
Chamelet;CHAMELET;RHONE;4.507016244543598;45.98167025804158
Chalons-en-Champagne;CHALONS-EN-CHAMPAGNE;MARNE;4.348974315249643;48.95527794985203
Aire-sur-la-Lys;AIRE-SUR-LA-LYS;PAS-DE-CALAIS;2.405933102461811;50.64130516051258
Villeneuve-St-Georges;VILLENEUVE-SAINT-GEORGES;VAL-DE-MARNE;2.446378941339316;48.73143575163359
Bugeat;BUGEAT;CORREZE;1.924701307116646;45.600671390919544
La Tricherie;BEAUMONT SAINT-CYR;VIENNE;0.440613237625385;46.728653726742536
Walygator-Parc;MAIZIERES-LES-METZ;MOSELLE;6.159567248539695;49.22454054683985
Magland;MAGLAND;HAUTE-SAVOIE;6.621201466016067;46.016930329818535
Belloy-St-Martin;BELLOY-EN-FRANCE;VAL-D'OISE;2.361203045024103;49.09815099951254
Pontrieux;PONTRIEUX;COTES-D'ARMOR;-3.157066128939595;48.705570848956256
Mussidan;SAINT-MEDARD-DE-MUSSIDAN;DORDOGNE;0.353907886033932;45.03454481999586
Pontarlier;PONTARLIER;DOUBS;6.357115258059566;46.899576657901385
Anzeling;ANZELING;MOSELLE;6.459586407658986;49.2624167581957
Rouxmesnil;ROUXMESNIL-BOUTEILLES;SEINE-MARITIME;1.105829957588804;49.89883452673463
Valence;VALENCE;DROME;4.893437965143693;44.9279186519997
Villeneuve-d'Ingre;INGRE;LOIRET;1.834854970344462;47.93445198846802
Laigne-St-Gervais;SAINT-GERVAIS-EN-BELIN;SARTHE;0.21711697606233;47.874086302889985
Orange;ORANGE;VAUCLUSE;4.819641074737519;44.137454588757976
Asnieres-sur-Seine;ASNIERES-SUR-SEINE;HAUTS-DE-SEINE;2.284226483619607;48.9055284826499
Lamballe;LAMBALLE-ARMOR;COTES-D'ARMOR;-2.511460566036283;48.46594346923323
Juvisy;JUVISY-SUR-ORGE;ESSONNE;2.383582706203988;48.689256635146194
Bar-sur-Aube;BAR-SUR-AUBE;AUBE;4.707058954282401;48.23856610507349
Montauban-Ville-Bourbon;MONTAUBAN;TARN-ET-GARONNE;1.341127241507155;44.014195331668475
Avignon-Centre;AVIGNON;VAUCLUSE;4.805560023845281;43.94170748507306
Epinay-sur-Seine TT;EPINAY-SUR-SEINE;SEINE-SAINT-DENIS;2.301875276622173;48.95426384411057
La Roche-sur-Yon;LA ROCHE-SUR-YON;VENDEE;-1.435831476322877;46.67211489091913
Marseillan-Plage;MARSEILLAN;HERAULT;3.536118058744602;43.31845834549076
Serezin;SEREZIN-DU-RHONE;RHONE;4.81781390682531;45.6272306552306
Vendome;VENDOME;LOIR-ET-CHER;1.067141369546662;47.80203153447201
Frenouville-Cagny;FRENOUVILLE;CALVADOS;-0.260107811928255;49.14114275295679
Bon-Encontre;BOE;LOT-ET-GARONNE;0.66133861353905;44.17464245325543
Marquise-Rinxent;RINXENT;PAS-DE-CALAIS;1.731516881842938;50.805390655180474
Asnieres-sur-Seine;ASNIERES-SUR-SEINE;HAUTS-DE-SEINE;2.284017731281219;48.905232163368915
Pontoise;SAINT-OUEN-L'AUMONE;VAL-D'OISE;2.101952622247184;49.04556871447304
Vallon;VALLON-EN-SULLY;ALLIER;2.611578434656199;46.53584074318068
Breitenbach;BREITENBACH-HAUT-RHIN;HAUT-RHIN;7.104295712202981;48.02854863110893
Veretz-Montlouis;MONTLOUIS-SUR-LOIRE;INDRE-ET-LOIRE;0.819956989593012;47.37145594225696
Colmar;COLMAR;HAUT-RHIN;7.346943397726597;48.073172281691434
Montataire;MONTATAIRE;OISE;2.436213399898783;49.25117482036241
Egly;EGLY;ESSONNE;2.222189294095017;48.58241085152793
Ronchin;RONCHIN;NORD;3.077597498635683;50.60386936172255
Montieres;AMIENS;SOMME;2.264589213285633;49.90960244530869
La Bohalle;LOIRE-AUTHION;MAINE-ET-LOIRE;-0.40079504767026;47.43443992670813
Lyon-Perrache;LYON;RHONE;4.825673533833033;45.74842155203028
Rouxmesnil;ROUXMESNIL-BOUTEILLES;SEINE-MARITIME;1.113820791730518;49.89489275044097
Longueil-Annel;LONGUEIL-ANNEL;OISE;2.863090761758719;49.46699872833922
Harfleur;HARFLEUR;SEINE-MARITIME;0.199062909348195;49.51361089029776
St-Romain-de-Popey;SAINT-ROMAIN-DE-POPEY;RHONE;4.542261792981238;45.861718403451064
Montoir-de-Bretagne;MONTOIR-DE-BRETAGNE;LOIRE-ATLANTIQUE;-2.161601267156341;47.32074062561389
Blanc-Misseron;CRESPIN;NORD;3.660962558021376;50.40473569934951
Laveline-devant-Bruyeres;LAVELINE-DEVANT-BRUYERES;VOSGES;6.75522755899135;48.185506805863106
Marseille-Prado;MARSEILLE;BOUCHES-DU-RHONE;5.399603345623433;43.27873141561914
St-Quentin-en-Yvelines;MONTIGNY-LE-BRETONNEUX;YVELINES;2.044976435504766;48.78778463203433
Urt;URT;PYRENEES-ATLANTIQUES;-1.299916389086193;43.499391481706006
Chasseneuil-sur-Bonnieure;CHASSENEUIL-SUR-BONNIEURE;CHARENTE;0.453604554126945;45.824234859933554
Veigne;VEIGNE;INDRE-ET-LOIRE;0.734442350054996;47.2915030694559
Paris-St-Lazare;PARIS;PARIS;2.325152694046312;48.876646819628434
Boussens;BOUSSENS;HAUTE-GARONNE;0.97176452643156;43.1790743815484
St-Symphorien-de-Marmagne;SAINT-SYMPHORIEN-DE-MARMAGNE;SAONE-ET-LOIRE;4.337183795256776;46.84439824599816
Boutigny;BOUTIGNY-SUR-ESSONNE;ESSONNE;2.376208883581087;48.43492164536152
Nogent-sur-Vernisson;NOGENT-SUR-VERNISSON;LOIRET;2.737638801576194;47.852817399652515
Chatillon-sur-Seine;CHATILLON-SUR-SEINE;COTE-D'OR;4.571594571063326;47.87019564967037
Montrond-les-Bains;MONTROND-LES-BAINS;LOIRE;4.246780889554222;45.64417965687003
St-Medard-sur-Ille;SAINT-MEDARD-SUR-ILLE;ILLE-ET-VILAINE;-1.667513154566356;48.27430081843578
Bourbourg;BOURBOURG;NORD;2.195861554347714;50.95273042792849
L'Ariane;LA TRINITE;ALPES-MARITIMES;7.30232056792475;43.734270177036535
Connerre-Beille;BEILLE;SARTHE;0.486966663978344;48.07384329531561
Grenoble;GRENOBLE;ISERE;5.714516819858535;45.19083025228243
St-Vincent-le-Chateau;SAINT-VINCENT;HAUTE-LOIRE;3.918787654113014;45.1500603674364
St-Jean-de-Sauves;SAINT-JEAN-DE-SAUVES;VIENNE;0.09322393572303;46.83649581446958
Lavilledieu;LA VILLE-DIEU-DU-TEMPLE;TARN-ET-GARONNE;1.215038302805089;44.03545953997265
Nantes;NANTES;LOIRE-ATLANTIQUE;-1.544074936864095;47.21656946799687
Houilles-Carrieres-sur-Seine;HOUILLES;YVELINES;2.18470061264241;48.92080295541427
Rouen-Martainville;ROUEN;SEINE-MARITIME;1.108555617797542;49.438570620868454
Chatenois (Bas-Rhin);CHATENOIS;BAS-RHIN;7.401331365912151;48.27641611439358
Collonges;COLLONGES-ET-PREMIERES;COTE-D'OR;5.266038309599982;47.22091902769564
Melun;MELUN;SEINE-ET-MARNE;2.655756553591216;48.527199552712986
Coligny (Marne);VAL-DES-MARAIS;MARNE;3.970859408467226;48.850795170593074
Chambery-Challes-les-Eaux;CHAMBERY;SAVOIE;5.919644744721905;45.57190136351876
Cergy-Prefecture;CERGY;VAL-D'OISE;2.079483531241085;49.036498517365615
Lomme (MIN);LILLE;NORD;3.006848017428568;50.64057033395417
Le Pouliguen;LE POULIGUEN;LOIRE-ATLANTIQUE;-2.433227448786401;47.28262437643912
Gray;ARC-LES-GRAY;HAUTE-SAONE;5.578129365226147;47.451795554751904
Toul;TOUL;MEURTHE-ET-MOSELLE;5.877058201318163;48.6784144720613
Cramoisy;CRAMOISY;OISE;2.405021268518898;49.256538965335494
Clamart;CLAMART;HAUTS-DE-SEINE;2.272868213993607;48.81399561176178
Munster-Badischhof;MUNSTER;HAUT-RHIN;7.152972487896633;48.03908193011033
Mery (Val-d'Oise);MERY-SUR-OISE;VAL-D'OISE;2.190803921925722;49.05742573932811
St-Mathurin;LOIRE-AUTHION;MAINE-ET-LOIRE;-0.318085670106582;47.4122184178676
Ingrandes-sur-Vienne;INGRANDES;VIENNE;0.569280649014913;46.87467981739652
Bohain;BOHAIN-EN-VERMANDOIS;AISNE;3.442709355245428;49.98849723417581
Paris-Nord;PARIS;PARIS;2.356160022572003;48.88164194198079
Laon;LAON;AISNE;3.623796750490142;49.570708824716306
Fere-en-Tardenois;FERE-EN-TARDENOIS;AISNE;3.503965030086555;49.20871896363849
Bourg-en-Bresse;BOURG-EN-BRESSE;AIN;5.214997787680272;46.19948315282448
Retournac;RETOURNAC;HAUTE-LOIRE;4.037084538218064;45.20129888916648
Bruyeres;BRUYERES;VOSGES;6.726201135371229;48.20179388496624
Labruguiere;LABRUGUIERE;TARN;2.259409368459539;43.54246190538588
Le Havre;LE HAVRE;SEINE-MARITIME;0.126058417326008;49.49269563728243
Ballan;BALLAN-MIRE;INDRE-ET-LOIRE;0.61464329910397;47.33583296585494
Libourne;LIBOURNE;GIRONDE;-0.235979210477964;44.915671649178236
St-Astier;SAINT-ASTIER;DORDOGNE;0.523127789708187;45.1389632863265
Margival;MARGIVAL;AISNE;3.403042008235571;49.43922313249368
St-Etienne-Pont-de-l'Ane;SAINT-ETIENNE;LOIRE;4.420017432963297;45.4440428177932
Nieppe;NIEPPE;NORD;2.828925131352782;50.696711008422795
Tagolsheim;TAGOLSHEIM;HAUT-RHIN;7.264262947478973;47.65548985977194
Frasne;FRASNE;DOUBS;6.157716534518472;46.85776488480928
St-Hilaire-de-Chaleons;SAINT-HILAIRE-DE-CHALEONS;LOIRE-ATLANTIQUE;-1.866928661053422;47.10632634179498
Epiry-Montreuillon;EPIRY;NIEVRE;3.730338728371163;47.157723447460114
Nerondes;NERONDES;CHER;2.822584798594397;46.99953593667295
Noyen;NOYEN-SUR-SARTHE;SARTHE;-0.098482265667813;47.87467624834712
Royat-Chamalieres;CHAMALIERES;PUY-DE-DOME;3.061641533997026;45.76773767177134
Porte-de-Clichy;PARIS;PARIS;2.314861520239935;48.89401765628809
Arras;ARRAS;PAS-DE-CALAIS;2.781877763520992;50.28670060943111
Bengy;BENGY-SUR-CRAON;CHER;2.749763723998574;47.00001641249666
La Chapelle-Aulnay;LA CHAPELLE-SUR-ERDRE;LOIRE-ATLANTIQUE;-1.541393055983696;47.308759629047756
Drulingen;DRULINGEN;BAS-RHIN;7.183056619080274;48.87314027628318
Moulins-sur-Allier;MOULINS;ALLIER;3.339184600895671;46.56123451905579
Cernay;CERNAY;HAUT-RHIN;7.173924801562017;47.80173615813757
Attigny (Ardennes);ATTIGNY;ARDENNES;4.580578950679025;49.483379959998295
Dambach-la-Ville;DAMBACH-LA-VILLE;BAS-RHIN;7.43582504943569;48.321586731686594
Epoisses;EPOISSES;COTE-D'OR;4.179052846582437;47.502360001523215
Valence-d'Agen;VALENCE;TARN-ET-GARONNE;0.891652133340273;44.11176905723221
Houdan;HOUDAN;YVELINES;1.602775646259152;48.79600087528386
Champagne-sur-Seine;CHAMPAGNE-SUR-SEINE;SEINE-ET-MARNE;2.799388254139055;48.406631413045
Longjumeau;LONGJUMEAU;ESSONNE;2.293143129552544;48.702569507496214
Gaillac;GAILLAC;TARN;1.895548383102963;43.90650910654982
Thedirac-Peyrilles;PEYRILLES;LOT;1.341566152660996;44.60660060180393
Sathonay-Rillieux;SATHONAY-CAMP;RHONE;4.878429559171022;45.82260534853966
Boulogne-Tintelleries;BOULOGNE-SUR-MER;PAS-DE-CALAIS;1.609335297413551;50.72731902983388
Ballancourt;BALLANCOURT-SUR-ESSONNE;ESSONNE;2.371185007383889;48.53222208980665
Villers-St-Paul;VILLERS-SAINT-PAUL;OISE;2.489632269247999;49.282575677997265
Beaucaire;BEAUCAIRE;GARD;4.647372766110843;43.802158264377375
Raismes;RAISMES;NORD;3.478796397466136;50.390022831956706
Plancoet;PLANCOET;COTES-D'ARMOR;-2.228808444008036;48.52143574734171
Roissy-Aeroport-Charles-de-Gaulle 1;TREMBLAY-EN-FRANCE;SEINE-SAINT-DENIS;2.555963637162915;49.008827418225586
Chasse-sur-Rhone;CHASSE-SUR-RHONE;ISERE;4.795063408181971;45.582681217251555
Vayres;VAYRES;GIRONDE;-0.316121575383884;44.89662081694384
Rosny-sur-Seine;ROSNY-SUR-SEINE;YVELINES;1.630118489473192;48.997391608149435
Aubigny-sur-Nere;AUBIGNY-SUR-NERE;CHER;2.436896672159076;47.49311445503215
Tamnay-Chatillon;TAMNAY-EN-BAZOIS;NIEVRE;3.723574270703639;47.053553826603185
Hirson;HIRSON;AISNE;4.08438898225065;49.91432071939693
Foix;FOIX;ARIEGE;1.606884171012564;42.96964899731326
Ur-les-Escaldes;UR;PYRENEES-ORIENTALES;1.940466997147396;42.45747121161789
Mareuil-sur-Ourcq;MAREUIL-SUR-OURCQ;OISE;3.075701654777109;49.13564457102928
Besle;GUEMENE-PENFAO;LOIRE-ATLANTIQUE;-1.870113281883948;47.69932007739704
Surdon;LE CHATEAU-D'ALMENECHES;ORNE;0.13454560695141;48.665014850857034
Nimes-Pont du Gard;MANDUEL;GARD;4.507722679137596;43.81678434080806
Florensac;SAINT-THIBERY;HERAULT;3.434521429992826;43.388703359863754
Lumes;LUMES;ARDENNES;4.783240563825568;49.73298159988859
Seyssel-Corbonod;CORBONOD;AIN;5.831263014864032;45.96313171321338
Courcelles-sur-Nied;COURCELLES-SUR-NIED;MOSELLE;6.310989071505479;49.06348880498309
Bailleau-le-Pin;BAILLEAU-LE-PIN;EURE-ET-LOIR;1.324843969483643;48.366869682068945
Chatelaillon;CHATELAILLON-PLAGE;CHARENTE-MARITIME;-1.090989736597357;46.07853714219941
Quiberon;QUIBERON;MORBIHAN;-3.118160276976785;47.48560436515137
Gimont-Cahuzac;GIMONT;GERS;0.867583714386745;43.63309623244655
St-Lo;SAINT-LO;MANCHE;-1.102947178681673;49.11459815333768
Choisy-le-Roi;CHOISY-LE-ROI;VAL-DE-MARNE;2.412118619716405;48.76258561829652
La Chaux-des-Crotenay;CHAUX-DES-CROTENAY;JURA;5.943833304718496;46.65450363729537
Is-sur-Tille;MARCILLY-SUR-TILLE;COTE-D'OR;5.129777870847223;47.52023448752397
Baziege;BAZIEGE;HAUTE-GARONNE;1.621469112724383;43.45312349065272
Lure;LURE;HAUTE-SAONE;6.477195804396802;47.68405459853941
St-Julien-Clenay;SAINT-JULIEN;COTE-D'OR;5.128141289419931;47.405732348938635
Verdun;VERDUN;MEUSE;5.378755568857466;49.16551301257006
Marseille-St-Charles;MARSEILLE;BOUCHES-DU-RHONE;5.380843379830792;43.3032831626636
Valmy;VALMY;MARNE;4.788962277267343;49.08023051698906
Alet-les-Bains;ALET-LES-BAINS;AUDE;2.251998052127515;42.99727450737012
Attichy;JAULZY;OISE;3.044856797075439;49.4006331415976
Tours;TOURS;INDRE-ET-LOIRE;0.695192977217624;47.388438587214054
Auxonne;TILLENAY;COTE-D'OR;5.377225055529029;47.19256610539127
Pontcharra-St-Forgeux;VINDRY-SUR-TURDINE;RHONE;4.492874139535877;45.871505178111924
Coudray-Montceaux;LE COUDRAY-MONTCEAUX;ESSONNE;2.492520676729849;48.56615723437016
Le Grand-Jardin;LISIEUX;CALVADOS;0.227291666955486;49.15045454580296
St-Cyr;SAINT-CYR-L'ECOLE;YVELINES;2.072735799113365;48.798613176484764
Narbonne;NARBONNE;AUDE;3.008786200782202;43.193210182808116
Bassens;BASSENS;GIRONDE;-0.522309489371856;44.90115223104535
Montrejeau-Gourdan-Polignan;GOURDAN-POLIGNAN;HAUTE-GARONNE;0.573211731271617;43.078110601964326
Villeneuve-les-Maguelone;VILLENEUVE-LES-MAGUELONE;HERAULT;3.849918487029219;43.54375510740702
Terrasson;TERRASSON-LAVILLEDIEU;DORDOGNE;1.300452199242479;45.13580461290423
Genlis;GENLIS;COTE-D'OR;5.224098523191535;47.244349757484756
Viry;VIRY;HAUTE-SAVOIE;6.03006274975377;46.124035235410346
Peille;PEILLE;ALPES-MARITIMES;7.380069988960343;43.791936473064396
St-Remy-en-l'Eau;SAINT-REMY-EN-L'EAU;OISE;2.426086461191058;49.468631616410335
Facture-Biganos;BIGANOS;GIRONDE;-0.966206293149982;44.63717129178578
St-Jacques-de-la-Lande;SAINT-JACQUES-DE-LA-LANDE;ILLE-ET-VILAINE;-1.713744867447442;48.06757271989054
Grenoble-Universite-Gieres;GIERES;ISERE;5.784641753561916;45.184967707601984
Luzy;LUZY;NIEVRE;3.969128076226552;46.7943472528084
Figeac;FIGEAC;LOT;2.036038501644137;44.60412369594922
Lezoux;LEZOUX;PUY-DE-DOME;3.386064085489927;45.821112987613354
Le Stade;COLOMBES;HAUTS-DE-SEINE;2.260875368745547;48.93119792775358
Morbier;MORBIER;JURA;6.0177460320524;46.53929026402093
Champagne-sur-Oise;CHAMPAGNE-SUR-OISE;VAL-D'OISE;2.241409693547037;49.13551947940391
St-Gratien;SAINT-GRATIEN;VAL-D'OISE;2.285157124100721;48.96387846079438
Lunas;LUNAS;HERAULT;3.194890513421277;43.709542203879316
Meroux;MEROUX-MOVAL;TERRITOIRE-DE-BELFORT;6.8986152656091;47.586796809773254
Billy-Montigny;BILLY-MONTIGNY;PAS-DE-CALAIS;2.912027846162156;50.41528974369777
Jeandelize;JEANDELIZE;MEURTHE-ET-MOSELLE;5.788966385138067;49.16357419821692
Mennetou-sur-Cher;MENNETOU-SUR-CHER;LOIR-ET-CHER;1.876751857359999;47.26893883665513
Bourgneuf-en-Retz;VILLENEUVE-EN-RETZ;LOIRE-ATLANTIQUE;-1.955093984580618;47.04698051501943
Chalandray;CHALANDRAY;VIENNE;-0.002797909664154;46.66450455548419
Strasbourg-Ville;STRASBOURG;BAS-RHIN;7.731594953278417;48.58287025491014
Virieu-le-Grand-Belley;VIRIEU-LE-GRAND;AIN;5.654725980428987;45.84924199087159
Pierre-Buffiere;PIERRE-BUFFIERE;HAUTE-VIENNE;1.346345024380381;45.69989311225357
Blagny;BLAGNY;ARDENNES;5.189218780985274;49.61985028140475
Argentan;MOULINS-SUR-ORNE;ORNE;-0.043834638492632;48.75597443299157
Hasenrain;MULHOUSE;HAUT-RHIN;7.33091155410375;47.73613263189173
Semur-en-Auxois;SEMUR-EN-AUXOIS;COTE-D'OR;4.341946096567425;47.48820611970223
Besancon-Mouillere;BESANCON;DOUBS;6.034041759023006;47.24051893307606
Pontmort;CHAMBARON SUR MORGE;PUY-DE-DOME;3.160108821953173;45.93973074577569
Becon-les-Bruyeres;COURBEVOIE;HAUTS-DE-SEINE;2.268812548835781;48.90516953339948
Jarville-la-Malgrange;JARVILLE-LA-MALGRANGE;MEURTHE-ET-MOSELLE;6.202962761753174;48.66998760751356
Vertou;VERTOU;LOIRE-ATLANTIQUE;-1.477960707809942;47.18605510217721
Auffay;VAL-DE-SCIE;SEINE-MARITIME;1.098440484692693;49.71619084676501
Selommes;SELOMMES;LOIR-ET-CHER;1.193306201849907;47.750884609578925
Garnay;GARNAY;EURE-ET-LOIR;1.345943393170927;48.7033345172712
Amboise;AMBOISE;INDRE-ET-LOIRE;0.981144860058096;47.421508738952035
Sury-le-Comtal;SURY-LE-COMTAL;LOIRE;4.182500701650796;45.529055122747025
Gretz-Armainvilliers;GRETZ-ARMAINVILLIERS;SEINE-ET-MARNE;2.72930435756889;48.74481144043109
Ham-en-Artois;HAM-EN-ARTOIS;PAS-DE-CALAIS;2.466075551732472;50.589559825962844
La Redonne-Ensues;ENSUES-LA-REDONNE;BOUCHES-DU-RHONE;5.197596789801643;43.33435329028057
Dercy-Mortiers;MORTIERS;AISNE;3.679065576660959;49.69079213870804
Chenevieres;CHENEVIERES;MEURTHE-ET-MOSELLE;6.632746442850364;48.519523575847124
Aubrives;AUBRIVES;ARDENNES;4.761766683434948;50.10432227905831
Wacquemoulin;WACQUEMOULIN;OISE;2.611669730158165;49.50289085206648
Argentan;ARGENTAN;ORNE;-0.025596463224221;48.73832368544273
Ytrac;YTRAC;CANTAL;2.364531007995343;44.910556123694676
Ancerville-Gue;ANCERVILLE;MEUSE;5.011229381005264;48.6162225595888
Fains-la-Folie;EOLE-EN-BEAUCE;EURE-ET-LOIR;1.647699524798858;48.223742482299464
Morannes;MORANNES SUR SARTHE-DAUMERAY;MAINE-ET-LOIRE;-0.418122862095647;47.738861073425255
Paris-Batignolles;PARIS;PARIS;2.308863379165705;48.89115496299491
L'Aigle;L'AIGLE;ORNE;0.62003780324875;48.7665705811492
La Fouillouse;LA FOUILLOUSE;LOIRE;4.317339239343408;45.49747332023421
Polisot;POLISOT;AUBE;4.384352001331836;48.07309328540291
Domblans-Voiteur;DOMBLANS;JURA;5.59759784914124;46.76208285779334
Beauvoisin;BEAUVOISIN;GARD;4.321314654976703;43.72450877614106
Les Ormes-sur-Vienne;LES ORMES;VIENNE;0.607910383068543;46.971756371385645
Cases-de-Pene;ESPIRA-DE-L'AGLY;PYRENEES-ORIENTALES;2.793116620024166;42.77898338998102
Landivisiau;LANDIVISIAU;FINISTERE;-4.08292718584242;48.49577732549493
Aniche;ANICHE;NORD;3.252851334014792;50.32873857188257
St-Quentin;SAINT-QUENTIN;AISNE;3.297098870120037;49.839760709390845
La Tour-du-Pin;LA TOUR-DU-PIN;ISERE;5.450451660635005;45.55994702648007
Assat;ASSAT;PYRENEES-ATLANTIQUES;-0.29498936083813;43.254401679700926
Bolquere-Eyne;BOLQUERE;PYRENEES-ORIENTALES;2.084884891133535;42.49829560514377
St-Michel-sur-Orge;SAINT-MICHEL-SUR-ORGE;ESSONNE;2.30709915778822;48.633968645205
Jussey;JUSSEY;HAUTE-SAONE;5.90047413273381;47.83715517781979
Aubin-St-Vaast;AUBIN-SAINT-VAAST;PAS-DE-CALAIS;1.970667038993278;50.39453048067372
Fontenay-le-Comte;FONTENAY-LE-COMTE;VENDEE;-0.792834551515928;46.462471191902075
Bersac;BERSAC-SUR-RIVALIER;HAUTE-VIENNE;1.432342536199712;46.08618159208703
Peillon-Ste-Thecle;PEILLON;ALPES-MARITIMES;7.366860146547884;43.7679262437941
Assier;ASSIER;LOT;1.869429048238437;44.67467122400689
Entraigues-sur-la-Sorgue;ENTRAIGUES-SUR-LA-SORGUE;VAUCLUSE;4.922475787253516;44.005387001593526
Lachaud-Curmilhac;VISSAC-AUTEYRAC;HAUTE-LOIRE;3.610659464854105;45.123283179625744
Templeuve;TEMPLEUVE-EN-PEVELE;NORD;3.176143582147327;50.5288769970153
Savennieres-Behuard;SAVENNIERES;MAINE-ET-LOIRE;-0.654527295045953;47.38152499451488
Epernon;EPERNON;EURE-ET-LOIR;1.681695340721524;48.605087016642926
Voves;LES VILLAGES VOVEENS;EURE-ET-LOIR;1.622200291347836;48.27507793157768
Origny-en-Thierache;ORIGNY-EN-THIERACHE;AISNE;4.024297576660078;49.89068926048639
Champigny-sur-Yonne;CHAMPIGNY;YONNE;3.129359556934309;48.324420171004704
Bobigny;BOBIGNY;SEINE-SAINT-DENIS;2.431052115888343;48.91052248779573
Somain;SOMAIN;NORD;3.272912807956583;50.35443988159286
Peltre;PELTRE;MOSELLE;6.221716362377416;49.07396145550191
St-Aubin-du-Vieil-Evreux;LE VIEIL-EVREUX;EURE;1.210733941597797;48.99833773837171
Oissel;TOURVILLE-LA-RIVIERE;SEINE-MARITIME;1.102929525618696;49.33119425728721
Grand'Combe-La Pise;LA GRAND-COMBE;GARD;4.032588489702349;44.2097170527969
St-Pierre-sur-Dives;SAINT-PIERRE-EN-AUGE;CALVADOS;-0.040558107369552;49.02325439398692
Voyenne;VOYENNE;AISNE;3.720663949765539;49.72623069198837
Orchamps;ORCHAMPS;JURA;5.659086247852784;47.15020067481366
Beillant;SAINT-SEVER-DE-SAINTONGE;CHARENTE-MARITIME;-0.526396353790637;45.70108980651848
Etriche-Chateauneuf;ETRICHE;MAINE-ET-LOIRE;-0.460619244938107;47.65667677103774
Liancourt-Rantigny;RANTIGNY;OISE;2.445441543358006;49.32516189953008
Walbourg;WALBOURG;BAS-RHIN;7.809328235745368;48.885916360605734
Mandelieu-la-Napoule;MANDELIEU-LA-NAPOULE;ALPES-MARITIMES;6.94150442861314;43.52396771275616
Roissy-en-Brie;ROISSY-EN-BRIE;SEINE-ET-MARNE;2.650477016233284;48.79562254504369
Maisse;MAISSE;ESSONNE;2.393061282260811;48.393174013107334
Cagnes-sur-Mer;CAGNES-SUR-MER;ALPES-MARITIMES;7.148336597291083;43.65766293778494
Pont-Melvez;PONT-MELVEZ;COTES-D'ARMOR;-3.311372985807946;48.47012313136048
St-Andre;LAMBERSART;NORD;3.034191483051031;50.65659450512642
Diarville;HOUSSEVILLE;MEURTHE-ET-MOSELLE;6.126315067209317;48.397829059648124
Montaigu-Vendee;MONTAIGU-VENDEE;VENDEE;-1.316396908806643;46.9837639132508
Brienne-le-Chateau;BRIENNE-LE-CHATEAU;AUBE;4.532349899013344;48.39604854521854
Conflans-Ste-Honorine;CONFLANS-SAINTE-HONORINE;YVELINES;2.098539420110265;48.99710364626656
Lasserre;MONCRABEAU;LOT-ET-GARONNE;0.367188297341272;44.06555400760665
Gerzat;GERZAT;PUY-DE-DOME;3.143096869688812;45.833312882972244
Lannion;LANNION;COTES-D'ARMOR;-3.460362272489274;48.72722615858606
St-Sebastien-Pas-Enchantes;SAINT-SEBASTIEN-SUR-LOIRE;LOIRE-ATLANTIQUE;-1.511147069114623;47.207052760047006
Versailles-Matelots;VERSAILLES;YVELINES;2.095775460882699;48.79552324909166
La Roche-sur-Foron;LA ROCHE-SUR-FORON;HAUTE-SAVOIE;6.303725828021828;46.06749064106157
Bourg-en-Bresse;BOURG-EN-BRESSE;AIN;5.214555697548378;46.20045973444396
Longpont;LONGPONT;AISNE;3.230148701570269;49.272645674359715
Deluz;DELUZ;DOUBS;6.19949665098765;47.29261556660638
Airvault-Gare;AIRVAULT;DEUX-SEVRES;-0.145375927325575;46.80710706732838
Nantes;NANTES;LOIRE-ATLANTIQUE;-1.518765979566461;47.226238868091336
Colomiers;COLOMIERS;HAUTE-GARONNE;1.334473328210364;43.6034491010247
St-Cloud;SAINT-CLOUD;HAUTS-DE-SEINE;2.209983705809441;48.84049030729682
Bondy;BONDY;SEINE-SAINT-DENIS;2.478714466495549;48.8939012076903
Dachstein;MOLSHEIM;BAS-RHIN;7.532650695702075;48.54274385104751
Ax-les-Thermes;AX-LES-THERMES;ARIEGE;1.83346662646096;42.724771434731764
Savigny-le-Temple-Nandy;SAVIGNY-LE-TEMPLE;SEINE-ET-MARNE;2.583524582251346;48.5970370806154
St-Denis-des-Murs;SAINT-DENIS-DES-MURS;HAUTE-VIENNE;1.551115443571073;45.78907725482234
Pont-de-l'Arche;ALIZAY;EURE;1.159660444556483;49.316910719160795
Darsac;VERNASSAL;HAUTE-LOIRE;3.737880881412502;45.141596161800805
Juziers;JUZIERS;YVELINES;1.845818060945136;48.99220680697608
Daours;AUBIGNY;SOMME;2.459621713897595;49.89955214784695
La Madeleine;LA MADELEINE;NORD;3.072112195212926;50.66075064520697
Beziers;BEZIERS;HERAULT;3.21957141341165;43.336016861538425
La Haie-Fouassiere;LA HAIE-FOUASSIERE;LOIRE-ATLANTIQUE;-1.392252826266998;47.16148711034788
Nouan-le-Fuzelier;NOUAN-LE-FUZELIER;LOIR-ET-CHER;2.032486738063988;47.53653451675315
Beautiran;BEAUTIRAN;GIRONDE;-0.450040817665555;44.701045740128066
Limoges-Montjovis;LIMOGES;HAUTE-VIENNE;1.251596775957024;45.83843758054152
Bas-Monistrol;BAS-EN-BASSET;HAUTE-LOIRE;4.139526499087438;45.29721132548249
Hargicourt-Pierrepont;TROIS-RIVIERES;SOMME;2.531831292120172;49.71365379571771
Coignieres;COIGNIERES;YVELINES;1.921580814767206;48.74379554346642
Bricon;BRICON;HAUTE-MARNE;4.97924536938223;48.087446851442174
Moosch;MOOSCH;HAUT-RHIN;7.05076456902281;47.86083143899345
Montchanin;MONTCHANIN;SAONE-ET-LOIRE;4.481330517947978;46.75939369432185
Lucay-le-Male;LUCAY-LE-MALE;INDRE;1.436029821249122;47.13305556489261
Bandol;BANDOL;VAR;5.749815526229215;43.140491048348736
Noyal-Acigne;NOYAL-SUR-VILAINE;ILLE-ET-VILAINE;-1.52841295004082;48.118894457412814
Vonnas;VONNAS;AIN;4.991896805339235;46.227242116261685
La Bachellerie;SAINT-RABIER;DORDOGNE;1.160167553540784;45.15108062574905
Asnieres-les-Bourges;BOURGES;CHER;2.416482084621402;47.11905408942544
Vandieres;VANDIERES;MEURTHE-ET-MOSELLE;6.03900429105896;48.95248679502622
St-Pierre-d'Albigny;SAINT-PIERRE-D'ALBIGNY;SAVOIE;6.156333740100027;45.557165151897564
Fougerolles;FOUGEROLLES-SAINT-VALBERT;HAUTE-SAONE;6.408212178322897;47.88816786855349
Haubourdin;HAUBOURDIN;NORD;2.98961205988613;50.60664291744003
Pont-Ste-Maxence;PONT-SAINTE-MAXENCE;OISE;2.602856468438373;49.309988250616065
Magnac-Vicq;VICQ-SUR-BREUILH;HAUTE-VIENNE;1.443594275433421;45.62927363526485
Pontivy;PONTIVY;MORBIHAN;-2.965775460249527;48.0615601977653
Rosa Parks;PARIS;PARIS;2.3797957115818;48.89758531281426
Thaon;THAON-LES-VOSGES;VOSGES;6.415969286832468;48.24468016503647
Mionnay;MIONNAY;AIN;4.91976626334603;45.89672880466212
Lumbres;LUMBRES;PAS-DE-CALAIS;2.119656584832316;50.700622768538665
Hombourg-Budange;HOMBOURG-BUDANGE;MOSELLE;6.350766897687048;49.2824671530257
Walbach;WINTZENHEIM;HAUT-RHIN;7.233704021874975;48.057922220345525
Vesoul;VESOUL;HAUTE-SAONE;6.152073277180682;47.61752703527606
Chatillon-sur-Seine;CHATILLON-SUR-SEINE;COTE-D'OR;4.575398911895291;47.87533770637098
Chevilly;CHEVILLY;LOIRET;1.879300254130623;48.02648913514159
Chatelaudren-Plouagat;CHATELAUDREN-PLOUAGAT;COTES-D'ARMOR;-2.974164934438718;48.533233396218996
Aix-en-Provence-Marchandises;AIX-EN-PROVENCE;BOUCHES-DU-RHONE;5.361297371448405;43.49843577804239
Premery;PREMERY;NIEVRE;3.332931459801157;47.171232922615985
Angouleme;ANGOULEME;CHARENTE;0.16414524722233;45.65364279345685
Puteaux;PUTEAUX;HAUTS-DE-SEINE;2.233808729504566;48.88351576455218
Bossey-Veyrier;ETREMBIERES;HAUTE-SAVOIE;6.181542318223384;46.159830365081774
Dourges;DOURGES;PAS-DE-CALAIS;2.987020801896205;50.43219637796586
Serifontaine;SERIFONTAINE;OISE;1.763928393006749;49.357294436674024
Zillisheim;ZILLISHEIM;HAUT-RHIN;7.2952838596288;47.694482232398364
Seugy;SEUGY;VAL-D'OISE;2.398158008359361;49.118901164745715
Senozan;SENOZAN;SAONE-ET-LOIRE;4.870697323543834;46.39138853749181
Cloyes;CLOYES-LES-TROIS-RIVIERES;EURE-ET-LOIR;1.243387797006062;47.99227491256414
Les Echets;MIRIBEL;AIN;4.910745269670009;45.87449953647197
Avignonet;AVIGNONET-LAURAGAIS;HAUTE-GARONNE;1.788541540811148;43.363478295286
Limoux;LIMOUX;AUDE;2.223087178016785;43.05646966541196
L'Arbresle;EVEUX;RHONE;4.619148264726182;45.83331945489083
Pont-Hebert;RAMPAN;MANCHE;-1.127081759870843;49.16193485949857
Schopperten;SCHOPPERTEN;BAS-RHIN;7.055576639754776;48.945922397717084
Villiers-Montbarbin;CRECY-LA-CHAPELLE;SEINE-ET-MARNE;2.883149204996345;48.86325651023435
Limoux-Flassian;LIMOUX;AUDE;2.218549786847058;43.06845459182889
Igney-Avricourt;AVRICOURT;MOSELLE;6.804840515668056;48.64634201852442
Mezidon;MEZIDON VALLEE D'AUGE;CALVADOS;-0.075082372517223;49.07088262274481
Rosieres;ROSIERES-EN-SANTERRE;SOMME;2.71132836787513;49.82273267045025
St-Julien-du-Sault;SAINT-JULIEN-DU-SAULT;YONNE;3.303670571003013;48.027848551444485
Pagny-sur-Meuse;PAGNY-SUR-MEUSE;MEUSE;5.733919080028878;48.696703195175445
Brazey-en-Plaine;BRAZEY-EN-PLAINE;COTE-D'OR;5.211806724733714;47.131778021198976
Montaignac-St-Hippolyte;MONTAIGNAC-SUR-DOUSTRE;CORREZE;1.97879848236201;45.35405232684415
Hunspach;HUNSPACH;BAS-RHIN;7.954017147393979;48.961462272109436
St-Ours-les-Roches;SAINT-OURS;PUY-DE-DOME;2.908442753072269;45.833788193653234
Musee-d'Orsay;PARIS;PARIS;2.328549939017303;48.85993118576402
Vierzy;VIERZY;AISNE;3.277623645641786;49.29089353629163
Rixheim;RIXHEIM;HAUT-RHIN;7.396091642310116;47.752294752995354
Agen;AGEN;LOT-ET-GARONNE;0.621048372800292;44.208341089900124
Quintin;SAINT-BRANDAN;COTES-D'ARMOR;-2.891700844368296;48.39735236712676
Pointe-de-Grave;LE VERDON-SUR-MER;GIRONDE;-1.065586765452165;45.5666680609116
Tournus;TOURNUS;SAONE-ET-LOIRE;4.90639983186675;46.56673691344488
Stenay;STENAY;MEUSE;5.170814631984934;49.493805074572684
Viroflay-Rive-Droite;VIROFLAY;YVELINES;2.168330429239693;48.80545011624403
Messac-Guipry;GUIPRY-MESSAC;ILLE-ET-VILAINE;-1.818552894324703;47.82231315304846
Baroncourt;DOMMARY-BARONCOURT;MEUSE;5.699743195956633;49.28431643910143
Laissac;LAISSAC-SEVERAC L'EGLISE;AVEYRON;2.82231186388015;44.3750538540899
Clermont-La Rotonde;CLERMONT-FERRAND;PUY-DE-DOME;3.090602610395683;45.76791961678115
Rosheim;ROSHEIM;BAS-RHIN;7.491321398410758;48.505209749442734
Douai;DOUAI;NORD;3.090430914770062;50.37158212907979
Ingrandes-sur-Loire;INGRANDES-LE FRESNE SUR LOIRE;MAINE-ET-LOIRE;-0.92064029038065;47.40582089035482
Latour-de-Carol-Enveitg;ENVEITG;PYRENEES-ORIENTALES;1.904435615665401;42.45891597043509
Duttlenheim;DACHSTEIN;BAS-RHIN;7.566239496050476;48.54543654154971
Villars-les-Dombes;VILLARS-LES-DOMBES;AIN;5.028308326099552;46.00424712787144
Fontenay-le-Fleury;FONTENAY-LE-FLEURY;YVELINES;2.041108118681261;48.807151101822356
Luzarches;LUZARCHES;VAL-D'OISE;2.421561278801477;49.11770271668709
Aiserey;AISEREY;COTE-D'OR;5.157576590444653;47.17074180793193
Sisteron;SISTERON;ALPES-DE-HAUTE-PROVENCE;5.947047136823874;44.189706319323065
Montherme;BOGNY-SUR-MEUSE;ARDENNES;4.740114617174918;49.866096283736084
Colombiers;COLOMBIERS;HERAULT;3.140391822744457;43.31893977710763
Labarthe-Avezac;AVEZAC-PRAT-LAHITTE;HAUTES-PYRENEES;0.361662204714232;43.08230065073437
Champigneulles;CHAMPIGNEULLES;MEURTHE-ET-MOSELLE;6.169216543608357;48.73509494287865
Lutterbach (Haut-Rhin);LUTTERBACH;HAUT-RHIN;7.276982614409168;47.758101692721695
Romaneche-Thorins;ROMANECHE-THORINS;RHONE;4.742187589001408;46.176273963655014
Oullins;OULLINS;RHONE;4.813460489416504;45.71685327219127
Neufchateau;NEUFCHATEAU;VOSGES;5.690906679275268;48.35853250934354
Conde-sur-Vire;CONDE-SUR-VIRE;MANCHE;-1.039980047765918;49.05125552578295
Couze;LALINDE;DORDOGNE;0.703980133487489;44.83641138768512
Givors-Canal;GIVORS;RHONE;4.772375239369936;45.59606795730501
Versailles-Chantiers;VERSAILLES;YVELINES;2.136152834267719;48.79551512858427
Marignac-St-Beat;MARIGNAC;HAUTE-GARONNE;0.651983192271137;42.91546574727395
Le Coteau;LE COTEAU;LOIRE;4.08631855553161;46.023554212978496
Pont-d'Ain;PONT-D'AIN;AIN;5.334213116969928;46.05385683262983
Serdinya;SERDINYA;PYRENEES-ORIENTALES;2.323221995415574;42.56698185636394
St-Amand-les-Eaux;SAINT-AMAND-LES-EAUX;NORD;3.412495431096073;50.44598752949574
Pont-de-la-Deule;FLERS-EN-ESCREBIEUX;NORD;3.084946919323701;50.39768903291043
Angoulins-sur-Mer;ANGOULINS;CHARENTE-MARITIME;-1.115623560111951;46.10794733842751
Ste-Leocadie;SAINTE-LEOCADIE;PYRENEES-ORIENTALES;2.010769165615426;42.441308040980225
Chaulnes;CHAULNES;SOMME;2.802085456528031;49.80704259461086
Miribel;MIRIBEL;AIN;4.953756089762523;45.82181668995889
Annecy;ANNECY;HAUTE-SAVOIE;6.121832970715078;45.90221094284461
Meyrargues;MEYRARGUES;BOUCHES-DU-RHONE;5.539284286572694;43.644079505354135
Montaigut;MONTAIGUT-LE-BLANC;CREUSE;1.733969543853879;46.136892801435906
Orleans;ORLEANS;LOIRET;1.90475970109187;47.90815419279802
Sevres-Ville-d'Avray;SEVRES;HAUTS-DE-SEINE;2.200787293018457;48.82741176034041
La Jonchere;LA JONCHERE-SAINT-MAURICE;HAUTE-VIENNE;1.482236597315255;45.99547345430206
Mezin;MEZIN;LOT-ET-GARONNE;0.248974597042553;44.05928473340328
Obermodern;OBERMODERN-ZUTZENDORF;BAS-RHIN;7.547027621205904;48.84250786767418
Port-de-Piles;LA CELLE-SAINT-AVANT;INDRE-ET-LOIRE;0.5986678528766;47.01026205394025
Moulins-sur-Yevre;MOULINS-SUR-YEVRE;CHER;2.517275072753892;47.08252755038343
Vigneux-sur-Seine;VIGNEUX-SUR-SEINE;ESSONNE;2.414485371610876;48.7084287511915
Joigny-sur-Meuse;JOIGNY-SUR-MEUSE;ARDENNES;4.767798406916734;49.83304792527545
Grigny-Centre;GRIGNY;ESSONNE;2.394129417096676;48.65119762829812
Banassac-La Canourgue;BANASSAC-CANILHAC;LOZERE;3.196254083905296;44.44756428729797
Rimaucourt;RIMAUCOURT;HAUTE-MARNE;5.332839367117721;48.26385832796413
Chepy-Valines;CHEPY;SOMME;1.635877525001808;50.068273334840214
Saverdun;SAVERDUN;ARIEGE;1.570693505005694;43.2393788222438
Auboue;AUBOUE;MEURTHE-ET-MOSELLE;5.970192427814392;49.21595030308611
Francheville;FRANCHEVILLE;RHONE;4.770411272700129;45.73170828178038
Villers-Bretonneux;VILLERS-BRETONNEUX;SOMME;2.52158266337183;49.86262910170623
Mayet;MAYET;SARTHE;0.265937532744148;47.76008523771197
Concarneau;CONCARNEAU;FINISTERE;-3.920653487296092;47.877753821531186
Buzancais;BUZANCAIS;INDRE;1.416597864519496;46.88814364076068
Montlucon-Eau;MONTLUCON;ALLIER;2.591964369298358;46.36168535140353
Bailleul-Sir-Berthoult;BAILLEUL-SIR-BERTHOULT;PAS-DE-CALAIS;2.840839307618612;50.33448426394891
St-Maur-sur-Indre;SAINT-MAUR;INDRE;1.627111446648888;46.80269930355671
St-Senoux-Plechatel;SAINT-SENOUX;ILLE-ET-VILAINE;-1.766135330503265;47.89787749005208
St-Florentin-Vergigny;VERGIGNY;YONNE;3.729929252026178;47.98020249062703
Tulle;TULLE;CORREZE;1.757424216511593;45.25794001504676
Lardy;LARDY;ESSONNE;2.253571152085942;48.519964986339474
Le Valdahon;VALDAHON;DOUBS;6.34238015058726;47.149816892748554
Alencon;ALENCON;ORNE;0.099146402339928;48.43394020457713
Kruth;KRUTH;HAUT-RHIN;6.969472921578649;47.923391148754874
Maromme;NOTRE-DAME-DE-BONDEVILLE;SEINE-MARITIME;1.050812936294812;49.47995060622689
Le Molay-Littry;LE MOLAY-LITTRY;CALVADOS;-0.881589184516523;49.24920849297646
Baillargues;BAILLARGUES;HERAULT;4.006768360783083;43.653138822741845
Les Quatre-Routes;LE VIGNON-EN-QUERCY;LOT;1.643741723887314;44.99766668078274
Estrees-St-Denis;ESTREES-SAINT-DENIS;OISE;2.642715127062509;49.43788257800022
Aigrefeuille-Le Thou;LE THOU;CHARENTE-MARITIME;-0.952083708878203;46.09393484633778
Groslay;GROSLAY;VAL-D'OISE;2.353836106473294;48.9844996702509
Lille-Europe;LILLE;NORD;3.075358680700009;50.63937158035179
Severac-le-Chateau;SEVERAC D'AVEYRON;AVEYRON;3.056233833704843;44.32588340399582
Corcieux-Vanemont;LA HOUSSIERE;VOSGES;6.877630055927241;48.19841684438636
Remy;REMY;OISE;2.70574972068875;49.43317272238422
St-Piat;SAINT-PIAT;EURE-ET-LOIR;1.590248880831111;48.54288412127952
Savonnieres;SAVONNIERES;INDRE-ET-LOIRE;0.544098494950576;47.36062667812934
Lyon-Gorge-de-Loup;LYON;RHONE;4.804524590633849;45.765956329548665
Chatellerault;CHATELLERAULT;VIENNE;0.549511359941678;46.81853401630969
Baraqueville-Carcenac-Peyrales;BARAQUEVILLE;AVEYRON;2.428143927438019;44.270603189325136
Courbevoie;COURBEVOIE;HAUTS-DE-SEINE;2.248123472859284;48.898145474333724
Cormeilles-en-Parisis;CORMEILLES-EN-PARISIS;VAL-D'OISE;2.193380215177233;48.968388207390454
Fos-Viguerat;FOS-SUR-MER;BOUCHES-DU-RHONE;4.837830676639272;43.458162704297315
Thues;THUES-ENTRE-VALLS;PYRENEES-ORIENTALES;2.222778080202633;42.522906676549844
Bernay;BERNAY;EURE;0.595806572158335;49.08703884113328
Cornil;CORNIL;CORREZE;1.697798774854842;45.21519625713731
Sausset-les-Pins;SAUSSET-LES-PINS;BOUCHES-DU-RHONE;5.110071485855709;43.332982152777
Autun;AUTUN;SAONE-ET-LOIRE;4.292902253657597;46.95495665067907
Siorac-en-Perigord;SIORAC-EN-PERIGORD;DORDOGNE;0.987829145665422;44.81996737198574
Varennes-sur-Allier;VARENNES-SUR-ALLIER;ALLIER;3.394060932843521;46.31531678890195
Autet;AUTET;HAUTE-SAONE;5.700661667009132;47.54129732337047
Saintes;SAINTES;CHARENTE-MARITIME;-0.617587884909049;45.74784035534782
La Ferte-Hauterive;LA FERTE-HAUTERIVE;ALLIER;3.354438019044916;46.390185803516005
Prunay;PRUNAY;MARNE;4.183760460727639;49.19871245335
St-Martin-de-Crau;SAINT-MARTIN-DE-CRAU;BOUCHES-DU-RHONE;4.800261847043873;43.62222528605967
Farbus;FARBUS;PAS-DE-CALAIS;2.831068444424471;50.3577483374866
Creutzwald;CREUTZWALD;MOSELLE;6.673892209155985;49.19473919724611
Bois-le-Roi;BOIS-LE-ROI;SEINE-ET-MARNE;2.69055173862894;48.476397503236576
Versailles-Rive-Droite;VERSAILLES;YVELINES;2.13569052240065;48.80960686623229
Port-Edouard-Herriot;LYON;RHONE;4.848069789504199;45.72811804068342
La Mothe-St-Heray;SAINTE-EANNE;DEUX-SEVRES;-0.129774274561548;46.38093567426709
Quillan;QUILLAN;AUDE;2.181744509481686;42.873609277848715
Pontrieux-Halte;PONTRIEUX;COTES-D'ARMOR;-3.164222507725801;48.69806346759606
Pierrefitte-Stains;PIERREFITTE-SUR-SEINE;SEINE-SAINT-DENIS;2.373001354559722;48.96437437461674
Colombes;COLOMBES;HAUTS-DE-SEINE;2.25954079780269;48.923810540672356
Strasbourg-Ville;STRASBOURG;BAS-RHIN;7.734259299051056;48.58506336156198
Jaunay-Clan;JAUNAY-MARIGNY;VIENNE;0.381853882075925;46.68198061597681
Venissieux-Nord;SAINT-PRIEST;RHONE;4.910924369072668;45.695887161525704
Champagney;CHAMPAGNEY;HAUTE-SAONE;6.701655766296653;47.70310904889356
Louvroil;LOUVROIL;NORD;3.952936580976273;50.2680647239787
Folligny;FOLLIGNY;MANCHE;-1.407073045906897;48.82959451174885
Dercy-Froidmont;DERCY;AISNE;3.692040868849259;49.70263602649007
Terrenoire;SAINT-ETIENNE;LOIRE;4.442503548289456;45.43500310430804
Anor;ANOR;NORD;4.092890353525895;49.98498862662841
Bournezeau;BOURNEZEAU;VENDEE;-1.177611060410453;46.651488845185106
St-Emilion;SAINT-EMILION;GIRONDE;-0.159157372499572;44.88112135214965
Mourmelon-le-Petit;MOURMELON-LE-PETIT;MARNE;4.317833475946309;49.13130217130067
Sept-Saulx;SEPT-SAULX;MARNE;4.256996396193811;49.15113148626445
La Celle-Correze;LACELLE;CORREZE;1.82649066526703;45.64127225845143
Villefranque;VILLEFRANQUE;PYRENEES-ATLANTIQUES;-1.456459173711385;43.43147515512119
Clairvaux;LONGCHAMP-SUR-AUJON;AUBE;4.80213372779124;48.158314107439786
Oulchy-Breny;BRENY;AISNE;3.352527882683758;49.1875213601501
Bordeaux-Bastide;BORDEAUX;GIRONDE;-0.538969146326845;44.859147955141346
Le Bouchet;LA ROCHE-RIGAULT;VIENNE;0.173178832579361;46.96872900737668
Le Sablon;GRIGNY;RHONE;4.796488261870416;45.607467980877495
Hesdigneul;HESDIGNEUL-LES-BOULOGNE;PAS-DE-CALAIS;1.666817540767514;50.66096776465705
Cavaillon (MIN);CAVAILLON;VAUCLUSE;5.046659091199488;43.82538806376789
Schirmeck-La Broque;SCHIRMECK;BAS-RHIN;7.215942084030169;48.48000390764602
Cannes-Marchandises;CANNES;ALPES-MARITIMES;6.977245954740099;43.54733946992869
Buzy (Meuse);BUZY-DARMONT;MEUSE;5.711115267260615;49.17210944741518
Cheilly-les-Maranges;CHEILLY-LES-MARANGES;SAONE-ET-LOIRE;4.675645790792915;46.89258444391283
Villiers-sur-Marne-Le Plessis-Trevise;VILLIERS-SUR-MARNE;VAL-DE-MARNE;2.542603247392524;48.823117291772405
Hirson;HIRSON;AISNE;4.084428325266086;49.91429746247123
Podensac;PODENSAC;GIRONDE;-0.358939698001225;44.64885184891111
Crest;CREST;DROME;5.01558883215303;44.73033017773909
Garches-Marnes-la-Coquette;MARNES-LA-COQUETTE;HAUTS-DE-SEINE;2.186634102929027;48.837950561666695
La Folie-Nanterre;NANTERRE;HAUTS-DE-SEINE;2.221413022163876;48.89876955406198
Breteuil;BRETEUIL;EURE;0.920511245410059;48.83150788915903
Gambsheim;GAMBSHEIM;BAS-RHIN;7.879260591137476;48.69510389748331
Audun-le-Roman;AUDUN-LE-ROMAN;MEURTHE-ET-MOSELLE;5.90217760556085;49.3658117451871
Vernet-d'Ariege;LE VERNET;ARIEGE;1.611607072773937;43.18934614579822
Vauvert;VAUVERT;GARD;4.270078432371114;43.69506047010821
Baume-les-Dames;BAUME-LES-DAMES;DOUBS;6.359331703571241;47.35406376481064
Machilly;MACHILLY;HAUTE-SAVOIE;6.328385050923675;46.25277733637045
Rosieres-aux-Salines;DOMBASLE-SUR-MEURTHE;MEURTHE-ET-MOSELLE;6.350395622522612;48.605339854216645
Cosne-sur-Loire;COSNE-COURS-SUR-LOIRE;NIEVRE;2.932260348665754;47.413901352730996
Grandpuits-Bagneux;AUBEPIERRE-OZOUER-LE-REPOS;SEINE-ET-MARNE;2.940395649984255;48.59796225889293
Avignon-Fontcouverte;AVIGNON;VAUCLUSE;4.833013884121501;43.93772005868086
Chaumont;CHAUMONT;HAUTE-MARNE;5.134189625704901;48.10953988226059
Ste-Gauburge;SAINTE-GAUBURGE-SAINTE-COLOMBE;ORNE;0.42889187820659;48.7174251331736
Grenade-sur-l'Adour;GRENADE-SUR-L'ADOUR;LANDES;-0.424887041861246;43.777303771259746
Gazinet-Cestas;CESTAS;GIRONDE;-0.699274977510004;44.77217336610326
Chagny;CHAGNY;SAONE-ET-LOIRE;4.748453193367109;46.90748655578193
Deulemont;QUESNOY-SUR-DEULE;NORD;2.993902419598765;50.716697992014026
Les Moutiers-en-Retz;LES MOUTIERS-EN-RETZ;LOIRE-ATLANTIQUE;-2.001416008442376;47.0619227003358
La Chapelle-St-Ursin-Morthomiers;LA CHAPELLE-SAINT-URSIN;CHER;2.30166569805246;47.046894888472224
Is-sur-Tille;MARCILLY-SUR-TILLE;COTE-D'OR;5.129832199967969;47.52021534007557
Javel;PARIS;PARIS;2.276972522624144;48.84624503121708
Cognac;COGNAC;CHARENTE;-0.325914220058967;45.68454005699418
Nointel-Mours;NOINTEL;VAL-D'OISE;2.280531071997478;49.13259144140239
St-Clement-Laronxe;SAINT-CLEMENT;MEURTHE-ET-MOSELLE;6.608243170212739;48.531305690911516
Chapeauroux;SAINT BONNET-LAVAL;LOZERE;3.742013580195539;44.8378407627591
Cobrieux;GENECH;NORD;3.219116975031333;50.54040920004633
Tournemire-Roquefort;TOURNEMIRE;AVEYRON;3.016591363237482;43.96998189614436
Nurieux;NURIEUX-VOLOGNAT;AIN;5.533214675860809;46.183944541283616
Cransac;CRANSAC;AVEYRON;2.271752441163691;44.522936850067055
Belle-Isle-Begard;LOUARGAT;COTES-D'ARMOR;-3.322777659728402;48.59356255918787
Courtenay;COURTENAY;LOIRET;3.057087813065508;48.03665774449413
Champtoce-sur-Loire;CHAMPTOCE-SUR-LOIRE;MAINE-ET-LOIRE;-0.870480106704938;47.41034143099891
Boulouris-sur-Mer;SAINT-RAPHAEL;VAR;6.807861152996983;43.41620609503745
La Pointe-Bouchemaine;BOUCHEMAINE;MAINE-ET-LOIRE;-0.617585830099876;47.417094375766126
Cluses;CLUSES;HAUTE-SAVOIE;6.582707514462019;46.061402280505185
Gueret;GUERET;CREUSE;1.879372546235722;46.17423336193868
Bessines;BESSINES-SUR-GARTEMPE;HAUTE-VIENNE;1.377068005413378;46.12659603149818
Montmoreau;MONTMOREAU;CHARENTE;0.137983501504185;45.39819079001309
Bonnieres;BONNIERES-SUR-SEINE;YVELINES;1.58161111135634;49.03874367959271
Cavaillon;CAVAILLON;VAUCLUSE;5.044680843290322;43.83250812262349
Ossun;OSSUN;HAUTES-PYRENEES;-0.021336143397114;43.18329016572881
Quedillac;QUEDILLAC;ILLE-ET-VILAINE;-2.145221664824248;48.24859752353942
Fere-Champenoise;FERE-CHAMPENOISE;MARNE;3.982709824342237;48.76217372230454
Esternay;ESTERNAY;MARNE;3.562049601004477;48.73095043626965
Callac;CALLAC;COTES-D'ARMOR;-3.418548488597128;48.40682753963829
Nimes-Pont du Gard;MANDUEL;GARD;4.505903653936226;43.815643628459576
Port-d'Atelier-Amance;FAVERNEY;HAUTE-SAONE;6.043474433363755;47.75865896332187
Imphy;IMPHY;NIEVRE;3.259411125784636;46.9323116784127
Pont-sur-Yonne;PONT-SUR-YONNE;YONNE;3.201645201502238;48.287315768993324
La Pomme;MARSEILLE;BOUCHES-DU-RHONE;5.44133859765877;43.290550286222945
Cavaillon;CAVAILLON;VAUCLUSE;5.044022155749948;43.83458136279735
Lycee-Henri-Sellier;LIVRY-GARGAN;SEINE-SAINT-DENIS;2.515624361772269;48.91454184271352
Ste-Christie;SAINTE-CHRISTIE;GERS;0.61840631843755;43.75788137792388
Lutzelhouse;MUHLBACH-SUR-BRUCHE;BAS-RHIN;7.294179308049222;48.51807404494722
Lamothe-Landerron;LAMOTHE-LANDERRON;GIRONDE;0.045140578137402;44.56272133449386
Bourg-St-Maurice;BOURG-SAINT-MAURICE;SAVOIE;6.7715124971297;45.618307167225964
Isse;ISSE;LOIRE-ATLANTIQUE;-1.451032775630894;47.62683893148898
Babiniere;LA CHAPELLE-SUR-ERDRE;LOIRE-ATLANTIQUE;-1.544930611060151;47.25885861212914
Delle;DELLE;TERRITOIRE-DE-BELFORT;7.010177121084168;47.505797259967956
Mundolsheim;MUNDOLSHEIM;BAS-RHIN;7.72128336654117;48.64480647493068
Moulins-sur-Allier;YZEURE;ALLIER;3.337996194581846;46.556595429011054
Neau;NEAU;MAYENNE;-0.476530598995848;48.1575375108209
Lille-Porte-de-Douai;LILLE;NORD;3.075284054981672;50.61207675491873
Mont-sur-Meurthe;MONT-SUR-MEURTHE;MEURTHE-ET-MOSELLE;6.450133611525778;48.560084588633046
Dirinon Loperhet;LOPERHET;FINISTERE;-4.285642326605409;48.392685659283
Grand-Quevilly;LE GRAND-QUEVILLY;SEINE-MARITIME;1.037040358719237;49.41198392189755
Clermont-La Pardieu;CLERMONT-FERRAND;PUY-DE-DOME;3.134295625201945;45.76691187923342
Mezy;MEZY-MOULINS;AISNE;3.506036736540149;49.06682665545266
St-Germain-du-Puy;SAINT-GERMAIN-DU-PUY;CHER;2.484452273135556;47.09632199886517
Margut-Fromy;FROMY;ARDENNES;5.257332839814516;49.59070957115903
Gorges;GORGES;LOIRE-ATLANTIQUE;-1.306026823214106;47.10029916391393
Gagny;GAGNY;SEINE-SAINT-DENIS;2.526823122193611;48.88328737661013
St-Pierre-d'Aurillac;SAINT-PIERRE-D'AURILLAC;GIRONDE;-0.187547654474234;44.57521874160931
Laval-de-Cere;LAVAL-DE-CERE;LOT;1.931705708051534;44.951170797577724
Desvres;DESVRES;PAS-DE-CALAIS;1.846332148897643;50.665333856749584
Reims;REIMS;MARNE;4.024434919226614;49.25946798426691
Louroux-de-Bouble;LOUROUX-DE-BOUBLE;ALLIER;2.984886163041501;46.224080830869276
Maurecourt;ANDRESY;YVELINES;2.059879943892542;48.987078613205306
Plestan;PLESTAN;COTES-D'ARMOR;-2.442067636620874;48.42553840006436
Capdenac;CAPDENAC-GARE;AVEYRON;2.077408214377482;44.57865477582681
Velars;VELARS-SUR-OUCHE;COTE-D'OR;4.927572017049529;47.32663400368374
Caulnes;CAULNES;COTES-D'ARMOR;-2.155478677951805;48.2843914107651
Chirac;BOURGS SUR COLAGNE;LOZERE;3.263898586997696;44.524376010759866
Aix-en-Provence-TGV;AIX-EN-PROVENCE;BOUCHES-DU-RHONE;5.317306755615249;43.455236570556686
Saulon;SAULON-LA-CHAPELLE;COTE-D'OR;5.103952656207275;47.22449702706597
Rochy-Conde;ROCHY-CONDE;OISE;2.172723743537332;49.398364318835135
Bessancourt;BESSANCOURT;VAL-D'OISE;2.209859681939533;49.035731366037
Trith-St-Leger;TRITH-SAINT-LEGER;NORD;3.489208443596373;50.33168205864179
Epone-Mezieres;EPONE;YVELINES;1.808549128385776;48.96326024162365
Sevran-Livry;SEVRAN;SEINE-SAINT-DENIS;2.53467616246107;48.9362806402049
Portes;PORTES-LES-VALENCE;DROME;4.874246002845219;44.87953725685093
Martigues;MARTIGUES;BOUCHES-DU-RHONE;5.02505864722024;43.38757957683079
Rouesse-Vasse;ROUESSE-VASSE;SARTHE;-0.200093332552867;48.1602602218494
La Garenne-Colombes;COLOMBES;HAUTS-DE-SEINE;2.239809454532135;48.90969758477759
Mirecourt;MIRECOURT;VOSGES;6.12914077829477;48.299854954820624
Marseille-Blancarde;MARSEILLE;BOUCHES-DU-RHONE;5.407094172823087;43.29645454944402
Lille CHR;LILLE;NORD;3.033880299776282;50.614490676467405
Varangeville-St-Nicolas;VARANGEVILLE;MEURTHE-ET-MOSELLE;6.313158113570469;48.63533630189549
Montierchaume;MONTIERCHAUME;INDRE;1.797643888384134;46.85184045795991
Homecourt;HOMECOURT;MEURTHE-ET-MOSELLE;5.997872241481719;49.21819984213956
La Hume;GUJAN-MESTRAS;GIRONDE;-1.116034032456396;44.64002182461614
Vrigne-Meuse;VRIGNE-MEUSE;ARDENNES;4.843348320878918;49.70088831696133
Hoffen;HOFFEN;BAS-RHIN;7.933334342280364;48.93122038223287
St-Rambert-en-Bugey;SAINT-RAMBERT-EN-BUGEY;AIN;5.439242836530275;45.947525236632266
La Verriere;LA VERRIERE;YVELINES;1.94386690800612;48.75545694012282
Nexon;NEXON;HAUTE-VIENNE;1.178309543374612;45.68907647955986
Pont-a-Vendin;VENDIN-LE-VIEIL;PAS-DE-CALAIS;2.878316010976143;50.48101595672629
Bertry;BERTRY;NORD;3.449024670182102;50.091126642705575
Pleyber-Christ;PLEYBER-CHRIST;FINISTERE;-3.883086229756259;48.50747856463624
Rombas-Clouange;ROMBAS;MOSELLE;6.099224950443746;49.25598422432133
St-Leu-d'Esserent;SAINT-LEU-D'ESSERENT;OISE;2.418271593338085;49.21443254592998
Bantzenheim;BANTZENHEIM;HAUT-RHIN;7.505385239937565;47.811588974683396
Cousance;COUSANCE;JURA;5.3866411616541;46.53478844418376
Lapeyrouse;LAPEYROUSE;PUY-DE-DOME;2.894294848585823;46.22309281286563
Les Coquetiers;VILLEMOMBLE;SEINE-SAINT-DENIS;2.498467846586029;48.89231807239319
Viry-Chatillon;VIRY-CHATILLON;ESSONNE;2.386823087795419;48.67612207544676
Landebia;LANDEBIA;COTES-D'ARMOR;-2.331300984369982;48.50718444179737
Ponthierry-Pringy;SAINT-FARGEAU-PONTHIERRY;SEINE-ET-MARNE;2.545060680109201;48.53499652365479
Lusignan;LUSIGNAN;VIENNE;0.116562176116646;46.435540278870064
Marlieux-Chatillon;MARLIEUX;AIN;5.073418433535314;46.063977896289906
Cubzac-les-Ponts;CUBZAC-LES-PONTS;GIRONDE;-0.458798428127971;44.9731491953204
Sille-le-Guillaume;SILLE-LE-GUILLAUME;SARTHE;-0.128880940359664;48.18166721450334
Mulhouse-Musees (Tram/Train);MULHOUSE;HAUT-RHIN;7.298675911955275;47.75015974020797
St-Nabord;SAINT-NABORD;VOSGES;6.581372646613417;48.0456542685454
St-Florentin-Vergigny;VERGIGNY;YONNE;3.730960975499897;47.980410691581746
Basse-Ham;BASSE-HAM;MOSELLE;6.234898195489142;49.38057079790666
St-Geours;SAINT-GEOURS-DE-MAREMNE;LANDES;-1.241071350268976;43.67127697552571
Freistroff;FREISTROFF;MOSELLE;6.491308617048276;49.27740256657128
Guillerval;GUILLERVAL;ESSONNE;2.058978482949175;48.37361195544384
Wallers;WALLERS;NORD;3.393640834061122;50.38458898670618
Cessieu;CESSIEU;ISERE;5.376503013725852;45.560946177685025
St-Amand-Montrond-Orval;ORVAL;CHER;2.485791477260844;46.72643246817583
Le Douhet-Ecoyeux;LE DOUHET;CHARENTE-MARITIME;-0.559544832069206;45.813563943665976
Condom;CONDOM;GERS;0.36549130005738;43.96216203659582
Ailly-sur-Noye;AILLY-SUR-NOYE;SOMME;2.364295000500494;49.75486539962855
Nesle;NESLE;SOMME;2.909003683132353;49.7640751454266
Bar-le-Duc;BAR-LE-DUC;MEUSE;5.167193337889746;48.77367615307599
Vorey;VOREY;HAUTE-LOIRE;3.910845069786845;45.183917174735306
Gievres;GIEVRES;LOIR-ET-CHER;1.668036905347221;47.279033660953836
Givors-Canal;GIVORS;RHONE;4.77260110284703;45.596071011323396
Empalot;TOULOUSE;HAUTE-GARONNE;1.427807263285348;43.56951314577459
Dreuil-les-Amiens;DREUIL-LES-AMIENS;SOMME;2.228186020967347;49.91535661056301
Rosult;ROSULT;NORD;3.348301824455115;50.456479064497294
St-Andre-le-Gaz;SAINT-ANDRE-LE-GAZ;ISERE;5.52473658763692;45.543937042220996
Trouville-Deauville;DEAUVILLE;CALVADOS;0.084249132581918;49.35961153422813
Auxerre-St-Gervais;AUXERRE;YONNE;3.585464507772017;47.79761112367383
Ferriere-la-Grande;FERRIERE-LA-GRANDE;NORD;4.000900568769875;50.25451274873495
Clerac-Charente;CLERAC;CHARENTE-MARITIME;-0.225789042171448;45.19132375598026
Vulaines-sur-Seine-Samoreau;VULAINES-SUR-SEINE;SEINE-ET-MARNE;2.753071315575744;48.43056863999238
Montville;ESLETTES;SEINE-MARITIME;1.069874551174672;49.5512072804505
Le Bousquet-d'Orb;LE BOUSQUET-D'ORB;HERAULT;3.168927392137638;43.691098536008155
Beau-Marais;CALAIS;PAS-DE-CALAIS;1.899167319606589;50.945374237372256
Bacouel;BACOUEL-SUR-SELLE;SOMME;2.193484241391459;49.83164196675783
Drap-Cantaron;CANTARON;ALPES-MARITIMES;7.316939479711958;43.75988022243699
Plerguer;PLERGUER;ILLE-ET-VILAINE;-1.850553974849737;48.53148389771887
Dannemarie-Velesmes;DANNEMARIE-SUR-CRETE;DOUBS;5.873778668862695;47.20387321386446
St-Germain-des-Fosses;SAINT-GERMAIN-DES-FOSSES;ALLIER;3.430507768733191;46.20901169096101
Pont-Remy;PONT-REMY;SOMME;1.898939345567899;50.04724458212341
St-Etienne-La Terrasse;SAINT-ETIENNE;LOIRE;4.379503128451234;45.46473450079108
St-Dalmas-de-Tende;TENDE;ALPES-MARITIMES;7.585771131238855;44.05650060863687
Meru;MERU;OISE;2.1323187163077;49.23247991646353
Roscoff;ROSCOFF;FINISTERE;-3.98283581320845;48.72064886373147
Orgeres;ORGERES-EN-BEAUCE;EURE-ET-LOIR;1.679214807872474;48.14574374349675
Guingamp;GUINGAMP;COTES-D'ARMOR;-3.143272301851309;48.55551057499482
Somain;SOMAIN;NORD;3.279705326446376;50.35539709287167
Suippes;SUIPPES;MARNE;4.543216720152278;49.12006402563912
Valenton;VALENTON;VAL-DE-MARNE;2.458903978195572;48.75903275384466
Cleres;CLERES;SEINE-MARITIME;1.106643442215298;49.59933791321532
Dives-Cabourg;DIVES-SUR-MER;CALVADOS;-0.10768360318535;49.28657302870108
La Marche;LA MARCHE;NIEVRE;3.039523193719547;47.13976742721954
Masserac;MASSERAC;LOIRE-ATLANTIQUE;-1.913873068532598;47.6746637776041
Hombourg-Haut;HOMBOURG-HAUT;MOSELLE;6.77429829221759;49.12615707140362
Chanac;ESCLANEDES;LOZERE;3.345563721851413;44.4740883799819
Jessains;JESSAINS;AUBE;4.583271713436319;48.28456110565843
Longroy-Gamaches;LONGROY;SEINE-MARITIME;1.552527458135907;49.982041058675236
Cuers-Pierrefeu;CUERS;VAR;6.085667620378097;43.236360429974035
Clisson;CLISSON;LOIRE-ATLANTIQUE;-1.28640768160279;47.08599734750532
Habsheim;HABSHEIM;HAUT-RHIN;7.418284187622341;47.737707520560846
Le Val-d'Or;SAINT-CLOUD;HAUTS-DE-SEINE;2.216607395910575;48.85691460436024
Goussainville;GOUSSAINVILLE;VAL-D'OISE;2.464145013775797;49.024352868208844
Calais-Frethun;FRETHUN;PAS-DE-CALAIS;1.812465843119202;50.901607278499874
Remoulins-Pont-du-Gard;REMOULINS;GARD;4.568512128266995;43.93793239441576
Metz-Ville;METZ;MOSELLE;6.177442838036328;49.10898911419044
Cerons;CERONS;GIRONDE;-0.340829735297604;44.632159173017854
Uchaud;UCHAUD;GARD;4.267364832101653;43.75797924386263
Thonon-les-Bains;THONON-LES-BAINS;HAUTE-SAVOIE;6.482718549845309;46.369193044334956
Saulieu;SAULIEU;COTE-D'OR;4.235869427228799;47.283046495542564
St-Cergues-les-Voirons;SAINT-CERGUES;HAUTE-SAVOIE;6.303318787769152;46.2272535831692
Mullerhof;URMATT;BAS-RHIN;7.312616500561601;48.52473877313215
Baisieux;BAISIEUX;NORD;3.234698972261435;50.61859900486093
Mantes-Station;MANTES-LA-JOLIE;YVELINES;1.71578351799244;48.98348946229686
St-Martin-d'Etampes;ETAMPES;ESSONNE;2.14530897698044;48.4273872831252
Montfort-le-Gesnois;MONTFORT-LE-GESNOIS;SARTHE;0.406533379951194;48.040585156941496
Miraumont;MIRAUMONT;SOMME;2.734761223883659;50.09574294466118
Cros-de-Cagnes;CAGNES-SUR-MER;ALPES-MARITIMES;7.167135261292968;43.66051083800892
Kuntzig;KUNTZIG;MOSELLE;6.234602192195888;49.34993757027724
Miniac;MINIAC-MORVAN;ILLE-ET-VILAINE;-1.914912870784899;48.53148250249677
Dreux;DREUX;EURE-ET-LOIR;1.391676047782534;48.74298202366002
Bagneaux-sur-Loing;BAGNEAUX-SUR-LOING;SEINE-ET-MARNE;2.703400730744868;48.23049418737917
Corgoloin;CORGOLOIN;COTE-D'OR;4.917058362420628;47.084012893430376
Cazeres-sur-Garonne;CAZERES;HAUTE-GARONNE;1.082082945305665;43.2126944588755
Paris-Bercy;PARIS;PARIS;2.385020824629119;48.840056742386324
St-Laurent-Gainneville;SAINT-LAURENT-DE-BREVEDENT;SEINE-MARITIME;0.252273664330009;49.528513789799675
Les Quatre-Roues;PRUNIERS-EN-SOLOGNE;LOIR-ET-CHER;1.702453687596139;47.33240828006836
Beauvoir-sur-Niort;BEAUVOIR-SUR-NIORT;DEUX-SEVRES;-0.468771957598848;46.17676200989479
Chamonix-Mont-Blanc;CHAMONIX-MONT-BLANC;HAUTE-SAVOIE;6.873950536358757;45.92246907642051
St-Feliu-d'Avall;SAINT-FELIU-D'AVALL;PYRENEES-ORIENTALES;2.737890732080577;42.67731335432461
Les Cauquillous;LAVAUR;TARN;1.754566424314565;43.73413477690476
Viviez-Decazeville;VIVIEZ;AVEYRON;2.218316324853336;44.55595253532143
Diemeringen;DIEMERINGEN;BAS-RHIN;7.185182476605121;48.94096956044831
St-Laurent (Jura);SAINT-LAURENT-EN-GRANDVAUX;JURA;5.951141050754158;46.57476575676705
Dieupentale;DIEUPENTALE;TARN-ET-GARONNE;1.275970205126188;43.86534515610148
Angerville;ANGERVILLE;ESSONNE;2.002985423153945;48.31036081579418
Paris-St-Lazare;PARIS;PARIS;2.3256978017617;48.87684876001768
Mazingarbe;MAZINGARBE;PAS-DE-CALAIS;2.700505767812215;50.46089616785513
Givors;GIVORS;RHONE;4.766022094433548;45.585145214104514
Bouzonville;BOUZONVILLE;MOSELLE;6.529139172868558;49.289873677431316
Romans-Bourg-de-Peage;ROMANS-SUR-ISERE;DROME;5.049639169736672;45.04899423794729
Mantes-la-Jolie;MANTES-LA-JOLIE;YVELINES;1.703938722931357;48.98941752668638
Clonas;CLONAS-SUR-VAREZE;ISERE;4.772085768522904;45.414602966326804
St-Sebastien-Frene-Rond;SAINT-SEBASTIEN-SUR-LOIRE;LOIRE-ATLANTIQUE;-1.496049443604204;47.19082056272342
Venizel;VENIZEL;AISNE;3.396663247810074;49.36749861277327
St-Masmes;SAINT-MASMES;MARNE;4.268390666431735;49.3134022390633
Souvigny;SOUVIGNY;ALLIER;3.190404924894053;46.531259378140156
Erdre-Active;LA CHAPELLE-SUR-ERDRE;LOIRE-ATLANTIQUE;-1.544620038000279;47.28298910738411
Viaduc-Ste-Marie;LES HOUCHES;HAUTE-SAVOIE;6.785041167358493;45.897090475300146
Cap-d'Ail;CAP-D'AIL;ALPES-MARITIMES;7.394093476592502;43.72061321511636
Fellering;FELLERING;HAUT-RHIN;6.986995428994838;47.897703270414546
Meudon-Val-Fleury;MEUDON;HAUTS-DE-SEINE;2.241247259528088;48.80787932421281
Acheux-Franleu;CHEPY;SOMME;1.657174350378938;50.08247940983747
Fos-Meriquette;FOS-SUR-MER;BOUCHES-DU-RHONE;4.914448906941662;43.45505361627028
Marmagne-sous-Creusot;MARMAGNE;SAONE-ET-LOIRE;4.35958701997464;46.83355436615936
Gennevilliers;GENNEVILLIERS;HAUTS-DE-SEINE;2.307259455389398;48.93386360474658
St-Brice-sur-Vienne;SAINT-BRICE-SUR-VIENNE;HAUTE-VIENNE;0.952252729453219;45.87811742813138
Saillans;SAILLANS;DROME;5.194783939213946;44.69443147257503
L'Escarene;L'ESCARENE;ALPES-MARITIMES;7.352028086651033;43.839631442020284
Mezidon;MEZIDON VALLEE D'AUGE;CALVADOS;-0.074439183829277;49.07068696758813
Jarnac;MAINXE-GONDEVILLE;CHARENTE;-0.177767829814888;45.671115928219415
Le Dorat;LE DORAT;HAUTE-VIENNE;1.079358669207679;46.21097510473997
Busseau-sur-Creuse;AHUN;CREUSE;2.023844364955577;46.12303673780821
Luc-Primaube;LUC-LA-PRIMAUBE;AVEYRON;2.554709662483429;44.29215515184133
Etigny-Veron;ETIGNY;YONNE;3.290101250941349;48.1385252622032
Sevran-Beaudottes;SEVRAN;SEINE-SAINT-DENIS;2.524800187218361;48.945901249638524
Pre-en-Pail;PRE-EN-PAIL-SAINT-SAMSON;MAYENNE;-0.204384012977636;48.45791108441943
Jalons-les-Vignes;JALONS;MARNE;4.18793918511172;49.01173369676589
Champ-de-Courses-d'Enghien;SOISY-SOUS-MONTMORENCY;VAL-D'OISE;2.29208498204663;48.97963342222922
Miramas;MIRAMAS;BOUCHES-DU-RHONE;4.999682893584165;43.58092507982593
Praye-sous-Vaudemont;PRAYE;MEURTHE-ET-MOSELLE;6.100933289876392;48.43255232896136
Ales;ALES;GARD;4.084967396108715;44.12803162747341
Moulis-Listrac;MOULIS-EN-MEDOC;GIRONDE;-0.74467050609378;45.08398014047938
Saincaize;SAINCAIZE-MEAUCE;NIEVRE;3.07162376413755;46.93127033070911
Monsempron-Libos;MONSEMPRON-LIBOS;LOT-ET-GARONNE;0.943445225212706;44.48811150501302
Lecelles;LECELLES;NORD;3.403718496274773;50.466288242717546
Picon-Busserine;MARSEILLE;BOUCHES-DU-RHONE;5.393237246267672;43.33133282560854
Nevers-Le Banlay;NEVERS;NIEVRE;3.165035741905773;47.0065893582654
Bena-Fanes;ENVEITG;PYRENEES-ORIENTALES;1.916981946065481;42.457976190250115
St-Gilles;WINTZENHEIM;HAUT-RHIN;7.261258648265159;48.07593688423623
Oudon;OUDON;LOIRE-ATLANTIQUE;-1.292323782330653;47.3431984973829
Bordeaux-St-Jean;BORDEAUX;GIRONDE;-0.555977516187792;44.82592310199666
Doulon;NANTES;LOIRE-ATLANTIQUE;-1.518465546878543;47.226537871418145
Lavaveix-les-Mines;LAVAVEIX-LES-MINES;CREUSE;2.089200138178173;46.07889918154853
Lillers;LILLERS;PAS-DE-CALAIS;2.479393393503667;50.56097959829487
La Frayere;CANNES;ALPES-MARITIMES;6.972185860221419;43.55806008474517
Mauze;MAUZE-SUR-LE-MIGNON;DEUX-SEVRES;-0.673751780430037;46.19973329084157
Steinbourg;STEINBOURG;BAS-RHIN;7.415056377008995;48.76354364840649
Aiffres;AIFFRES;DEUX-SEVRES;-0.422715857962189;46.28338647208715
Thourotte;THOUROTTE;OISE;2.881821659905954;49.47543325910284
Germaine;GERMAINE;MARNE;4.022858782942289;49.12805579944981
Esquelbecq;ESQUELBECQ;NORD;2.412241153319143;50.888919605915895
Zu-Rhein;MULHOUSE;HAUT-RHIN;7.317323496658664;47.7435477256613
Brion-Montreal-la-Cluse;BRION;AIN;5.558456483655577;46.175692902381236
Agde;AGDE;HERAULT;3.466942106026499;43.317520257371385
Chabons;CHABONS;ISERE;5.428172701615482;45.43768770216143
Manois;MANOIS;HAUTE-MARNE;5.364701402401587;48.27418909909771
Martigues;MARTIGUES;BOUCHES-DU-RHONE;5.025492060648398;43.39197035136487
Fors;FORS;DEUX-SEVRES;-0.406650762545785;46.23422955091696
Thenissey;THENISSEY;COTE-D'OR;4.622913908240606;47.49460857303555
La Ferte-Alais;LA FERTE-ALAIS;ESSONNE;2.352035820662094;48.48477733181462
Isles-Armentieres;ISLES-LES-MELDEUSES;SEINE-ET-MARNE;3.007121670847977;48.99798873657706
Baleycourt;VERDUN;MEUSE;5.308422752858975;49.13551799214641
Ingersheim-Cite-Scolaire;TURCKHEIM;HAUT-RHIN;7.298140764984852;48.08886133409908
Albi-Madeleine;ALBI;TARN;2.141024616633945;43.938620340854015
St-Christophe;SAINT-CHRISTOPHE-VALLON;AVEYRON;2.407481693607086;44.464787751590286
Betheniville;BETHENIVILLE;MARNE;4.363370788478176;49.29220874495941
St-Leonard;SAINT-LEONARD;VOSGES;6.94155588516474;48.21658082934316
Strasbourg-Cronenbourg;STRASBOURG;BAS-RHIN;7.728295910670465;48.60056992440477
Pereire-Levallois;PARIS;PARIS;2.297946221609722;48.885306590229135
La Hisse;SAINT-SAMSON-SUR-RANCE;COTES-D'ARMOR;-2.003131989956737;48.496070506893915
Les Bons-Peres;ROUSIES;NORD;4.010861743910406;50.279801417371175
Villers-les-Pots;VILLERS-LES-POTS;COTE-D'OR;5.348341966349595;47.206438928878384
St-Etienne-du-Rouvray;SAINT-ETIENNE-DU-ROUVRAY;SEINE-MARITIME;1.109585806286143;49.3771268079681
Polienas;POLIENAS;ISERE;5.473680116735924;45.25588485875957
Trilport;TRILPORT;SEINE-ET-MARNE;2.949478849751468;48.96019105647409
Rougebarre;MARCQ-EN-BARUL;NORD;3.105847130233249;50.65429044322478
Gergy;GERGY;SAONE-ET-LOIRE;4.939804112771591;46.87701744681137
Paris-Gare-de-Lyon;PARIS;PARIS;2.375645285904874;48.84431152436104
Niolon;LE ROVE;BOUCHES-DU-RHONE;5.257005477918977;43.34011565878121
La Plaine-Stade-de-France;SAINT-DENIS;SEINE-SAINT-DENIS;2.362965044158142;48.918255958873715
Salleles-d'Aude;SALLELES-D'AUDE;AUDE;2.946155642460429;43.26239184401905
Bischheim;SCHILTIGHEIM;BAS-RHIN;7.74183761330786;48.61190337769995
Monistrol-d'Allier;MONISTROL-D'ALLIER;HAUTE-LOIRE;3.649860179389542;44.96959700426065
St-Germain-les-Belles;SAINT-GERMAIN-LES-BELLES;HAUTE-VIENNE;1.479392791496565;45.61025864207874
Pont-Audemer;PONT-AUDEMER;EURE;0.51464195375008;49.35199663574239
Chedde;PASSY;HAUTE-SAVOIE;6.719875125684913;45.92632023306807
Vivoin-Beaumont;VIVOIN;SARTHE;0.144908578210272;48.23019899107596
Messempre;PURE;ARDENNES;5.164127915872865;49.676840328434906
Remiremont;REMIREMONT;VOSGES;6.598352080436954;48.016831250313956
Cercottes;CERCOTTES;LOIRET;1.884867480995751;47.98548594489561
St-Rambert-d'Albon;SAINT-RAMBERT-D'ALBON;DROME;4.809705244545719;45.29981303378477
Pompadour;ARNAC-POMPADOUR;CORREZE;1.387230190785224;45.39519304516893
La Barre-Ormesson;DEUIL-LA-BARRE;VAL-D'OISE;2.315824843537354;48.96687196526681
Cize-Bolozon;BOLOZON;AIN;5.453749653654721;46.21366129732592
Prades-Molitg-les-Bains;PRADES;PYRENEES-ORIENTALES;2.429417896972623;42.61704961880252
Lens;AVION;PAS-DE-CALAIS;2.834951582378574;50.42324507192143
St-Omer;SAINT-OMER;PAS-DE-CALAIS;2.267119256493968;50.753963943321615
Guillaucourt;GUILLAUCOURT;SOMME;2.634820287609759;49.8450059798228
Montbrison;MONTBRISON;LOIRE;4.078542943275632;45.60453350000632
Nonant-le-Pin;NONANT-LE-PIN;ORNE;0.219878751289123;48.703756536568214
Keskastel;KESKASTEL;BAS-RHIN;7.049041898103694;48.965393607993505
Le Mans;LE MANS;SARTHE;0.194090806361883;47.99501903643902
St-Germain-du-Puy;SAINT-GERMAIN-DU-PUY;CHER;2.484636534563115;47.0964466767649
Hatrize;HATRIZE;MEURTHE-ET-MOSELLE;5.906485182260786;49.19255447743192
Kerhuon;LE RELECQ-KERHUON;FINISTERE;-4.38823263180559;48.409605201316694
Pontchaillou;RENNES;ILLE-ET-VILAINE;-1.691801073204263;48.11826355636143
Portets;PORTETS;GIRONDE;-0.425408145119522;44.69292541617282
Trie-Chateau;TRIE-CHATEAU;OISE;1.818143929978403;49.28265560153135
Die;DIE;DROME;5.362579975522965;44.75837755770769
Angers-St-Serge;ECOUFLANT;MAINE-ET-LOIRE;-0.523059024775471;47.498794691277546
Penthievre;SAINT-PIERRE-QUIBERON;MORBIHAN;-3.133098836385785;47.55778349965939
Menton;MENTON;ALPES-MARITIMES;7.492432887755912;43.773815736196276
Mont-Louis-La Cabanasse;LA CABANASSE;PYRENEES-ORIENTALES;2.113228039685357;42.50196419459359
Gauriaguet;GAURIAGUET;GIRONDE;-0.399167473147403;45.05452289293042
Vernouillet-Verneuil;VERNEUIL-SUR-SEINE;YVELINES;1.98310692496165;48.98136837007953
Bouchain;NEUVILLE-SUR-ESCAUT;NORD;3.331897602202126;50.278036903655895
La Crau;LA CRAU;VAR;6.068743100580353;43.14487223857758
Chateauneuf-sur-Charente;CHATEAUNEUF-SUR-CHARENTE;CHARENTE;-0.050141989389213;45.5998615968412
Surgeres;SURGERES;CHARENTE-MARITIME;-0.762032698442091;46.11335235759794
Vouziers;VOUZIERS;ARDENNES;4.705851241346434;49.38948151612966
Saulnes;SAULNES;MEURTHE-ET-MOSELLE;5.829186647878633;49.531453251696185
Voivres;VOIVRES-LES-LE-MANS;SARTHE;0.085242272357547;47.93036225071098
Cuinchy;CUINCHY;PAS-DE-CALAIS;2.74371760990485;50.52217060298634
Ste-Marguerite;COMINES;NORD;3.009210140330278;50.740839489626424
Strasbourg-Port-du-Rhin;STRASBOURG;BAS-RHIN;7.794637563830641;48.57436622421724
Gardonne;GARDONNE;DORDOGNE;0.331967638905795;44.834667775010615
Albi;ALBI;TARN;2.137784640369475;43.9223469965895
St-Hilaire-de-Chaleons;SAINT-HILAIRE-DE-CHALEONS;LOIRE-ATLANTIQUE;-1.866933861993372;47.1063239848601
Xeuilley;XEUILLEY;MEURTHE-ET-MOSELLE;6.10196933206363;48.56967428043808
St-Die-des-Vosges;SAINT-DIE-DES-VOSGES;VOSGES;6.950498210083727;48.28142701610043
Vermenton;VERMENTON;YONNE;3.731979248429206;47.660552490719915
Lestelle;LESTELLE-DE-SAINT-MARTORY;HAUTE-GARONNE;0.91231192650531;43.11845691787538
Noizay;NOIZAY;INDRE-ET-LOIRE;0.89641539992827;47.409731141772575
Montereau;MONTEREAU-FAULT-YONNE;SEINE-ET-MARNE;2.941286736785207;48.37977615028311
St-Denis-de-Pile;SAINT-DENIS-DE-PILE;GIRONDE;-0.197951644416328;44.97850876383457
Le Raincy-Villemomble-Montfermeil;LE RAINCY;SEINE-SAINT-DENIS;2.512558758919036;48.889144189236625
Reignier;REIGNIER-ESERY;HAUTE-SAVOIE;6.267359175403358;46.12560763172893
Seon-St-Henry;MARSEILLE;BOUCHES-DU-RHONE;5.339985969506922;43.36228527404814
Russ-Hersbach;WISCHES;BAS-RHIN;7.251692730094511;48.49814216698774
Nogent-le-Rotrou;NOGENT-LE-ROTROU;EURE-ET-LOIR;0.810167196602151;48.32568335262978
Croix-l'Allumette;CROIX;NORD;3.151866679185366;50.68726440720281
St-Macaire;SAINT-MACAIRE;GIRONDE;-0.226970506769867;44.56850752642389
Port-Brillet;PORT-BRILLET;MAYENNE;-0.973958871553682;48.11065466447289
Thiers;THIERS;PUY-DE-DOME;3.543281416041616;45.86120498207434
Boen;BOEN-SUR-LIGNON;LOIRE;4.004874632380937;45.74124081414264
Morcenx;MORCENX-LA-NOUVELLE;LANDES;-0.908558703134243;44.034004086989654
Istres;ISTRES;BOUCHES-DU-RHONE;4.980264822479767;43.51545289418477
Le Teil;LE TEIL;ARDECHE;4.686544297614275;44.55262971161194
La Haye-Descartes;DESCARTES;INDRE-ET-LOIRE;0.694590822673771;46.9747053371242
Serqueux;SERQUEUX;SEINE-MARITIME;1.539636249870964;49.63134675123876
La Poterie;RENNES;ILLE-ET-VILAINE;-1.630584094846585;48.09198766148978
Gretz-Armainvilliers;GRETZ-ARMAINVILLIERS;SEINE-ET-MARNE;2.728781958676127;48.74522534922617
Epinal;EPINAL;VOSGES;6.441268708020519;48.177961987709935
Fontpedrouse-St-Thomas-les-Bains;FONTPEDROUSE;PYRENEES-ORIENTALES;2.188619483352488;42.51369874778453
Alencon;ALENCON;ORNE;0.098299743264175;48.43773547317855
Meulan-Hardricourt;HARDRICOURT;YVELINES;1.901980044049688;49.00576758290243
Beauvais;BEAUVAIS;OISE;2.088712582634814;49.42634799732189
Pont-a-Vendin;VENDIN-LE-VIEIL;PAS-DE-CALAIS;2.879299714551066;50.473239582653136
Ranspach;RANSPACH;HAUT-RHIN;7.012646752152496;47.88162503676015
St-Julien-Montricher;SAINT-JULIEN-MONT-DENIS;SAVOIE;6.414442944779405;45.246323996931075
Cercy-la-Tour;CERCY-LA-TOUR;NIEVRE;3.644990367153794;46.857803247890246
Blainville-Damelevieres;DAMELEVIERES;MEURTHE-ET-MOSELLE;6.38521142559936;48.565698686736546
Morhange;MORHANGE;MOSELLE;6.659189552261831;48.936755008072495
Barr;BARR;BAS-RHIN;7.456999566070088;48.40328808516546
Ingwiller;INGWILLER;BAS-RHIN;7.47674515511438;48.872010852923545
Motteville;MOTTEVILLE;SEINE-MARITIME;0.849963370549557;49.6365363273068
Couhe-Verac;VALENCE-EN-POITOU;VIENNE;0.244912132992897;46.30679512769684
Amagne-Lucquy;LUCQUY;ARDENNES;4.474645310200697;49.52381973695728
Alencon;ALENCON;ORNE;0.098202852249119;48.43935805136752
Bayonne;BAYONNE;PYRENEES-ATLANTIQUES;-1.47066304089878;43.49694782534664
Ussel;USSEL;CORREZE;2.314468195874998;45.557468511900595
Leucate-la-Franqui;LEUCATE;AUDE;3.012754203691728;42.93265437530484
La Couronne;LA COURONNE;CHARENTE;0.101374335126247;45.604899250412586
St-Laurent-du-Var;SAINT-LAURENT-DU-VAR;ALPES-MARITIMES;7.194463169121656;43.662271915301304
St-Hilaire;SAINT-HILAIRE-SUR-HELPE;NORD;3.913289822507938;50.13217595242648
Marcheprime;MARCHEPRIME;GIRONDE;-0.853747624467541;44.69053899851707
Leforest;LEFOREST;PAS-DE-CALAIS;3.060051873061844;50.42729369814148
Feuquieres-Fressenneville;FEUQUIERES-EN-VIMEU;SOMME;1.58916384132379;50.06341295024145
Chambly;CHAMBLY;OISE;2.240471809084233;49.1634568044194
Manduel-Redessan;MANDUEL;GARD;4.479351522598788;43.82634078935127
Viry-Noureuil;VIRY-NOUREUIL;AISNE;3.250090386626722;49.62730354937344
Is-sur-Tille;MARCILLY-SUR-TILLE;COTE-D'OR;5.129832199967969;47.52021534007557
Bonnemain;BONNEMAIN;ILLE-ET-VILAINE;-1.765085143486323;48.47629730968967
Creteil-Pompadour;CRETEIL;VAL-DE-MARNE;2.435515276534495;48.771239125875155
Aubergenville-Elisabethville;AUBERGENVILLE;YVELINES;1.848450617082139;48.97211162611124
L'Aiguille;BOSMIE-L'AIGUILLE;HAUTE-VIENNE;1.205107561655246;45.77832183238097
Montrouge-Chatillon;CHATILLON;HAUTS-DE-SEINE;2.302389503171902;48.808893775572265
Riom-Chatel-Guyon;RIOM;PUY-DE-DOME;3.121138530418133;45.88996059116421
Mehun-sur-Yevre;MEHUN-SUR-YEVRE;CHER;2.207220712559196;47.139409350562005
St-Aunes;SAINT-AUNES;HERAULT;3.963258236281296;43.63539371862417
Montlucon-Ville;MONTLUCON;ALLIER;2.596196458997838;46.33767237806594
Gunsbach-Griesbach;GRIESBACH-AU-VAL;HAUT-RHIN;7.173816631821866;48.04161748447335
Porte-Puymorens;PORTA;PYRENEES-ORIENTALES;1.824842262173849;42.538959362402785
Louhossoa;LOUHOSSOA;PYRENEES-ATLANTIQUES;-1.362398085576867;43.30568083956216
Morieres-les-Avignon;MORIERES-LES-AVIGNON;VAUCLUSE;4.908363202175189;43.94144966813656
Berlaimont;BERLAIMONT;NORD;3.808909545062166;50.19821011578526
Mende;MENDE;LOZERE;3.501918908967538;44.52241170756253
Krimmeri-Meinau;STRASBOURG;BAS-RHIN;7.752139972162632;48.56391789468617
Prisse-la-Charriere;PLAINE-D'ARGENSON;DEUX-SEVRES;-0.493543774892709;46.15267068098848
Fere-Champenoise;FERE-CHAMPENOISE;MARNE;3.983633027098256;48.762414686213496
Jonchery-sur-Vesle;JONCHERY-SUR-VESLE;MARNE;3.819584568195741;49.29000036950183
Vinca;VINCA;PYRENEES-ORIENTALES;2.526939017959618;42.64773531675156
Uckange;UCKANGE;MOSELLE;6.156190363131994;49.30344104441216
Champagne-Ardenne-TGV;BEZANNES;MARNE;3.993655995605394;49.21455924201552
Magenta;PARIS;PARIS;2.358372303710827;48.880337247960775
Chamousset;CHAMOUSSET;SAVOIE;6.205101602032683;45.55748096061991
Mareil-Marly;MAREIL-MARLY;YVELINES;2.079043720705496;48.88079697768339
St-Nom-la-Breteche-Foret-de-Marly;L'ETANG-LA-VILLE;YVELINES;2.050733554631808;48.866634515145755
St-Saturnin-d'Avignon;SAINT-SATURNIN-LES-AVIGNON;VAUCLUSE;4.935187772099089;43.95311455468068
Eurville-Bienville;EURVILLE-BIENVILLE;HAUTE-MARNE;5.044745010027194;48.58231410602889
Campagnac-St-Geniez;CAMPAGNAC;AVEYRON;3.066230308233966;44.42200009117782
Serres;SERRES;HAUTES-ALPES;5.71837772479829;44.42414709266119
Les Abrets-Fitilieu;LES ABRETS EN DAUPHINE;ISERE;5.575375257196813;45.54224893358837
Gironcourt-Houecourt;GIRONCOURT-SUR-VRAINE;VOSGES;5.921475513700222;48.31045388262746
Tournay;TOURNAY;HAUTES-PYRENEES;0.238950526372041;43.1835043179058
Longuyon;LONGUYON;MEURTHE-ET-MOSELLE;5.604711003477768;49.44444504384556
Generac;GENERAC;GARD;4.343418417650327;43.73239501999224
St-Roch (Somme);AMIENS;SOMME;2.283688026612019;49.89323836277332
Caudry;CAUDRY;NORD;3.409086323027404;50.1113782514685
Aumale;AUMALE;SEINE-MARITIME;1.756413677139292;49.76501021704837
Varennes-sur-Fouzon;VAL-FOUZON;INDRE;1.614584534849485;47.2144220139427
Trappes-Marchandises;TRAPPES;YVELINES;1.992061127825842;48.76995775918314
Cires-les-Mello;CIRES-LES-MELLO;OISE;2.360280451577405;49.2714904533875
Toulon;TOULON;VAR;5.929717733657508;43.12858683541123
Serquigny;SERQUIGNY;EURE;0.718682267650932;49.10807248523253
Penne;PENNE-D'AGENAIS;LOT-ET-GARONNE;0.802760749654419;44.37989434175241
St-Gildas-des-Bois;SAINT-GILDAS-DES-BOIS;LOIRE-ATLANTIQUE;-2.044122473099628;47.51643540736758
Breaute-Beuzeville;BREAUTE;SEINE-MARITIME;0.416915530228295;49.60345308049904
Marmagne-sous-Creusot;MARMAGNE;SAONE-ET-LOIRE;4.35959914021374;46.8335510062794
St-Ouen-l'Aumone-Liesse;SAINT-OUEN-L'AUMONE;VAL-D'OISE;2.128452787001785;49.033892952000414
Flaxlanden;ZILLISHEIM;HAUT-RHIN;7.305014958140137;47.699075547741586
Montfort-l'Amaury-Mere;MERE;YVELINES;1.815590858818974;48.802738230652054
Petit-Jouy-Les Loges;LES LOGES-EN-JOSAS;YVELINES;2.146851066296696;48.77040097495269
Loison-sous-Lens;LOISON-SOUS-LENS;PAS-DE-CALAIS;2.85871245656636;50.43733161955527
Mulhouse-Ville;MULHOUSE;HAUT-RHIN;7.343678088066524;47.74235758221867
Castres;CASTRES;TARN;2.231152059073858;43.599117635871735
Gundershoffen;GUNDERSHOFFEN;BAS-RHIN;7.653248991210234;48.90524038784375
Ars-sur-Moselle;ARS-SUR-MOSELLE;MOSELLE;6.077933144586186;49.07423808913142
Pertuis;PERTUIS;VAUCLUSE;5.503648973811172;43.684422146424524
Villeneuve-le-Roi;VILLENEUVE-LE-ROI;VAL-DE-MARNE;2.426928989786292;48.73821835231162
Marne-la-Vallee-Chessy;CHESSY;SEINE-ET-MARNE;2.782694949997957;48.87003411396622
Le Perray;LE PERRAY-EN-YVELINES;YVELINES;1.856482220506106;48.69298365102392
Montrond-les-Bains;MONTROND-LES-BAINS;LOIRE;4.2491860944893;45.64439824458051
Tarare;TARARE;RHONE;4.439388291600868;45.889669739763235
La Boissiere;CONCARNEAU;FINISTERE;-3.904128244634578;47.91889896209298
Senas;SENAS;BOUCHES-DU-RHONE;5.073227644115169;43.74089310906697
Doulon;NANTES;LOIRE-ATLANTIQUE;-1.5154587803424;47.233603405361904
Flamboin-Gouaix;GOUAIX;SEINE-ET-MARNE;3.294810316646262;48.472520891870005
Paris-Tolbiac;PARIS;PARIS;2.37641320306158;48.83061225253158
Chevaigne;CHEVAIGNE;ILLE-ET-VILAINE;-1.630925579837672;48.20905987621851
Vaucelles;TAVERNY;VAL-D'OISE;2.229793890295861;49.02159087977371
Blanquefort;BLANQUEFORT;GIRONDE;-0.623774102350654;44.91756827628922
Joncherey;JONCHEREY;TERRITOIRE-DE-BELFORT;6.999789707654572;47.52481432980353
Thoiry;THOIRY;AIN;5.979943793446231;46.23095157795035
Chatillon-sur-Loire;BRIARE;LOIRET;2.777395286631359;47.60906896040327
Theillay;THEILLAY;LOIR-ET-CHER;2.044669956824546;47.317435780561375
St-Martory;SAINT-MARTORY;HAUTE-GARONNE;0.933013488355592;43.13829662344726
Lesparre;LESPARRE-MEDOC;GIRONDE;-0.945384784475426;45.3035111303514
Brelidy-Plouec;PLOUEC-DU-TRIEUX;COTES-D'ARMOR;-3.196262281923392;48.66919617633935
Chemilly-Appoigny;CHEMILLY-SUR-YONNE;YONNE;3.554346505051524;47.897342980683455
Chateaudun;CHATEAUDUN;EURE-ET-LOIR;1.338379095861212;48.07318380474969
Marly-les-Valenciennes;MARLY;NORD;3.535189707711709;50.3482728036862
St-Genies-de-Malgoires;SAINT-GENIES-DE-MALGOIRES;GARD;4.214922021943824;43.950116086569786
Vias;VIAS;HERAULT;3.427679448690574;43.319209650907055
Marvejols;MARVEJOLS;LOZERE;3.281142663772214;44.54467010094681
Futuroscope;CHASSENEUIL-DU-POITOU;VIENNE;0.378103406681546;46.66982364367344
Valmondois;BUTRY-SUR-OISE;VAL-D'OISE;2.201990239256097;49.09156460439162
Courtalain-St-Pellerin;COMMUNE NOUVELLE D'ARROU;EURE-ET-LOIR;1.126829727299309;48.07356453513559
Chazay-Marcilly;MARCILLY-D'AZERGUES;RHONE;4.725381631650007;45.873104810081706
Gourland;GRACES;COTES-D'ARMOR;-3.166769486434044;48.56111050629811
Clion-sur-Seugne;CLION;CHARENTE-MARITIME;-0.502132202455627;45.47851429383561
St-Priest;SAINT-PRIEST;RHONE;4.935082496993137;45.68619945489965
St-Rome-de-Cernon;SAINT-ROME-DE-CERNON;AVEYRON;2.967445456514812;44.013993469293446
Montbizot;MONTBIZOT;SARTHE;0.190914668124834;48.15133012551761
Gilley;GILLEY;DOUBS;6.492516253612154;47.05031863967397
Massy-Palaiseau;PALAISEAU;ESSONNE;2.254682428866152;48.72350896026942
Paris-Austerlitz-Souterrain;PARIS;PARIS;2.367037639567501;48.84049521424752
Champs-St-Bris;CHAMPS-SUR-YONNE;YONNE;3.603700203046033;47.7386232916123
Ebersviller;EBERSVILLER;MOSELLE;6.411341740804892;49.27475951002998
Venissieux;VENISSIEUX;RHONE;4.888899756674495;45.704811666744185
Ste-Genevieve-des-Bois;SAINTE-GENEVIEVE-DES-BOIS;ESSONNE;2.311349268650718;48.652126468780416
Luce;LUCE;EURE-ET-LOIR;1.453018308838864;48.43670752102672
Vaudagne;LES HOUCHES;HAUTE-SAVOIE;6.772718953597742;45.9088333354493
Anstaing;ANSTAING;NORD;3.193058529003587;50.60461729251908
St-Ouen-l'Aumone-Eglise;SAINT-OUEN-L'AUMONE;VAL-D'OISE;2.103636686072468;49.03928027866388
Changis-St-Jean;CHANGIS-SUR-MARNE;SEINE-ET-MARNE;3.025347777327805;48.95916369096754
Audrieu;AUDRIEU;CALVADOS;-0.595249263722527;49.216318490815695
Villedieu-les-Poeles;VILLEDIEU-LES-POELES-ROUFFIGNY;MANCHE;-1.225272555906044;48.834229680085095
St-Beron-La Bridoire;SAINT-BERON;SAVOIE;5.731846117319325;45.50400115855712
Le Creusot-Montceau-Montchanin;ECUISSES;SAONE-ET-LOIRE;4.50064960662506;46.76533453918298
Arpajon;ARPAJON;ESSONNE;2.240991107437124;48.58603053676793
Les Ancizes-St-Georges;LES ANCIZES-COMPS;PUY-DE-DOME;2.834827212339965;45.93132255784207
Milhac-d'Auberoche;BASSILLAC ET AUBEROCHE;DORDOGNE;0.918111452134353;45.129003315514105
La Rochelle-Pallice;LA ROCHELLE;CHARENTE-MARITIME;-1.221605394994009;46.15989944340473
Corseul-Languenan;LANGUENAN;COTES-D'ARMOR;-2.141517033211617;48.49595578157557
Domene;DOMENE;ISERE;5.829111418584144;45.201642077395775
Tournes;TOURNES;ARDENNES;4.627943655912601;49.793232912357084
Bon-Encontre;BOE;LOT-ET-GARONNE;0.661067236183136;44.17457928223537
Issy;ISSY-LES-MOULINEAUX;HAUTS-DE-SEINE;2.259486994204301;48.81996502716657
Branderion;BRANDERION;MORBIHAN;-3.194929491101136;47.78234896492175
Vincey;PORTIEUX;VOSGES;6.335742699948293;48.34329216369199
St-Medard-de-Guizieres;SAINT-MEDARD-DE-GUIZIERES;GIRONDE;-0.048395764469039;45.015509528318155
Cauderan-Merignac;BORDEAUX;GIRONDE;-0.627445536319426;44.84255397243456
Onzain-Chaumont-sur-Loire;VEUZAIN-SUR-LOIRE;LOIR-ET-CHER;1.186124412116244;47.49181168698501
Bornel-Belle-Eglise;BORNEL;OISE;2.207101582693562;49.19454069581452
Coussac-Bonneval;COUSSAC-BONNEVAL;HAUTE-VIENNE;1.311166875374606;45.50753132485294
St-Etienne-de-Montluc;SAINT-ETIENNE-DE-MONTLUC;LOIRE-ATLANTIQUE;-1.78582059219356;47.274743472717994
Le Cendre-Orcet;LE CENDRE;PUY-DE-DOME;3.188612056172235;45.72393096751502
Rai-Aube;RAI;ORNE;0.553722542868911;48.74376298436858
Lagny-Thorigny;THORIGNY-SUR-MARNE;SEINE-ET-MARNE;2.70396715179194;48.88211331373947
Montbazon;MONTBAZON;INDRE-ET-LOIRE;0.721463142318136;47.2917127564174
Roppenheim;BEINHEIM;BAS-RHIN;8.062358557900676;48.851226656772084
Montereau;VARENNES-SUR-SEINE;SEINE-ET-MARNE;2.934890007975593;48.38007498211493
Villiers-St-Georges;VILLIERS-SAINT-GEORGES;SEINE-ET-MARNE;3.412834906996417;48.65019009530268
Versailles-Matelots;VERSAILLES;YVELINES;2.096901709300268;48.79554109377443
Issoire;ISSOIRE;PUY-DE-DOME;3.254208169172224;45.54410777430989
Hoelschloch;SURBOURG;BAS-RHIN;7.831675226651149;48.91627697145677
Le Bosquet;CANNES;ALPES-MARITIMES;6.982257923482912;43.550725530415555
Mouans-Sartoux;MOUANS-SARTOUX;ALPES-MARITIMES;6.974387833892344;43.6202661356587
St-Yrieix;SAINT-YRIEIX-LA-PERCHE;HAUTE-VIENNE;1.205694843375046;45.519049662187314
St-Hilaire-St-Nazaire;SAINT-HILAIRE-DU-ROSIER;ISERE;5.243897687873892;45.07152379259458
Aulnoye-Aymeries;AULNOYE-AYMERIES;NORD;3.843683630210112;50.19717322440107
St-Avre-la-Chambre;SAINT-AVRE;SAVOIE;6.303406681231636;45.352757170793396
Guignicourt;VILLENEUVE-SUR-AISNE;AISNE;3.961335731591036;49.43440304172821
Felletin;FELLETIN;CREUSE;2.169456195182989;45.88650240885839
Culmont-Chalindrey;CHALINDREY;HAUTE-MARNE;5.448167554514215;47.80671574883246
St-Hilaire-au-Temple;SAINT-HILAIRE-AU-TEMPLE;MARNE;4.379403411513751;49.05571428739564
Rosny-Bois-Perrier;ROSNY-SOUS-BOIS;SEINE-SAINT-DENIS;2.481478166402765;48.88247987492721
St-Leu-la-Foret;SAINT-LEU-LA-FORET;VAL-D'OISE;2.242717056237729;49.01541026276837
Lexos;VAREN;TARN-ET-GARONNE;1.886266293554495;44.142185505430454
Amifontaine;AMIFONTAINE;AISNE;3.910682169327863;49.484696626763025
Cenon;CENON;GIRONDE;-0.533609161141981;44.855856098578435
St-Germain-St-Remy;SAINT-GERMAIN-SUR-AVRE;EURE-ET-LOIR;1.256292124313499;48.758914576709124
Montbarrey;MONTBARREY;JURA;5.63696028235218;47.03595789195915
Belvezet;MONT LOZERE ET GOULET;LOZERE;3.751807473339702;44.56175524510515
Aurillac;AURILLAC;CANTAL;2.436202111452767;44.92128287269628
Meung-sur-Loire;MEUNG-SUR-LOIRE;LOIRET;1.691830031501516;47.82999942870646
Muhlbach-sur-Munster;MUHLBACH-SUR-MUNSTER;HAUT-RHIN;7.087636083352972;48.02448731356157
La Villette-St-Prest;SAINT-PREST;EURE-ET-LOIR;1.523025386051404;48.48261879661532
La Chapelle-sur-Loire;LA CHAPELLE-SUR-LOIRE;INDRE-ET-LOIRE;0.21864433916433;47.25125666828695
Lisle-sur-Tarn;LISLE-SUR-TARN;TARN;1.808445804445401;43.85699726914997
Duppigheim;DUPPIGHEIM;BAS-RHIN;7.587072359646609;48.54404266185156
Correze;SAINT-PRIEST-DE-GIMEL;CORREZE;1.879639494361449;45.32876581451238
Givors-Canal;GIVORS;RHONE;4.7717712481504;45.59602665061307
Bouffemont-Moisselles;BOUFFEMONT;VAL-D'OISE;2.322968171577075;49.04519005770302
Montescourt;MONTESCOURT-LIZEROLLES;AISNE;3.251936978207889;49.738090356394565
Noisy-le-Sec;NOISY-LE-SEC;SEINE-SAINT-DENIS;2.46053811074278;48.89662942959558
Le Teich;LE TEICH;GIRONDE;-1.02560772982549;44.63235011251188
Colmar-St-Joseph;COLMAR;HAUT-RHIN;7.344998805877574;48.081830719450615
Volvic;VOLVIC;PUY-DE-DOME;3.003424660759702;45.86473005056438
Nice-Ville;NICE;ALPES-MARITIMES;7.261742357128731;43.70479288120297
Iwuy;IWUY;NORD;3.330420094018675;50.226267859212776
Saujon;SAUJON;CHARENTE-MARITIME;-0.930419852300245;45.66696039861186
Virieu-sur-Bourbre;VAL-DE-VIRIEU;ISERE;5.471451660227618;45.491251882818005
Bening;BENING-LES-SAINT-AVOLD;MOSELLE;6.827858767336503;49.138501550369526
Lezignan-la-Cebe;LEZIGNAN-LA-CEBE;HERAULT;3.435022042211497;43.494151265277814
La Celle-St-Cloud;LA CELLE-SAINT-CLOUD;YVELINES;2.138194315944331;48.842665067365125
Valenciennes;VALENCIENNES;NORD;3.518515366298679;50.3659654003862
Lancey;VILLARD-BONNOT;ISERE;5.880868045948992;45.23453734722773
St-Dizier;SAINT-DIZIER;HAUTE-MARNE;4.951079373888255;48.641753751106705
Douzillac;DOUZILLAC;DORDOGNE;0.417067509018416;45.079332312145596
Montoire-sur-le-Loir;MONTOIRE-SUR-LE-LOIR;LOIR-ET-CHER;0.869810956512988;47.758065743759516
Arc-et-Senans;ARC-ET-SENANS;DOUBS;5.775479568412113;47.03147753322004
Pantin;PANTIN;SEINE-SAINT-DENIS;2.400433570791011;48.898081816083256
Gresy-sur-Aix;GRESY-SUR-AIX;SAVOIE;5.921914496750757;45.72413350210002
Etampes;ETAMPES;ESSONNE;2.157742823779261;48.43612239795101
Montbre;MONTBRE;MARNE;4.038904570928977;49.19364797467818
Pontfaverger;PONTFAVERGER-MORONVILLIERS;MARNE;4.320139560417969;49.3024773354827
Miserey-Salines;MISEREY-SALINES;DOUBS;5.963636396251362;47.2858209149037
Yerres;YERRES;ESSONNE;2.481357750858454;48.70617437531325
La Bastide-St-Laurent-les-Bains;LA BASTIDE-PUYLAURENT;LOZERE;3.903944888252394;44.59337699579299
Bolbec-Nointot;BOLBEC;SEINE-MARITIME;0.484986711748194;49.59160906018728
Vivonne;VIVONNE;VIENNE;0.265134204186525;46.426482815041005
Mothern;MOTHERN;BAS-RHIN;8.161849013795889;48.934930651836964
Pornichet;PORNICHET;LOIRE-ATLANTIQUE;-2.344704844934861;47.27066127767772
Preignac;PREIGNAC;GIRONDE;-0.302331668131004;44.57831945261781
Luc-en-Diois;LUC-EN-DIOIS;DROME;5.454832629017519;44.61403808852461
Montivilliers;MONTIVILLIERS;SEINE-MARITIME;0.189389053119932;49.54285747182162
Mesves-Bulcy;MESVES-SUR-LOIRE;NIEVRE;3.00650889658292;47.242133845059584
Dirinon Loperhet;LOPERHET;FINISTERE;-4.285756623569624;48.39276192472316
Seclin;SECLIN;NORD;3.034959124045115;50.54769139704771
St-Cyr;SAINT-CYR-L'ECOLE;YVELINES;2.073118293820027;48.798855476988486
Vaux-en-Bugey;VAUX-EN-BUGEY;AIN;5.342149851150576;45.92655897555944
Port-la-Nouvelle;PORT-LA-NOUVELLE;AUDE;3.038711639289963;43.01986737903757
Roumazieres-Loubert;TERRES-DE-HAUTE-CHARENTE;CHARENTE;0.57881093188247;45.88935397042813
Villefranche-sur-Cher;VILLEFRANCHE-SUR-CHER;LOIR-ET-CHER;1.768504119815024;47.29494249838341
Regny;REGNY;LOIRE;4.215337566332648;45.98762679101134
Conchil-le-Temple;CONCHIL-LE-TEMPLE;PAS-DE-CALAIS;1.660959193069648;50.36210328864531
Lavannes-Caurel;CAUREL;MARNE;4.145357680512822;49.31532967150995
Carmaux;CARMAUX;TARN;2.151892510951;44.04885485361095
Plenee-Jugon;PLENEE-JUGON;COTES-D'ARMOR;-2.354648763203393;48.37664297834418
Conlie;CONLIE;SARTHE;-0.010955510941006;48.127224276091155
Rabastens-Couffouleux;COUFOULEUX;TARN;1.73146579760068;43.81990951111939
St-Marcel;MARSEILLE;BOUCHES-DU-RHONE;5.467151073817465;43.28831342757475
Ceyzeriat;CEYZERIAT;AIN;5.325714964198832;46.183333329044686
Margaux;MARGAUX-CANTENAC;GIRONDE;-0.685429458288948;45.03585421890331
Etalans;ETALANS;DOUBS;6.270665680069556;47.15598364925356
Marssac-sur-Tarn;MARSSAC-SUR-TARN;TARN;2.026894992903473;43.915017080362055
Persan-Beaumont;PERSAN;VAL-D'OISE;2.2787859638815;49.14827872914821
Neuville-aux-Bois;NEUVILLE-AUX-BOIS;LOIRET;2.058897684244644;48.0707534219727
Croix-Wasquehal;WASQUEHAL;NORD;3.138716972159806;50.67914456808907
Longueau;BOVES;SOMME;2.352175074136352;49.86378875504405
Roncq;RONCQ;NORD;3.118565945703599;50.749249877310234
Pierrelatte;PIERRELATTE;DROME;4.703944257544838;44.37464620538406
St-Aigulin-La Roche-Chalais;SAINT-AIGULIN;CHARENTE-MARITIME;-0.019192014902316;45.1572333305456
Baroncourt;DOMMARY-BARONCOURT;MEUSE;5.70521469970164;49.27994118456005
Severac;SEVERAC;LOIRE-ATLANTIQUE;-2.072787144848598;47.54983414389597
Vendeuvre-Jort;VENDEUVRE;CALVADOS;-0.088571740492798;48.97817201289052
Fleurance;FLEURANCE;GERS;0.656385858366217;43.852370625753075
Fos-Coussoul;FOS-SUR-MER;BOUCHES-DU-RHONE;4.904849298453765;43.47455074855669
Marcelcave;MARCELCAVE;SOMME;2.582196652970227;49.85315465670388
Strasbourg-Roethig;LINGOLSHEIM;BAS-RHIN;7.694915442232285;48.5633039400603
Marolles-en-Hurepoix;MAROLLES-EN-HUREPOIX;ESSONNE;2.291189878826282;48.56353449595023
St-Omer-en-Chaussee;SAINT-OMER-EN-CHAUSSEE;OISE;1.996937424089691;49.53018327274132
Barsac;BARSAC;GIRONDE;-0.320676943169895;44.603962005552916
Massy-Palaiseau;MASSY;ESSONNE;2.263746454477757;48.72987680899496
Fromental;FROMENTAL;HAUTE-VIENNE;1.434917653629542;46.17320437330627
Argenteuil;ARGENTEUIL;VAL-D'OISE;2.257503373403379;48.9471544554575
Beaulieu-sur-Mer;BEAULIEU-SUR-MER;ALPES-MARITIMES;7.331806521641647;43.70668194849984
Enghien-les-Bains;ENGHIEN-LES-BAINS;VAL-D'OISE;2.306453598474992;48.97323447038807
Fretin;FRETIN;NORD;3.148901426869477;50.56074515954315
Frejus;FREJUS;VAR;6.732965742289674;43.43186448702527
Aspres-sur-Buech;ASPRES-SUR-BUECH;HAUTES-ALPES;5.754332493593342;44.519379509523155
Herchies;HERCHIES;OISE;2.011149327294811;49.487873637729614
Forbach;FORBACH;MOSELLE;6.901095783296949;49.189473137383715
Vernaison;VERNAISON;RHONE;4.813521758992947;45.645514011538495
Vire;VIRE NORMANDIE;CALVADOS;-0.882776027541695;48.846447589013074
Sille-le-Guillaume;SAINT-REMY-DE-SILLE;SARTHE;-0.097951400609911;48.18111079913861
Wihr-au-Val-Soultzbach-les-Bains;WIHR-AU-VAL;HAUT-RHIN;7.209782690819298;48.04613656163483
Gravigny-Balizy;LONGJUMEAU;ESSONNE;2.317930000476833;48.68519000053006
Vidauban;VIDAUBAN;VAR;6.433371018012588;43.432173803299214
Bouvines;CYSOING;NORD;3.202238270963352;50.57459818259859
Dreux;DREUX;EURE-ET-LOIR;1.370482748921555;48.73106052651336
Le Plessis-Chenet;LE COUDRAY-MONTCEAUX;ESSONNE;2.479575387206125;48.573786219925275
Fontenoy-sur-Moselle;FONTENOY-SUR-MOSELLE;MEURTHE-ET-MOSELLE;5.981240576927045;48.71242321001076
Stains;STAINS;SEINE-SAINT-DENIS;2.377883537272118;48.95927069489273
Champagne-Ardenne-TGV;BEZANNES;MARNE;3.995694331850647;49.21368002011414
Freteval-Moree;FRETEVAL;LOIR-ET-CHER;1.211608068881622;47.891918788893165
Lomme;LILLE;NORD;3.011139351510248;50.64377009407773
Ranguin;MOUGINS;ALPES-MARITIMES;6.969385661888861;43.569088238569556
Montroc-le-Planet;CHAMONIX-MONT-BLANC;HAUTE-SAVOIE;6.934410352799012;45.99610123418571
Byans;BYANS-SUR-DOUBS;DOUBS;5.852088069196292;47.11832925172662
Hochfelden;HOCHFELDEN;BAS-RHIN;7.572162441093835;48.755137916528135
Reichshoffen-Usines;REICHSHOFFEN;BAS-RHIN;7.652436617456791;48.91943284002208
Aix-les-Bains-Le Revard;AIX-LES-BAINS;SAVOIE;5.908901294915313;45.688112428031324
Aix-les-Bains-Le Revard;AIX-LES-BAINS;SAVOIE;5.908892281827733;45.68821941185765
Vervins;VERVINS;AISNE;3.893379399194967;49.83006081663903
Les Aubrais-Orleans;FLEURY-LES-AUBRAIS;LOIRET;1.906180921730926;47.926275249867174
Murat;MURAT;CANTAL;2.869632362496703;45.109055864544665
Ondres;ONDRES;LANDES;-1.456896038241611;43.568787790173175
Rassuen;ISTRES;BOUCHES-DU-RHONE;4.97296294189413;43.49679703645579
Annappes;VILLENEUVE-D'ASCQ;NORD;3.146351026241638;50.622876232702744
Pithiviers;PITHIVIERS;LOIRET;2.246653885888747;48.17833032242162
Commentry;COMMENTRY;ALLIER;2.747704418236566;46.29873767530418
Noiretable;NOIRETABLE;LOIRE;3.761191342112098;45.81601494704283
Bartenheim;BARTENHEIM;HAUT-RHIN;7.487634905148902;47.63490670376327
Domfront;DOMFRONT-EN-CHAMPAGNE;SARTHE;0.02615649626639;48.10776080791002
Parthenay;PARTHENAY;DEUX-SEVRES;-0.239097845413404;46.646623997834205
Verneuil-sur-Avre;VERNEUIL D'AVRE ET D'ITON;EURE;0.929326148683417;48.74272317931935
St-Lothain;SAINT-LOTHAIN;JURA;5.643810199795414;46.82310722917793
Le Croisic;LE CROISIC;LOIRE-ATLANTIQUE;-2.506895318720328;47.28976224201512
Gresswiller;GRESSWILLER;BAS-RHIN;7.42442392943557;48.533185884953646
Tournes;TOURNES;ARDENNES;4.627943655912601;49.793232912357084
Riom-Chatel-Guyon;RIOM;PUY-DE-DOME;3.120954983054932;45.88979622425908
Sarlat;SARLAT-LA-CANEDA;DORDOGNE;1.218473948248141;44.877475178977484
Alland'huy;ALLAND'HUY-ET-SAUSSEUIL;ARDENNES;4.555346189941514;49.511368621731805
Wizernes;WIZERNES;PAS-DE-CALAIS;2.229123687212228;50.70531256788087
Ciry-le-Noble;CIRY-LE-NOBLE;SAONE-ET-LOIRE;4.299610871448938;46.604063976569954
Aspres-sur-Buech;ASPRES-SUR-BUECH;HAUTES-ALPES;5.754737548287199;44.51887419082761
St-Gilles-du-Gard;SAINT-GILLES;GARD;4.431863732269444;43.67099106868398
Belleville-Vendee;BELLEVIGNY;VENDEE;-1.434609949205068;46.788322662319686
Nomain-Ouvignies;NOMAIN;NORD;3.230767343182578;50.50630334669699
Vendenheim;VENDENHEIM;BAS-RHIN;7.718218127488554;48.66540400117573
Vaumoise;COYOLLES;AISNE;2.988488393716951;49.23368839146981
Bourges;BOURGES;CHER;2.394323091295934;47.09461813661659
St-Victor-Thizy;SAINT-VICTOR-SUR-RHINS;LOIRE;4.281196242917453;46.00228968421425
Breuillet-Bruyeres-le-Chatel;BREUILLET;ESSONNE;2.191610679522858;48.577254746375345
Cravant-Bazarnes;BAZARNES;YONNE;3.680855844379947;47.679545214866515
Notre-Dame-de-Briancon;LA LECHERE;SAVOIE;6.468704614901503;45.53933536334153
La Varenne-Chennevieres;SAINT-MAUR-DES-FOSSES;VAL-DE-MARNE;2.513000203890139;48.79451937231734
Nice-St-Augustin;NICE;ALPES-MARITIMES;7.216446678038527;43.670674336256205
Longueville;LONGUEVILLE;SEINE-ET-MARNE;3.248786566166764;48.514782273818554
Lyon-Vaise;LYON;RHONE;4.803463671227938;45.78017749357846
Chambourg;CHAMBOURG-SUR-INDRE;INDRE-ET-LOIRE;0.9654243523727;47.18165119449651
Patay;PATAY;LOIRET;1.699937510826667;48.049414991103056
Florange;FLORANGE;MOSELLE;6.113757793187395;49.33037307317541
Briare;BRIARE;LOIRET;2.7336930262485;47.64646201241365
Marchezais-Broue;BROUE;EURE-ET-LOIR;1.513661379138585;48.7683066391684
Pont-de-l'Alma;PARIS;PARIS;2.300381827113453;48.86246272798137
Echirolles;ECHIROLLES;ISERE;5.719928252527468;45.15277648368396
Orthez;ORTHEZ;PYRENEES-ATLANTIQUES;-0.767248033233532;43.4840576350703
Croix-Sainte;MARTIGUES;BOUCHES-DU-RHONE;5.01971020428391;43.408881137966134
Hymont-Mattaincourt;HYMONT;VOSGES;6.146589814151718;48.27044863675517
La Chapelle-la-Reine;LA CHAPELLE-LA-REINE;SEINE-ET-MARNE;2.567472797272151;48.3220645289376
La Vancelle;KINTZHEIM;BAS-RHIN;7.34634820775523;48.27695021439834
Hachette;LOCQUIGNOL;NORD;3.743209619904144;50.15820001748976
Miramas;MIRAMAS;BOUCHES-DU-RHONE;4.998792596074934;43.580978723590526
Pont-Cardinet;PARIS;PARIS;2.314071416178038;48.88751952557368
Culmont-Chalindrey;CULMONT;HAUTE-MARNE;5.443749963710532;47.80960156265851
Avesnelles;AVESNELLES;NORD;3.946104821951606;50.11977556237729
Cholet;CHOLET;MAINE-ET-LOIRE;-0.870296423545569;47.06618658131302
Vraincourt-Vieville;VRAINCOURT;HAUTE-MARNE;5.123890814608322;48.23687562456275
Remilly;REMILLY;MOSELLE;6.394345586280259;49.01466094107639
Montabard;MONTABARD;ORNE;-0.096206720247502;48.81617987941231
St-Claude;SAINT-CLAUDE;JURA;5.860136354027906;46.389928864056245
Esches;ESCHES;OISE;2.170617493219589;49.21248581843525
St-Hilaire-de-Riez;SAINT-HILAIRE-DE-RIEZ;VENDEE;-1.949563777771351;46.716638184040235
Ruffec;RUFFEC;CHARENTE;0.190190433044826;46.030631454150175
Cesson-Sevigne;CESSON-SEVIGNE;ILLE-ET-VILAINE;-1.602579702384093;48.11257394590477
Mohon;CHARLEVILLE-MEZIERES;ARDENNES;4.732672601969852;49.753068017671595
Revigny;REVIGNY-SUR-ORNAIN;MEUSE;4.985835511229858;48.82402651318643
Emerainville-Pontault-Combault;EMERAINVILLE;SEINE-ET-MARNE;2.617509201759023;48.80640786419705
St-Sulpice-Auteuil;SAINT-SULPICE;OISE;2.116130156618064;49.34736621410171
St-Marcel-en-Dombes;SAINT-MARCEL;AIN;4.977986862920747;45.95061360872407
Sibelin;SOLAIZE;RHONE;4.844880392281987;45.652733178612266
Villeperdue;VILLEPERDUE;INDRE-ET-LOIRE;0.633680639387541;47.20196092222494
Les Moussoux;CHAMONIX-MONT-BLANC;HAUTE-SAVOIE;6.85756771646658;45.91621088758126
Les Ardoines;VITRY-SUR-SEINE;VAL-DE-MARNE;2.409733390091427;48.78101578405993
L'Estaque;MARSEILLE;BOUCHES-DU-RHONE;5.321365695857461;43.363795215107366
Lus-la-Croix-Haute;LUS-LA-CROIX-HAUTE;DROME;5.697075587759043;44.67041983913662
Munchhausen;MUNCHHAUSEN;BAS-RHIN;8.141046499310965;48.92393158704121
Moulins-sur-Allier;YZEURE;ALLIER;3.33831749651396;46.5587421520745
Fos-Mole-Central;FOS-SUR-MER;BOUCHES-DU-RHONE;4.86999835033828;43.41049270838802
Corbehem;CORBEHEM;PAS-DE-CALAIS;3.040504265536794;50.34299930559739
Langres;LANGRES;HAUTE-MARNE;5.336121359432057;47.88206215858669
Montendre;MONTENDRE;CHARENTE-MARITIME;-0.396140374234311;45.28054616702834
Bazeilles;BAZEILLES;ARDENNES;4.986271337925847;49.6719657259352
Sallanches-Combloux-Megeve;SALLANCHES;HAUTE-SAVOIE;6.63649948695067;45.93577791732538
Commercy;COMMERCY;MEUSE;5.588524217206084;48.76592141350516
Santeuil-Le Perchay;SANTEUIL;VAL-D'OISE;1.949101836775275;49.12405278609706
Nerpuy;NAINTRE;VIENNE;0.525671146669689;46.78345981424409
Le Mee;LE MEE-SUR-SEINE;SEINE-ET-MARNE;2.622362332021146;48.54106553995727
Fontaines-d'Ozillac;FONTAINES-D'OZILLAC;CHARENTE-MARITIME;-0.384150518489945;45.388325247539576
St-Etienne-Le Clapier;SAINT-ETIENNE;LOIRE;4.378403509631388;45.43669852056117
Vichy;VICHY;ALLIER;3.43072483612765;46.12683921223093
Hirson-Ecoles;HIRSON;AISNE;4.086000106405374;49.92932208305819
Bouaye;BOUAYE;LOIRE-ATLANTIQUE;-1.681009432067846;47.137978792687676
La Croix-du-Prince;PAU;PYRENEES-ATLANTIQUES;-0.378991277654811;43.28580945036737
Grisolles;GRISOLLES;TARN-ET-GARONNE;1.302086225353943;43.827394407591115
Plaisir-Les Clayes;PLAISIR;YVELINES;1.957493331910228;48.830997705038726
Chantenay;NANTES;LOIRE-ATLANTIQUE;-1.594917252652802;47.1970064456963
Boigneville;BOIGNEVILLE;ESSONNE;2.379038997367991;48.34215966984908
Clermont-de-l'Oise;CLERMONT;OISE;2.417217353304942;49.38565247605914
Boves;BOVES;SOMME;2.398094911803031;49.8464769166293
Tricot;TRICOT;OISE;2.581532342952444;49.56104227001924
Revin;REVIN;ARDENNES;4.642915600499463;49.93940438289336
Bethune-Rivage;BETHUNE;PAS-DE-CALAIS;2.647080447195465;50.533700850565964
Ste-Pazanne;SAINTE-PAZANNE;LOIRE-ATLANTIQUE;-1.813772952906982;47.10556403817486
Peyrehorade;PEYREHORADE;LANDES;-1.115361130275228;43.54680048723023
Myennes;MYENNES;NIEVRE;2.93132553153053;47.45029414690045
La Bastide-St-Laurent-les-Bains;LA BASTIDE-PUYLAURENT;LOZERE;3.903831857199111;44.59267783357963
Saumur;SAUMUR;MAINE-ET-LOIRE;-0.071468930477049;47.268670793243174
Pierre-Benite;PIERRE-BENITE;RHONE;4.824858620753108;45.70654417252499
Mont-de-Terre;LILLE;NORD;3.096842870771378;50.61747476247216
Aigues-Mortes;AIGUES-MORTES;GARD;4.191091756201102;43.57088039271484
Barbentane-Rognonas;BARBENTANE;BOUCHES-DU-RHONE;4.782764958344966;43.89664869302909
Montreuil;VERSAILLES;YVELINES;2.15132568052432;48.806465799538934
Bussiere-Galant;BUSSIERE-GALANT;HAUTE-VIENNE;1.028716612888773;45.60889995469641
Gommiers;TERMINIERS;EURE-ET-LOIR;1.700330460336401;48.08956697136819
Tonneins;TONNEINS;LOT-ET-GARONNE;0.31424443366033;44.392745967827516
Le Blanc-Mesnil;LE BLANC-MESNIL;SEINE-SAINT-DENIS;2.477352075523793;48.93214794166505
Hymont-Mattaincourt;HYMONT;VOSGES;6.140157550557562;48.27073902797104
Marignier;MARIGNIER;HAUTE-SAVOIE;6.506267431148229;46.08888626603907
Cattenieres;CATTENIERES;NORD;3.333515255751367;50.12835052655963
Foucart-Alvimare;FOUCART;SEINE-MARITIME;0.597040774447286;49.60829267694682
Aumont-Aubrac;PEYRE EN AUBRAC;LOZERE;3.283356515388857;44.71819524766465
Puy-Guillaume;PUY-GUILLAUME;PUY-DE-DOME;3.473928982927906;45.95753518403893
Caen;CAEN;CALVADOS;-0.348219668959411;49.176483611248514
Arques (Pas-de-Calais);ARQUES;PAS-DE-CALAIS;2.302450987758433;50.72817744715358
Presles-Courcelles;PRESLES;VAL-D'OISE;2.287901978158134;49.11345994243122
Retiers;RETIERS;ILLE-ET-VILAINE;-1.389795493132067;47.91327245102402
Nyers;NYER;PYRENEES-ORIENTALES;2.263025997094444;42.54164503823846
La Norville-St-Germain-les-Arpajon;LA NORVILLE;ESSONNE;2.267487134649648;48.591691751296445
Solferino;SOLFERINO;LANDES;-0.916308236086949;44.145491646972204
St-Priest-Taurion;SAINT-PRIEST-TAURION;HAUTE-VIENNE;1.400669819851664;45.887222335894755
Montpaon;FONDAMENTE;AVEYRON;3.109694918299909;43.868444642010424
Saverne;SAVERNE;BAS-RHIN;7.362064585704122;48.74464267560709
Zoufftgen (IE);ZOUFFTGEN;MOSELLE;6.129087542059962;49.45545408846772
Flavy-le-Martel;FLAVY-LE-MARTEL;AISNE;3.190748290287538;49.7187021304641
Sermaise;SERMAISE;ESSONNE;2.068711556072385;48.53547028542868
St-Eloy;SAINT-ELOY-LES-MINES;PUY-DE-DOME;2.835030711589848;46.169785752753754
Les Tines;CHAMONIX-MONT-BLANC;HAUTE-SAVOIE;6.899188118399411;45.95080962972507
Hoenheim-Tram;HNHEIM;BAS-RHIN;7.758131558822099;48.628759388264264
Villaines;VILLAINES-SOUS-BOIS;VAL-D'OISE;2.349391049822035;49.07861560140032
Biache-St-Vaast;BIACHE-SAINT-VAAST;PAS-DE-CALAIS;2.940997644790628;50.316280109440925
Kerhostin;SAINT-PIERRE-QUIBERON;MORBIHAN;-3.136514310995024;47.53629242755505
Landry;LANDRY;SAVOIE;6.733473556930917;45.57403174012078
Noisy-le-Sec;NOISY-LE-SEC;SEINE-SAINT-DENIS;2.45992179728448;48.89675042911374
Chateau-Chinon;CHATEAU-CHINON (CAMPAGNE);NIEVRE;3.926178092229213;47.07185440026569
Is-sur-Tille;MARCILLY-SUR-TILLE;COTE-D'OR;5.129777870847223;47.52023448752397
Champ-de-Mars-Tour-Eiffel;PARIS;PARIS;2.287661980210214;48.85382608574039
St-Gilles-Croix-de-Vie;SAINT-GILLES-CROIX-DE-VIE;VENDEE;-1.941609608187195;46.696491785801165
Longueville;LONGUEVILLE;SEINE-ET-MARNE;3.250354020039758;48.513466492488654
L'Estaque;MARSEILLE;BOUCHES-DU-RHONE;5.321378031505878;43.363795125943106
Herblay;HERBLAY-SUR-SEINE;VAL-D'OISE;2.161872775865862;48.990322193724175
Chemin-Peseux;PESEUX;JURA;5.344425867939907;46.99475783909085
Bazoches;BAZOCHES-ET-SAINT-THIBAUT;AISNE;3.616467770361404;49.305274498556166
Rosny-sous-Bois;ROSNY-SOUS-BOIS;SEINE-SAINT-DENIS;2.486053771443001;48.87051086552947
Eloyes;ELOYES;VOSGES;6.59997034529485;48.087125849744865
Onnaing;ONNAING;NORD;3.60137914801559;50.3920291158138
La Garde;LA GARDE;VAR;6.010088274585391;43.11864738966461
Abancourt;ABANCOURT;OISE;1.774718285053579;49.68553371297622
Valence-TGV;ALIXAN;DROME;4.978549257404847;44.99274215354382
Roquefort (Landes);ROQUEFORT;LANDES;-0.32504553826494;44.039325246507865
Gironde;GIRONDE-SUR-DROPT;GIRONDE;-0.091953787971817;44.58299090218213
Coursan;COURSAN;AUDE;3.051416551996191;43.23418716654783
Boucoiran;BOUCOIRAN-ET-NOZIERES;GARD;4.18754351808406;43.99273014025837
Mouroux;MOUROUX;SEINE-ET-MARNE;3.044047451591068;48.81347015023518
Heilly;HEILLY;SOMME;2.540395372875266;49.94382816531326
Teille;TEILLE;SARTHE;0.191517320153433;48.1813892187838
Etrechy;ETRECHY;ESSONNE;2.19360515789254;48.492275105306405
Louvres;LOUVRES;VAL-D'OISE;2.502681038602271;49.04998445076471
Penne;PENNE-D'AGENAIS;LOT-ET-GARONNE;0.79911677740077;44.37674412103538
Brion-Montreal-la-Cluse;BRION;AIN;5.558441193876042;46.17569128346321
Joncet;SERDINYA;PYRENEES-ORIENTALES;2.311245947030554;42.561539114650905
Alixan-Chateauneuf-d'Isere;CHATEAUNEUF-SUR-ISERE;DROME;4.988404541869791;45.00213922647198
Tronsanges;TRONSANGES;NIEVRE;3.053982608953191;47.11312698272247
Precy-sur-Oise;PRECY-SUR-OISE;OISE;2.376953455328803;49.203501298737045
St-Die-des-Vosges;SAINT-DIE-DES-VOSGES;VOSGES;6.94717370791528;48.282120288797906
Troyes;SAINT-JULIEN-LES-VILLAS;AUBE;4.091767915224051;48.26960987416348
Port-St-Louis-du-Rhone;PORT-SAINT-LOUIS-DU-RHONE;BOUCHES-DU-RHONE;4.804363369361556;43.39891441299268
Acheres-Ville;ACHERES;YVELINES;2.077781536261871;48.970114458751645
Dannemarie;DANNEMARIE;HAUT-RHIN;7.125321504403092;47.62764248459723
Belfort;BELFORT;TERRITOIRE-DE-BELFORT;6.855518836923356;47.62962842293642
Dompierre-Sept-Fons;DOMPIERRE-SUR-BESBRE;ALLIER;3.675343009355433;46.52641660175006
Voujeaucourt;VOUJEAUCOURT;DOUBS;6.770008290026753;47.47894451459476
Mantes-la-Jolie;MANTES-LA-VILLE;YVELINES;1.70309309052191;48.989085133393594
Trelaze;TRELAZE;MAINE-ET-LOIRE;-0.469567830097351;47.452849454429284
St-Gaudens;SAINT-GAUDENS;HAUTE-GARONNE;0.728631549972755;43.1047116609694
Boissy-l'Aillerie;BOISSY-L'AILLERIE;VAL-D'OISE;2.024992371835797;49.07580982720981
Diemeringen;DIEMERINGEN;BAS-RHIN;7.184733758034072;48.94083173304142
St-Pierre-de-Chignac;SAINT-PIERRE-DE-CHIGNAC;DORDOGNE;0.85708060093846;45.12347104277347
Viroflay-Rive-Gauche;VIROFLAY;YVELINES;2.171520002305991;48.8005737573124
Lisieux;LISIEUX;CALVADOS;0.230480535139116;49.13833836091847
Chasseneuil (Vienne);CHASSENEUIL-DU-POITOU;VIENNE;0.37290077344052;46.65191701703638
Beuvrages;BEUVRAGES;NORD;3.505854793654777;50.389514020355094
Thiaville;THIAVILLE-SUR-MEURTHE;MEURTHE-ET-MOSELLE;6.810414357035961;48.413727359479
Bayeux;BAYEUX;CALVADOS;-0.698300893971391;49.26958107576529
St-Germain-au-Mont-d'Or;SAINT-GERMAIN-AU-MONT-D'OR;RHONE;4.804518977167889;45.888540119601046
Volvic;VOLVIC;PUY-DE-DOME;2.99867906229565;45.86777595338548
Etais (GS);ETAIS-LA-SAUVIN;YONNE;3.344528456693853;47.498666659413956
Le Havre-Graville;LE HAVRE;SEINE-MARITIME;0.161551148840385;49.49990190084749
Malesherbes;LE MALESHERBOIS;LOIRET;2.40099439248392;48.29341001336288
Montlaur;MONTLAUR;HAUTE-GARONNE;1.578728505246302;43.47474448691258
Pont-de-Lignon;BEAUZAC;HAUTE-LOIRE;4.137456811955177;45.25981324098422
Bueil;BUEIL;EURE;1.44379094005207;48.92509435202495
St-Quentin-en-Yvelines;MONTIGNY-LE-BRETONNEUX;YVELINES;2.044365664932942;48.787365657631234
Les Ramassiers;TOULOUSE;HAUTE-GARONNE;1.352765431547052;43.602518852973404
Lentilly;LENTILLY;RHONE;4.667205453902536;45.821806043831806
Clacy-Mons;CLACY-ET-THIERRET;AISNE;3.576634965867545;49.54375630988866
Beaulieu-Le Coudray;LE COUDRAY;EURE-ET-LOIR;1.514923700425223;48.425837269935855
Mouy-Bury;BURY;OISE;2.326570137374303;49.32054635326035
Plouharnel-Carnac;PLOUHARNEL;MORBIHAN;-3.11838614250868;47.604321433014995
Eze;EZE;ALPES-MARITIMES;7.357169142675404;43.72224347830295
Boran-sur-Oise;BORAN-SUR-OISE;OISE;2.362764104585043;49.167044991880324
Pontorson-Mont-St-Michel;PONTORSON;MANCHE;-1.504908810054122;48.55243177361564
Buzy-en-Bearn;BUZY;PYRENEES-ATLANTIQUES;-0.456818633841091;43.14667688630999
Mesvres;MESVRES;SAONE-ET-LOIRE;4.244709727961873;46.86293850590604
Rixheim;RIXHEIM;HAUT-RHIN;7.399542952229912;47.75126463742996
Combs-la-Ville-Quincy;COMBS-LA-VILLE;SEINE-ET-MARNE;2.54704224181887;48.66864679123076
Chateau-Thierry;CHATEAU-THIERRY;AISNE;3.409738322821553;49.03782614971172
St-Andre-de-Corcy;SAINT-ANDRE-DE-CORCY;AIN;4.948707636273644;45.925981717567566
Cugand;CUGAND;VENDEE;-1.253460161353398;47.05830362769608
Chaumont;CHAUMONT;HAUTE-MARNE;5.10906827225772;48.1119332578839
Valleroy-Moineville;VALLEROY;MEURTHE-ET-MOSELLE;5.934437034177994;49.20508780036244
Port-Ste-Marie;PORT-SAINTE-MARIE;LOT-ET-GARONNE;0.388545716635139;44.250464514429325
St-Sulpice;SAINT-SULPICE-LA-POINTE;TARN;1.681196438908496;43.775630391901124
Loos-en-Gohelle;LENS;PAS-DE-CALAIS;2.792160590965308;50.437819114223956
Conflans-Jarny;JARNY;MEURTHE-ET-MOSELLE;5.868148235454816;49.1666621733777
Pougues-les-Eaux;POUGUES-LES-EAUX;NIEVRE;3.093935198617941;47.076783868711495
Verberie;VERBERIE;OISE;2.745804967507698;49.3199613885081
La Roche-en-Brenil;LA ROCHE-EN-BRENIL;COTE-D'OR;4.17015819244852;47.385206129666805
Hirson;HIRSON;AISNE;4.084730086619008;49.91456205465362
Villeneuve-sur-Allier;VILLENEUVE-SUR-ALLIER;ALLIER;3.246865273621824;46.65911911232658
La Chapelle-Centre;LA CHAPELLE-SUR-ERDRE;LOIRE-ATLANTIQUE;-1.548008411184202;47.29780936176806
Epinay-sur-Orge;EPINAY-SUR-ORGE;ESSONNE;2.32963171849958;48.66870545710936
Varades-St-Florent-le-Vieil;LOIREAUXENCE;LOIRE-ATLANTIQUE;-1.019757190898349;47.37440465988891
Gap;GAP;HAUTES-ALPES;6.085343549432018;44.56368066281374
Epehy;EPEHY;SOMME;3.133336324692209;50.00793445259912
Lezignan (Aude);LEZIGNAN-CORBIERES;AUDE;2.770291282453083;43.20006037775123
Chateaulin;CHATEAULIN;FINISTERE;-4.094446373150009;48.20142818283691
Ascq;VILLENEUVE-D'ASCQ;NORD;3.15976822699323;50.62195275849584
Hyeres;HYERES;VAR;6.124240371340878;43.10866063770032
Sarreinsming;SARREINSMING;MOSELLE;7.11212841482189;49.08611001608264
Chatillon-sur-Indre;CHATILLON-SUR-INDRE;INDRE;1.171048691962509;46.99214170777599
Albertville;ALBERTVILLE;SAVOIE;6.372548716712411;45.66916626382764
St-Ouen-du-Breuil;SAINT-OUEN-DU-BREUIL;SEINE-MARITIME;1.010813291247209;49.6407701420497
Marsac;MARSAC;CREUSE;1.585709851392756;46.094218181141514
Gudmont;GUDMONT-VILLIERS;HAUTE-MARNE;5.140977831506596;48.33833971036188
Bonson;BONSON;LOIRE;4.21636058621463;45.5223184083818
Meriel;MERIEL;VAL-D'OISE;2.205014084606336;49.0772421084486
Aire-sur-l'Adour;AIRE-SUR-L'ADOUR;LANDES;-0.256344052110299;43.707238775840736
Plouvara-Plerneuf;PLOUVARA;COTES-D'ARMOR;-2.89239580302299;48.50863007517779
Hesdin;HESDIN;PAS-DE-CALAIS;2.035297449002732;50.37830124171442
Chabris;CHABRIS;INDRE;1.646079774361345;47.255100199984426
Villennes-sur-Seine;VILLENNES-SUR-SEINE;YVELINES;1.999664247353981;48.939500312166594
Mutzig;MUTZIG;BAS-RHIN;7.462406503086941;48.533593276976994
La Frette-Montigny;LA FRETTE-SUR-SEINE;VAL-D'OISE;2.180065905880359;48.98019761511587
Ennevelin;TEMPLEUVE-EN-PEVELE;NORD;3.158767104451293;50.549523320480006
Bayonne-Allees-Marines;BAYONNE;PYRENEES-ATLANTIQUES;-1.483773076251879;43.49748307437902
L'Argentiere-les-Ecrins;L'ARGENTIERE-LA-BESSEE;HAUTES-ALPES;6.556249737151195;44.79098320934446
Lyon-Guillotiere;LYON;RHONE;4.84515837978365;45.74395955827666
Chaumont-en-Vexin;CHAUMONT-EN-VEXIN;OISE;1.87274012538591;49.26122040204954
Heyrieux;GRENAY;ISERE;5.056036580334189;45.65756700808129
Mignaloux-Nouaille;MIGNALOUX-BEAUVOIR;VIENNE;0.411829367284135;46.526077356674804
Mont-Notre-Dame;MONT-NOTRE-DAME;AISNE;3.576725498089148;49.296823850725474
Parthenay;PARTHENAY;DEUX-SEVRES;-0.239423232706813;46.6469941564911
L'Abbaye;LIVRY-GARGAN;SEINE-SAINT-DENIS;2.516927947616403;48.92233695494781
Neuville-Universite;NEUVILLE-SUR-OISE;VAL-D'OISE;2.078363401418651;49.014391328537435
Distroff;DISTROFF;MOSELLE;6.260227352042514;49.335095397692164
Douai;DOUAI;NORD;3.090940541981852;50.37461380619924
La Grande-Paroisse;LA GRANDE-PAROISSE;SEINE-ET-MARNE;2.897226810098953;48.37876500728777
Sarralbe;SARRALBE;MOSELLE;7.036295700186401;49.00077683351729
Druye;DRUYE;INDRE-ET-LOIRE;0.533822558376341;47.30636201128594
Flamboin-Gouaix;GOUAIX;SEINE-ET-MARNE;3.287283383626792;48.4725532460354
St-Amand-de-Vendome;SAINT-AMAND-LONGPRE;LOIR-ET-CHER;1.011973870796805;47.69303595599551
Rodez;RODEZ;AVEYRON;2.580264604321567;44.36265275693039
Laille;GUICHEN;ILLE-ET-VILAINE;-1.74943485888762;47.97104695918046
Thezy-Glimont;THEZY-GLIMONT;SOMME;2.435843586481389;49.81178157822017
Touet-de-l'Escarene;TOUET-DE-L'ESCARENE;ALPES-MARITIMES;7.3646684919829;43.84703661020427
Paray-le-Monial;PARAY-LE-MONIAL;SAONE-ET-LOIRE;4.113797115799167;46.44698018163388
Carhaix;CARHAIX-PLOUGUER;FINISTERE;-3.563916929202896;48.27645974077854
Menton-Garavan;MENTON;ALPES-MARITIMES;7.516005489849121;43.784880281124074
Dorlisheim;DORLISHEIM;BAS-RHIN;7.493034019441705;48.52464790963129
Dommartin-Lissieu;DOMMARTIN;RHONE;4.734074413989939;45.839999367586906
Lutterbach-Tram-Train;LUTTERBACH;HAUT-RHIN;7.276642521680638;47.7581417489987
St-Varent;SAINT-VARENT;DEUX-SEVRES;-0.224148987227961;46.88931062006557
Rambouillet;RAMBOUILLET;YVELINES;1.831365471508512;48.64330050790358
Roye (Somme);ROYE;SOMME;2.786552725796768;49.705002902113705
Oloron-Ste-Marie;OLORON-SAINTE-MARIE;PYRENEES-ATLANTIQUES;-0.612202258968699;43.19475600274593
Lorcy;CORBEILLES;LOIRET;2.551283001492116;48.066084769647986
Brumath;BRUMATH;BAS-RHIN;7.700197614664152;48.7329995411152
Thann-St-Jacques;THANN;HAUT-RHIN;7.093342642302613;47.81324746539905
St-Hilaire-au-Temple;SAINT-HILAIRE-AU-TEMPLE;MARNE;4.379296411934363;49.0559028184936
Heilles-Mouchy;HEILLES;OISE;2.273568340506388;49.34022305051906
Bourg-en-Bresse;BOURG-EN-BRESSE;AIN;5.216110623445346;46.19572681480001
Vaucresson;VAUCRESSON;HAUTS-DE-SEINE;2.152457655505388;48.836743107448
Vaux-sur-Seine;VAUX-SUR-SEINE;YVELINES;1.963181108519656;49.00727114981752
St-Amand-les-Eaux;SAINT-AMAND-LES-EAUX;NORD;3.416959351030055;50.44403982935466
Nimes;NIMES;GARD;4.366218272451483;43.83252873429654
Donchery;DONCHERY;ARDENNES;4.874829747177437;49.6983163493635
Neuves-Maisons;NEUVES-MAISONS;MEURTHE-ET-MOSELLE;6.10895543091296;48.61485029393445
Lalinde;LALINDE;DORDOGNE;0.742924824689509;44.83950516099694
Vignory;VIGNORY;HAUTE-MARNE;5.124169179576557;48.27058134112792
Bergerac;BERGERAC;DORDOGNE;0.489255942648414;44.857181326922856
Bois-Colombes;BOIS-COLOMBES;HAUTS-DE-SEINE;2.27245533273744;48.913671453994574
Beaune;BEAUNE;COTE-D'OR;4.848573032292899;47.022702194436846
Sennecey-le-Grand;SENNECEY-LE-GRAND;SAONE-ET-LOIRE;4.87453569580977;46.640641464084545
Labege-Village;LABEGE;HAUTE-GARONNE;1.532903995918895;43.53048110945656
Nangis;NANGIS;SEINE-ET-MARNE;3.012973972585151;48.561264266580295
Versigny;VERSIGNY;AISNE;3.433566294954427;49.657346063806905
Neuilly-les-Dijon;NEUILLY-CRIMOLOIS;COTE-D'OR;5.11098084105131;47.281633488275936
Vire;VIRE NORMANDIE;CALVADOS;-0.910638052403238;48.8462666479729
Bantzenheim;BANTZENHEIM;HAUT-RHIN;7.506783121750866;47.8120371290251
La Veuve;LA VEUVE;MARNE;4.323629130883944;49.02154237363691
Nanteuil-Saacy;SAACY-SUR-MARNE;SEINE-ET-MARNE;3.220217021680595;48.9739617204389
Chalonnes;CHALONNES-SUR-LOIRE;MAINE-ET-LOIRE;-0.743796705302478;47.34278743126005
Planes;PLANES;PYRENEES-ORIENTALES;2.136887780352252;42.50103720180767
Laragne;LARAGNE-MONTEGLIN;HAUTES-ALPES;5.819952452629614;44.316548033661626
La Ferte-sous-Jouarre;LA FERTE-SOUS-JOUARRE;SEINE-ET-MARNE;3.125913137284532;48.950957378630235
Morcenx;MORCENX-LA-NOUVELLE;LANDES;-0.908365475875456;44.03398052873855
Voiron;VOIRON;ISERE;5.595495375221777;45.363529700218024
St-Chely-d'Apcher;SAINT-CHELY-D'APCHER;LOZERE;3.270797800665272;44.80169452565202
Perrignier;PERRIGNIER;HAUTE-SAVOIE;6.425947054459164;46.30417766520806
Metz-Ville;METZ;MOSELLE;6.177376700521011;49.109047707663684
Pierrelaye;PIERRELAYE;VAL-D'OISE;2.153765360895035;49.019370518636116
Massy Europe;MASSY;ESSONNE;2.272607085867197;48.725405053687275
Feurs;FEURS;LOIRE;4.230653566369019;45.74406891460365
Sarre-Union;SARRE-UNION;BAS-RHIN;7.084947036223359;48.93586133744758
Perols;PEROLS-SUR-VEZERE;CORREZE;1.977687227245846;45.58480449106402
Sully-sur-Loire;SULLY-SUR-LOIRE;LOIRET;2.369459358034141;47.759800350075466
Kilstett;KILSTETT;BAS-RHIN;7.855196999735624;48.679576553372144
Vanves-Malakoff;VANVES;HAUTS-DE-SEINE;2.291884534098069;48.81820275404127
Franois;FRANOIS;DOUBS;5.93184604552049;47.22558033049808
Guimiliau;GUIMILIAU;FINISTERE;-3.998945077365134;48.48522674981521
Briancon;BRIANCON;HAUTES-ALPES;6.632590100904112;44.88961277723656
Chateau-Arnoux-St-Auban;CHATEAU-ARNOUX-SAINT-AUBAN;ALPES-DE-HAUTE-PROVENCE;5.99738902632121;44.06103192413043
Cusset;CUSSET;ALLIER;3.457902251870886;46.13898730548321
Abbeville;ABBEVILLE;SOMME;1.824299979139242;50.1019712052704
Coulommiers;COULOMMIERS;SEINE-ET-MARNE;3.08196720068987;48.80771929181312
Coussey;COUSSEY;VOSGES;5.687579796656098;48.40132672222825
Barenton-Bugny;BARENTON-BUGNY;AISNE;3.655987974675679;49.63058522655168
Joinville;JOINVILLE;HAUTE-MARNE;5.144114026022076;48.44433716708518
Conches;CONCHES-EN-OUCHE;EURE;0.937936701488137;48.96215407348989
Lamonzie-St-Martin;LAMONZIE-SAINT-MARTIN;DORDOGNE;0.380488706369801;44.8434364489837
Ouges;OUGES;COTE-D'OR;5.072215648113942;47.25631293079287
Sillery;SILLERY;MARNE;4.144199780709627;49.20332579990567
Maulde-Mortagne;MORTAGNE-DU-NORD;NORD;3.443184869526689;50.496948473911736
St-Flour-Chaudes-Aigues;SAINT-FLOUR;CANTAL;3.106143478141462;45.03497152028242
Mirecourt;MIRECOURT;VOSGES;6.128989839330902;48.29961812645255
Picquigny;PICQUIGNY;SOMME;2.143290023735589;49.94614977548918
Collonges-Fontaines;COLLONGES-AU-MONT-D'OR;RHONE;4.846431670967375;45.828936836344326
Chaville-Velizy;VIROFLAY;YVELINES;2.184449022369839;48.79954704619592
Prin-Deyrancon;PRIN-DEYRANCON;DEUX-SEVRES;-0.63647243701305;46.21900408049304
Pont-Cardinet;PARIS;PARIS;2.314726585480233;48.88786803138204
Lourches;RULX;NORD;3.343477954901035;50.31061442370389
Carquefou;CARQUEFOU;LOIRE-ATLANTIQUE;-1.491540096944802;47.27691218565225
Paris-Austerlitz-Souterrain;PARIS;PARIS;2.367037639567501;48.84049521424752
Paris-Vaugirard;PARIS;PARIS;2.316170554884684;48.83753005935873
Baule;BAULE;LOIRET;1.667899003999119;47.81148702670024
Sarcelles-St-Brice;SAINT-BRICE-SOUS-FORET;VAL-D'OISE;2.36848907128339;48.99521236875985
Autrey-les-Gray;AUTREY-LES-GRAY;HAUTE-SAONE;5.483289848019719;47.47500905408718
Ruffey;RUFFEY-LES-ECHIREY;COTE-D'OR;5.079175945213073;47.37048889594592
Les Mais;CALLAC;COTES-D'ARMOR;-3.382819243663268;48.42624066188454
Carentan;CARENTAN-LES-MARAIS;MANCHE;-1.242069292807631;49.30175533362343
Merens-les-Vals;MERENS-LES-VALS;ARIEGE;1.83733661606178;42.65936456855758
Montluel;MONTLUEL;AIN;5.058616223665426;45.84807684968764
Brassac-les-Mines-Ste-Florine;BRASSAC-LES-MINES;PUY-DE-DOME;3.330155917792313;45.414079259619086
Pins-Justaret;PINS-JUSTARET;HAUTE-GARONNE;1.399731478520375;43.478891437269915
Clelles-Mens;CLELLES;ISERE;5.605804968359903;44.82699348583543
Ludres;LUDRES;MEURTHE-ET-MOSELLE;6.169946093243105;48.62154755201888
Breuillet-Village;BREUILLET;ESSONNE;2.171429856330237;48.564764334717566
Strazeele;STRAZEELE;NORD;2.630935112868321;50.71350179346863
St-Mammes;SAINT-MAMMES;SEINE-ET-MARNE;2.814555363396877;48.38159397621057
Port-Vendres;PORT-VENDRES;PYRENEES-ORIENTALES;3.102682609531887;42.51337430079546
Chevrieres;CHEVRIERES;OISE;2.68284442052235;49.337433650529036
Vierzon-Forges;VIERZON;CHER;2.09583755617808;47.21413101276714
Mareil-sur-Mauldre;MAREIL-SUR-MAULDRE;YVELINES;1.871552843730546;48.8936706358685
Le Toec;TOULOUSE;HAUTE-GARONNE;1.40152581770267;43.59552142796994
TGV Haute-Picardie;ABLAINCOURT-PRESSOIR;SOMME;2.832038909165286;49.857763360724036
Pont-du-Chateau;PONT-DU-CHATEAU;PUY-DE-DOME;3.237824469550855;45.78847594749263
Frouard;FROUARD;MEURTHE-ET-MOSELLE;6.144387716094652;48.755587520907866
Sathonay-Rillieux;RILLIEUX-LA-PAPE;RHONE;4.87537131717332;45.819823378104495
Chamarande;CHAMARANDE;ESSONNE;2.214081367581303;48.51320317645819
Douzies;MAUBEUGE;NORD;3.930649723603976;50.27512788883874
Boisset;BOISSET;CANTAL;2.249573618534337;44.78563288456739
Corbeil-Essonnes;CORBEIL-ESSONNES;ESSONNE;2.47468704724485;48.616815244185844
Lempdes (Haute-Loire);LEMPDES-SUR-ALLAGNON;HAUTE-LOIRE;3.271429342401075;45.38244171193367
Haguenau;HAGUENAU;BAS-RHIN;7.782164542433258;48.81337875664766
Neuves-Maisons;NEUVES-MAISONS;MEURTHE-ET-MOSELLE;6.10794856321343;48.61484494869073
Ennezat-Clerlande;ENNEZAT;PUY-DE-DOME;3.217009689572511;45.91608105370416
Wesserling;FELLERING;HAUT-RHIN;6.997713951654126;47.889893218166925
La Clayette-Baudemont;BAUDEMONT;SAONE-ET-LOIRE;4.298400545470132;46.28819138501796
St-Joseph-Le Castellas;MARSEILLE;BOUCHES-DU-RHONE;5.37755047553472;43.35193036556906
Tarascon;TARASCON;BOUCHES-DU-RHONE;4.65779203971903;43.801275854283546
L'Isle-Fontaine-de-Vaucluse;L'ISLE-SUR-LA-SORGUE;VAUCLUSE;5.047518472991605;43.91716989770138
Laroquebrou;LAROQUEBROU;CANTAL;2.192861260123337;44.96407265711421
Pont-de-Claix;LE PONT-DE-CLAIX;ISERE;5.700137857147273;45.124556547623314
Epinay-Villetaneuse;EPINAY-SUR-SEINE;SEINE-SAINT-DENIS;2.328532607427186;48.95796204386307
Vic-le-Comte;VIC-LE-COMTE;PUY-DE-DOME;3.206926245053712;45.66492815795635
Couzon-au-Mont-d'Or;COUZON-AU-MONT-D'OR;RHONE;4.829284936846395;45.84867672036676
Feuquerolles;FEUQUIERES-EN-VIMEU;SOMME;1.605334122132453;50.06482552069153
Bavay;BAVAY;NORD;3.780442493881741;50.296731641744
St-Martin-du-Mont;SAINT-MARTIN-DU-MONT;AIN;5.303176213411802;46.09586466972748
Bainville-sur-Madon;BAINVILLE-SUR-MADON;MEURTHE-ET-MOSELLE;6.09954060367336;48.58599515017656
Champbenoist-Poigny;POIGNY;SEINE-ET-MARNE;3.287148323732938;48.54548709575709
Menars;MENARS;LOIR-ET-CHER;1.405640971899316;47.64502956628932
La Ville-Gozet;MONTLUCON;ALLIER;2.591782416405334;46.34978956745922
Dompierre;DOMPIERRE-SUR-HELPE;NORD;3.871447513718091;50.14620866159239
Badan;GRIGNY;RHONE;4.78416873681048;45.60272792627221
St-Amour;SAINT-AMOUR;JURA;5.334079345285624;46.43309508855478
Lapeyrouse;LAPEYROUSE;PUY-DE-DOME;2.893826665140213;46.22672641227878
Najac;NAJAC;AVEYRON;1.976477863897994;44.22243921196413
Lunery;LUNERY;CHER;2.275121559043326;46.93504115876785
St-Georges-de-Commiers;SAINT-GEORGES-DE-COMMIERS;ISERE;5.701065889466308;45.043812384307145
La Bernerie-en-Retz;LA BERNERIE-EN-RETZ;LOIRE-ATLANTIQUE;-2.033746379782045;47.083155834972025
Neufchateau;NEUFCHATEAU;VOSGES;5.690054119401399;48.35823429538989
Crouy;CROUY;AISNE;3.356971247776012;49.40374049325243
Grenoble;GRENOBLE;ISERE;5.718515336422927;45.182109650519095
Monts;MONTS;INDRE-ET-LOIRE;0.65475724609017;47.281723052293934
Mertzwiller;MERTZWILLER;BAS-RHIN;7.678279658108219;48.87217402963079
Morvillars;MORVILLARS;TERRITOIRE-DE-BELFORT;6.935477042539166;47.54965868649208
Le Burg;VARETZ;CORREZE;1.429694582784343;45.216284496291834
Cambrai-Annexe;CAMBRAI;NORD;3.255242634335578;50.17668424992567
Champagnole;CHAMPAGNOLE;JURA;5.910072631614371;46.749442278854836
Lavaufranche;LAVAUFRANCHE;CREUSE;2.270264486589525;46.3212777096265
Montgeron-Crosne;MONTGERON;ESSONNE;2.460602648420521;48.709077058336696
Bologne;BOLOGNE;HAUTE-MARNE;5.134440394643822;48.19872102229766
Vieux-Thann;VIEUX-THANN;HAUT-RHIN;7.120561396535635;47.80531453060606
Bussac;BUSSAC-FORET;CHARENTE-MARITIME;-0.368017790595321;45.21191098374495
Castelsarrasin;CASTELSARRASIN;TARN-ET-GARONNE;1.114425960626738;44.04039402747942
St-Ouen;SAINT-OUEN-SUR-SEINE;SEINE-SAINT-DENIS;2.322511500997242;48.90524671472524
Puget-Ville;PUGET-VILLE;VAR;6.138071300395092;43.28270763328318
Rennes;RENNES;ILLE-ET-VILAINE;-1.672881285302788;48.10311582578676
L'Estaque;MARSEILLE;BOUCHES-DU-RHONE;5.321378031505878;43.363795125943106
Landerneau;LANDERNEAU;FINISTERE;-4.256576427625531;48.45374715117324
Broye;SAINT-SYMPHORIEN-DE-MARMAGNE;SAONE-ET-LOIRE;4.295032727384662;46.86227823083895
St-Clair-les-Roches;SAINT-CLAIR-DU-RHONE;ISERE;4.769865613059207;45.45025702124897
Juan-les-Pins;ANTIBES;ALPES-MARITIMES;7.1116630547827;43.57102644650271
Le Grau-du-Roi;LE GRAU-DU-ROI;GARD;4.140573057483806;43.53706983053373
Roumazieres-Loubert;TERRES-DE-HAUTE-CHARENTE;CHARENTE;0.578899583313921;45.889191634944915
Coudekerque-Branche;COUDEKERQUE-BRANCHE;NORD;2.373900549542658;51.02017660292432
Chatillon-d'Azergues;CHATILLON;RHONE;4.645186321129995;45.87517293010993
Suce-sur-Erdre;SUCE-SUR-ERDRE;LOIRE-ATLANTIQUE;-1.530637455853912;47.34270309289346
Rumilly;RUMILLY;HAUTE-SAVOIE;5.948156673869637;45.862896285726
Voreppe;VOREPPE;ISERE;5.632502398249643;45.2897933085749
Epluches;SAINT-OUEN-L'AUMONE;VAL-D'OISE;2.123061762756988;49.05535242750229
Marmande;MARMANDE;LOT-ET-GARONNE;0.168080472582615;44.503203095516575
Condat-le-Lardin;LE LARDIN-SAINT-LAZARE;DORDOGNE;1.226449372516202;45.12665773700414
Les Mureaux;LES MUREAUX;YVELINES;1.922768734332168;48.995285236579285
Severac-le-Chateau;SEVERAC D'AVEYRON;AVEYRON;3.056473841236677;44.32599083217543
Alai;TASSIN-LA-DEMI-LUNE;RHONE;4.771826833320993;45.75190056833365
St-Laurent-d'Aigouze;SAINT-LAURENT-D'AIGOUZE;GARD;4.193010328022383;43.63914459623065
La Jarrie;LA JARRIE;CHARENTE-MARITIME;-1.025928331147898;46.12147060836764
Aulnay-sous-Bois;AULNAY-SOUS-BOIS;SEINE-SAINT-DENIS;2.494055734855631;48.932208386386094
St-Georges-de-Reneins;SAINT-GEORGES-DE-RENEINS;RHONE;4.718750400651635;46.06206242033645
La Madeleine;LA MADELEINE;NORD;3.061333307597586;50.660646535544785
Strasbourg-Ville;STRASBOURG;BAS-RHIN;7.731594953278417;48.58287025491014
Malause;MALAUSE;TARN-ET-GARONNE;0.971649434844218;44.08808979904511
Saone;SAONE;DOUBS;6.101612875909963;47.20970012019143
Trappes;TRAPPES;YVELINES;2.007320035731464;48.775053259812324
Chateauneuf-sur-Cher;CHATEAUNEUF-SUR-CHER;CHER;2.311632018518727;46.855766563737156
La Couronne-Carro;MARTIGUES;BOUCHES-DU-RHONE;5.051828514747201;43.33995107043
Avallon;AVALLON;YONNE;3.912692787059527;47.49583531306605
Petit-Quevilly;LE PETIT-QUEVILLY;SEINE-MARITIME;1.055420562082986;49.42717928143552
Chateauneuf-sur-Loire;CHATEAUNEUF-SUR-LOIRE;LOIRET;2.226890967059251;47.868736929208545
Mezeriat;MEZERIAT;AIN;5.046778286049959;46.234982852558495
Port-Ste-Marie;PORT-SAINTE-MARIE;LOT-ET-GARONNE;0.38929808582223;44.250456733278234
Chateau-Gaillard;SANTILLY;EURE-ET-LOIR;1.912264497709663;48.140442250309974
Venerque-le-Vernet;VERNET;HAUTE-GARONNE;1.425899142829474;43.433318075568145
Hayange;HAYANGE;MOSELLE;6.073248831500282;49.330594136241984
Mulhouse-Dornach (Tram/Train);MULHOUSE;HAUT-RHIN;7.309312740114582;47.74641907554669
Moneteau-Gurgy;MONETEAU;YONNE;3.580031272750154;47.8507529836946
Paimpol;PAIMPOL;COTES-D'ARMOR;-3.046020468525522;48.77663514565281
Belleville-sur-Saone;BELLEVILLE-EN-BEAUJOLAIS;RHONE;4.728863851523365;46.1119110973601
Plouaret-Tregor;LE VIEUX-MARCHE;COTES-D'ARMOR;-3.457983953556017;48.606290948971115
St-Roch (Somme);AMIENS;SOMME;2.283469712395204;49.893141071352986
St-Leon-sur-l'Isle;SAINT-LEON-SUR-L'ISLE;DORDOGNE;0.492393736576139;45.123254805200325
Eragny-Neuville;ERAGNY;VAL-D'OISE;2.090693441119665;49.01807541544188
Creches-sur-Saone;CRECHES-SUR-SAONE;SAONE-ET-LOIRE;4.784192910496286;46.24614606788354
Coltainville;COLTAINVILLE;EURE-ET-LOIR;1.582540248899913;48.489401884573184
Vievola;TENDE;ALPES-MARITIMES;7.563037296893532;44.11237966122452
St-Blaise-la-Roche-Poutay;SAINT-BLAISE-LA-ROCHE;BAS-RHIN;7.165571428718571;48.407715325539854
Mennessis;MENNESSIS;AISNE;3.270235364802346;49.692176557029384
Arneke;ARNEKE;NORD;2.408173440631014;50.83081761670071
Lesquin;LESQUIN;NORD;3.118755929274787;50.589998491922394
Jonzac;JONZAC;CHARENTE-MARITIME;-0.441990254629341;45.43868717338337
La Hutte-Coulombiers;FRESNAY-SUR-SARTHE;SARTHE;0.104261655412172;48.30100235542934
Le Meridien;CHARBONNIERES-LES-BAINS;RHONE;4.748267623974998;45.7689133390078
Savigny-sur-Orge;SAVIGNY-SUR-ORGE;ESSONNE;2.350700447795131;48.67447164259944
Quimper;QUIMPER;FINISTERE;-4.092232861763613;47.9948237414113
Charmont;CHARMONT-SOUS-BARBUISE;AUBE;4.173755529094502;48.403205538126784
St-Cyprien-en-Dordogne;SAINT-CYPRIEN;DORDOGNE;1.043594147913342;44.86332595028344
Livry-Gargan;LES PAVILLONS-SOUS-BOIS;SEINE-SAINT-DENIS;2.516725418406955;48.90767694942742
Rouille;ROUILLE;VIENNE;0.041896403862968;46.418749776034865
Romilly-sur-Seine;ROMILLY-SUR-SEINE;AUBE;3.728722213291402;48.513931997995826
Hericourt;HERICOURT;HAUTE-SAONE;6.769379068466185;47.572909400117844
Trebes;TREBES;AUDE;2.434688831720839;43.20554776894618
Simiane;SIMIANE-COLLONGUE;BOUCHES-DU-RHONE;5.425818535192259;43.43473227186193
Laissey;LAISSEY;DOUBS;6.233693701063549;47.29914191592695
Milly-sur-Therain;MILLY-SUR-THERAIN;OISE;1.988638832384276;49.50386308300202
Sain-Bel;SAIN-BEL;RHONE;4.601696786719716;45.81131820303853
St-Laurent-de-la-Pree;SAINT-LAURENT-DE-LA-PREE;CHARENTE-MARITIME;-1.02863401853472;45.9937452820728
Nerac;NERAC;LOT-ET-GARONNE;0.335501463381548;44.13143491307024
Carcassonne;CARCASSONNE;AUDE;2.352986949598741;43.21826921559891
Arras;ARRAS;PAS-DE-CALAIS;2.781966934851946;50.28649576680664
Baigts-de-Bearn;BAIGTS-DE-BEARN;PYRENEES-ATLANTIQUES;-0.845909744914407;43.510308751630454
Poix-Terron;POIX-TERRON;ARDENNES;4.636807636125961;49.650586484650105
Quemeneven;QUEMENEVEN;FINISTERE;-4.085804996612713;48.11563521669611
Salome;SALOME;NORD;2.835891433734821;50.54133466245365
Pontcharra-sur-Breda-Allevard;PONTCHARRA;ISERE;6.00771208061662;45.43408981286293
Penhoet;SAINT-NAZAIRE;LOIRE-ATLANTIQUE;-2.200785505885233;47.29047012989129
Lyon-Part-Dieu;LYON;RHONE;4.860200803130667;45.76054053999095
Aubazine-St-Hilaire;SAINT-HILAIRE-PEYROUX;CORREZE;1.641852270895048;45.1817867684608
Busigny;BUSIGNY;NORD;3.445911192196971;50.03964988498478
Tarascon-sur-Ariege;TARASCON-SUR-ARIEGE;ARIEGE;1.599986444337187;42.849488340290144
Remise-a-Jorelle;BONDY;SEINE-SAINT-DENIS;2.485832518295548;48.89286804531261
Gardanne;GARDANNE;BOUCHES-DU-RHONE;5.463066937600604;43.456060550262265
La Mothe-Achard;LES ACHARDS;VENDEE;-1.658030677879772;46.606836768165
Villiers-Neauphle-Pontchartrain;VILLIERS-SAINT-FREDERIC;YVELINES;1.877545105122548;48.81527539849273
Herbitzheim;HERBITZHEIM;BAS-RHIN;7.080044235721791;49.013910736907036
Compans;COMPANS;SEINE-ET-MARNE;2.665193676704041;48.99145892447891
La Reole;LA REOLE;GIRONDE;-0.030795563825907;44.57976680184522
Osses-St-Martin-d'Arrossa;SAINT-MARTIN-D'ARROSSA;PYRENEES-ATLANTIQUES;-1.304959311352246;43.23531217340688
Couliboeuf;MORTEAUX-COULIBUF;CALVADOS;-0.09829564495577;48.92358252889923
Gestel;GESTEL;MORBIHAN;-3.44324095590144;47.803068578129064
Luche;LUCHE-THOUARSAIS;DEUX-SEVRES;-0.315248192741423;46.907937533352985
Baud;LANGUIDIC;MORBIHAN;-3.073717475533749;47.87200576208017
Fepin;FEPIN;ARDENNES;4.725812200721467;50.02375575619918
Ollioules-Sanary-sur-Mer;OLLIOULES;VAR;5.825090288335952;43.12242680804686
Luant;LUANT;INDRE;1.591407084682672;46.73804442540411
Clion-sur-Indre;CLION;INDRE;1.238724741367318;46.945200927145365
Blaisy-Bas;BLAISY-BAS;COTE-D'OR;4.741442157912561;47.373258348235915
Paray-le-Monial;PARAY-LE-MONIAL;SAONE-ET-LOIRE;4.115790189568985;46.44617297006666
Montaudran;TOULOUSE;HAUTE-GARONNE;1.480582915769503;43.57325594002159
Bavay;BAVAY;NORD;3.780555135382695;50.29690932962144
Luchon;BAGNERES-DE-LUCHON;HAUTE-GARONNE;0.596736402237768;42.79727275671695
Limay;LIMAY;YVELINES;1.747299431394006;48.984242390536664
Hoerdt;HRDT;BAS-RHIN;7.7797685201344;48.70309760982452
Champagne;CHAMPAGNE;SARTHE;0.336034717275254;48.01999207493511
Wittring;WITTRING;MOSELLE;7.140819812049893;49.055958481804154
Caussade;CAUSSADE;TARN-ET-GARONNE;1.533047244838831;44.16128580816961
Dreux;DREUX;EURE-ET-LOIR;1.36657308615931;48.72968627977277
Livry-sur-Seine;LIVRY-SUR-SEINE;SEINE-ET-MARNE;2.678950684970236;48.51037289873945
Bois-Colombes;BOIS-COLOMBES;HAUTS-DE-SEINE;2.272569987445096;48.913399517369236
Iteuil;ITEUIL;VIENNE;0.316918460854919;46.48421650972457
Boussy-St-Antoine;BOUSSY-SAINT-ANTOINE;ESSONNE;2.531116871671902;48.68174962531153
Mondoubleau;MONDOUBLEAU;LOIR-ET-CHER;0.892337520623995;47.98426119421903
Bouy;BOUY;MARNE;4.353159140006062;49.09120996227449
Montry-Conde;MONTRY;SEINE-ET-MARNE;2.826401469990249;48.89084863209177
La Roche-Maurice;LA ROCHE-MAURICE;FINISTERE;-4.205224627646214;48.47408756928626
Dinge;DINGE;ILLE-ET-VILAINE;-1.68583203080833;48.350707672331545
Pont-de-Roide;PONT-DE-ROIDE-VERMONDANS;DOUBS;6.766646182060988;47.38318933023025
Beinheim-Embranchement;BEINHEIM;BAS-RHIN;8.07742828347306;48.87188174536525
Landas;LANDAS;NORD;3.290156478308408;50.468752121849114
Halsou-Larressore;HALSOU;PYRENEES-ATLANTIQUES;-1.428102997622267;43.37828240296839
Beaucaire-Marchandises;BEAUCAIRE;GARD;4.623845865005631;43.80768655242276
Mer;MER;LOIR-ET-CHER;1.506291655453843;47.70594157519026
Niederbronn-les-Bains;NIEDERBRONN-LES-BAINS;BAS-RHIN;7.633761577554735;48.952343834316274
Wimille-Wimereux;WIMILLE;PAS-DE-CALAIS;1.613739796070267;50.764180866760626
Charmes;CHARMES;VOSGES;6.301733373092041;48.378685295827026
St-Georges-de-Luzencon;SAINT-GEORGES-DE-LUZENCON;AVEYRON;2.983520239749485;44.066053581309056
Nuits-sous-Ravieres;NUITS;YONNE;4.21125944802094;47.729784550261755
Andresy;ANDRESY;YVELINES;2.049102056308881;48.974783703213305
Ormoy-Villers;ORMOY-VILLERS;OISE;2.837270197544007;49.20030985584815
Oyonnax;OYONNAX;AIN;5.653142488148597;46.25955306243293
Hericy;HERICY;SEINE-ET-MARNE;2.760790270292531;48.44270678491386
Le Bruel;ESCLANEDES;LOZERE;3.358285462411876;44.48120990149364
Athis-Mons;ATHIS-MONS;ESSONNE;2.402101452555594;48.71125468767963
Cleres;BEAUTOT;SEINE-MARITIME;1.046092453274377;49.632948061013444
Lunel-Viel;LUNEL-VIEL;HERAULT;4.09361390027053;43.68112696285351
La Motte-Ste-Rosseline;LA MOTTE;VAR;6.514909433623959;43.48065342240392
Yvetot;YVETOT;SEINE-MARITIME;0.750127475011409;49.62220857990937
St-Martin-le-Beau;SAINT-MARTIN-LE-BEAU;INDRE-ET-LOIRE;0.905859176101644;47.355075610579306
Estissac;ESTISSAC;AUBE;3.802414541228782;48.274286236155824
Aiguebelle;VAL-D'ARC;SAVOIE;6.306820208917644;45.543891485387576
Drusenheim;DRUSENHEIM;BAS-RHIN;7.94772836798574;48.76599900112702
Prouvy-Thiant;PROUVY;NORD;3.459326618700148;50.31625428283117
Longwy;LONGWY;MEURTHE-ET-MOSELLE;5.769063219490987;49.513019055374734
Ambronay-Priay;AMBRONAY;AIN;5.338096365361949;46.011532101209326
Magneux-Courlandon;MAGNEUX;MARNE;3.733829606171373;49.30993983854904
Conflans-Fin-d'Oise;CONFLANS-SAINTE-HONORINE;YVELINES;2.07503728058043;48.991929538078026
Crepieux-la-Pape;RILLIEUX-LA-PAPE;RHONE;4.892579585676238;45.80367773368057
Vic-sur-Aisne;RESSONS-LE-LONG;AISNE;3.115802987804937;49.39661863388725
Illiers-Combray;ILLIERS-COMBRAY;EURE-ET-LOIR;1.244991738182824;48.30423923863092
La Gouesniere-Cancale;SAINT-MELOIR-DES-ONDES;ILLE-ET-VILAINE;-1.905891460997182;48.614414370580015
Ecouen-Ezanville;EZANVILLE;VAL-D'OISE;2.363180961506846;49.02256855914811
Drancy;DRANCY;SEINE-SAINT-DENIS;2.455728744770558;48.93258830270887
Vayrac;VAYRAC;LOT;1.706369220262521;44.95012834321699
Saillagouse;SAILLAGOUSE;PYRENEES-ORIENTALES;2.032188215121434;42.45673980815688
Bischoffsheim;BISCHOFFSHEIM;BAS-RHIN;7.497956250479541;48.48701434522969
Faremoutiers-Pommeuse;POMMEUSE;SEINE-ET-MARNE;2.993256450830373;48.80860544657548
Versailles-Rive-Gauche;VERSAILLES;YVELINES;2.129015398019133;48.80026061606698
Le Mans;LE MANS;SARTHE;0.19373767827699;47.99496278334028
Chelles-Gournay;CHELLES;SEINE-ET-MARNE;2.582709500637213;48.87414942148909
Charbonnieres-les-Bains;CHARBONNIERES-LES-BAINS;RHONE;4.735719610608164;45.782298760340325
Chateau-Arnoux-St-Auban;CHATEAU-ARNOUX-SAINT-AUBAN;ALPES-DE-HAUTE-PROVENCE;5.997672021535323;44.06150235786747
Le Buet;VALLORCINE;HAUTE-SAVOIE;6.920548372764412;46.01917242108535
Attin-Garage;ATTIN;PAS-DE-CALAIS;1.754868026531428;50.48110783335011
Lens;LENS;PAS-DE-CALAIS;2.827218591200356;50.42697806792896
Illfurth;ILLFURTH;HAUT-RHIN;7.268794462672753;47.676683871162425
La Chapelle-d'Ambes;AMBES;GIRONDE;-0.548422829629837;45.00496338992943
Dunkerque;DUNKERQUE;NORD;2.364678910284624;51.034645417513985
Remilly;REMILLY;MOSELLE;6.394501274463497;49.01480004894034
La Chapelle-Centre;LA CHAPELLE-SUR-ERDRE;LOIRE-ATLANTIQUE;-1.548427564192517;47.295746262153045
Bressuire;BRESSUIRE;DEUX-SEVRES;-0.496368796646087;46.8381717510726
Ors;ORS;NORD;3.626654190031645;50.10307653946187
Selles-sur-Cher;SELLES-SUR-CHER;LOIR-ET-CHER;1.546144164943466;47.28188791364479
Montpon-Menesterol;MONTPON-MENESTEROL;DORDOGNE;0.15939471755587;45.0062166181403
Garchizy;GARCHIZY;NIEVRE;3.086003179809804;47.04298176279929
Verneuil-sur-Vienne;VERNEUIL-SUR-VIENNE;HAUTE-VIENNE;1.112720269515773;45.837853710105364
Beuzeville (Eure);BEUZEVILLE;EURE;0.351767748483088;49.34084248565304
Le Thor;LE THOR;VAUCLUSE;4.996309881547961;43.92634614209713
Larche;SAINT-PANTALEON-DE-LARCHE;CORREZE;1.416151374836176;45.13208336284574
Rolampont;ROLAMPONT;HAUTE-MARNE;5.283077944475141;47.94868312635491
Langogne;LANGOGNE;LOZERE;3.858624245649865;44.73198417085106
Thues-les-Bains;NYER;PYRENEES-ORIENTALES;2.249128954934511;42.52888451393281
Pauillac;PAUILLAC;GIRONDE;-0.755104732531348;45.20382280173109
Ancy-sur-Moselle;ANCY-DORNOT;MOSELLE;6.062761757412355;49.05736994965854
Noyon;NOYON;OISE;3.00667025565902;49.57700839771704
Ste-Colombe-sur-Seine;SAINTE-COLOMBE-SUR-SEINE;COTE-D'OR;4.548175838233547;47.873331439002
Damiatte-St-Paul;DAMIATTE;TARN;1.974259965151917;43.656359465033724
Freinville-Sevran;SEVRAN;SEINE-SAINT-DENIS;2.518925053554881;48.92740637167949
Montlouis;MONTLOUIS-SUR-LOIRE;INDRE-ET-LOIRE;0.816905550372886;47.39100335147634
Milhaud;MILHAUD;GARD;4.303360621176713;43.78862001622727
Aillevillers;CORBENAY;HAUTE-SAONE;6.337179476654045;47.91418425574061
Quincieux;QUINCIEUX;RHONE;4.778864810556997;45.90662720302737
Checy-Mardie;CHECY;LOIRET;2.039031913956027;47.89660878649339
Brest;BREST;FINISTERE;-4.479243011743669;48.3879297952412
Epernay;EPERNAY;MARNE;3.960087913233235;49.04641786994185
Rethondes;COMPIEGNE;OISE;2.91014002084211;49.41623209282717
Etrepagny;ETREPAGNY;EURE;1.607791408950857;49.30237922647364
Le Legue;SAINT-BRIEUC;COTES-D'ARMOR;-2.722294539720689;48.52719430059502
Dienville;DIENVILLE;AUBE;4.545021033531774;48.3477123467185
Jeumont;JEUMONT;NORD;4.086856778953874;50.296319092273265
Metz-Chambiere;METZ;MOSELLE;6.184683133283143;49.129331613663055
Chaville-Rive-Gauche;CHAVILLE;HAUTS-DE-SEINE;2.189228436283296;48.80489731189981
Chezy-sur-Marne;CHEZY-SUR-MARNE;AISNE;3.364692973125201;48.99193535604067
Rives;RIVES;ISERE;5.491635721739623;45.35817446902181
Neuvy-Pailloux;NEUVY-PAILLOUX;INDRE;1.866020530373801;46.88464239600489
Cerbere;CERBERE;PYRENEES-ORIENTALES;3.164658104570377;42.44222906253806
Le Bras-de-fer;EVRY-COURCOURONNES;ESSONNE;2.450788308794665;48.623293631298566
St-Louis-la-Chaussee;SAINT-LOUIS;HAUT-RHIN;7.531044331517944;47.609531960908214
Villers-Cotterets;VILLERS-COTTERETS;AISNE;3.09930750077685;49.23834221613569
Essonnes-Robinson;CORBEIL-ESSONNES;ESSONNE;2.463531122485383;48.60601044388837
Digoin;DIGOIN;SAONE-ET-LOIRE;3.988008620648722;46.4852517882021
Sevres-Rive-Gauche;SEVRES;HAUTS-DE-SEINE;2.214822441475013;48.82111096815825
Les Cabrils;ROQUEREDONDE;HERAULT;3.18619244268379;43.77956015882409
Albias;ALBIAS;TARN-ET-GARONNE;1.443633051368783;44.09121318138205
Janville;JANVILLE-EN-BEAUCE;EURE-ET-LOIR;1.874619823584957;48.206340590071406
Aulnat-Aeroport;AULNAT;PUY-DE-DOME;3.16098536301033;45.792055655552275
St-Pierre-du-Vauvray;SAINT-PIERRE-DU-VAUVRAY;EURE;1.224615416349859;49.2343555024303
Verrey;VERREY-SOUS-SALMAISE;COTE-D'OR;4.669695716554869;47.4389336024192
Marseille-Maritime-Canet;MARSEILLE;BOUCHES-DU-RHONE;5.3673647308427;43.33129999560374
Sorgues-Chateauneuf-du-Pape;SORGUES;VAUCLUSE;4.875776888519148;44.00534676598632
St-Pol-de-Leon;SAINT-POL-DE-LEON;FINISTERE;-3.987357201391775;48.67682336139158
Langeais;LANGEAIS;INDRE-ET-LOIRE;0.410677308449883;47.3240049022944
Trogues;TROGUES;INDRE-ET-LOIRE;0.494377239830601;47.112108470617606
Pont-a-Mousson;PONT-A-MOUSSON;MEURTHE-ET-MOSELLE;6.050608194237219;48.90020719080954
Fos-Graveleau;FOS-SUR-MER;BOUCHES-DU-RHONE;4.836557413427735;43.411357759820376
Breuil-Romain;BREUIL-SUR-VESLE;MARNE;3.766878024994296;49.308381394703375
Meuse-TGV;LES TROIS-DOMAINES;MEUSE;5.273714507612137;48.978506341284344
Etival-Clairefontaine;ETIVAL-CLAIREFONTAINE;VOSGES;6.876938197790184;48.366653447336276
Aytre;AYTRE;CHARENTE-MARITIME;-1.111441379649935;46.13739588840414
Grandvilliers;GRANDVILLIERS;OISE;1.938728682479368;49.659261837963996
Tessonnieres;GAILLAC;TARN;1.937882599131063;43.92872774567249
Connantre;CONNANTRE;MARNE;3.923618975280735;48.73153220286092
Lozanne;LOZANNE;RHONE;4.682629820999579;45.85405491937336
Jacques-Monod-La Demi-Lieue;MONTIVILLIERS;SEINE-MARITIME;0.185965204616912;49.52699924587134
Abbaretz;ABBARETZ;LOIRE-ATLANTIQUE;-1.524313466657773;47.55546171193697
La Seyne-Six-Fours;LA SEYNE-SUR-MER;VAR;5.876768162862302;43.11695584401205
Bouray;LARDY;ESSONNE;2.289125822214123;48.53193456586715
Houlgate;HOULGATE;CALVADOS;-0.077176226521169;49.30002272376924
Compiegne;MARGNY-LES-COMPIEGNE;OISE;2.823822782539432;49.422366072064975
Cinq-Mars-la-Pile;CINQ-MARS-LA-PILE;INDRE-ET-LOIRE;0.460452261139511;47.345053921069486
Rocamadour-Padirac;ROCAMADOUR;LOT;1.657471417467261;44.818190489513476
Livron;LIVRON-SUR-DROME;DROME;4.830132288298437;44.779689433736834
Golfe-Juan-Vallauris;VALLAURIS;ALPES-MARITIMES;7.072898593539637;43.565966860204
Strasbourg-Cronenbourg;STRASBOURG;BAS-RHIN;7.727923067198434;48.59768832983313
Pont-d'Ardres;ARDRES;PAS-DE-CALAIS;1.971319781238637;50.89209252681081
Vieilleville;MOURIOUX-VIEILLEVILLE;CREUSE;1.671710881358411;46.08892502640087
Mazamet;MAZAMET;TARN;2.374807435653445;43.497891075793675
Trementines;TREMENTINES;MAINE-ET-LOIRE;-0.808657189284724;47.1350379427619
Lorraine-TGV;LOUVIGNY;MOSELLE;6.173286307716069;48.94799570019468
Chateau-du-Loir;MONTVAL-SUR-LOIR;SARTHE;0.415045923178714;47.68295549546014
Massy-Verrieres;MASSY;ESSONNE;2.273583714478755;48.73485491346597
Moreuil;MOREUIL;SOMME;2.475453542153178;49.777092276970436
Gien;GIEN;LOIRET;2.636757350624025;47.698878641555325
Cambrai;CAMBRAI;NORD;3.243769164260604;50.17574195514733
Allassac;ALLASSAC;CORREZE;1.472903260926275;45.25916237718533
St-Antoine-de-Breuilh;SAINT-ANTOINE-DE-BREUILH;DORDOGNE;0.151863918405835;44.84669421977345
Liart;LIART;ARDENNES;4.335391598446347;49.77036003975778
Pontailler-sur-Saone;MAXILLY-SUR-SAONE;COTE-D'OR;5.407259792697873;47.31333665292014
St-Loubes;SAINT-LOUBES;GIRONDE;-0.432914030052802;44.92235430221012
Provins;PROVINS;SEINE-ET-MARNE;3.30307374775591;48.55561676128615
Miramas;MIRAMAS;BOUCHES-DU-RHONE;4.999641779220911;43.58092152299963
Montdidier;MONTDIDIER;SOMME;2.563894631563374;49.641782047104556
Les Flacheres;CHARBONNIERES-LES-BAINS;RHONE;4.754091309319198;45.77727373763648
Aubagne;AUBAGNE;BOUCHES-DU-RHONE;5.566716479321149;43.29621661369681
Hagondange;MONDELANGE;MOSELLE;6.164236514687637;49.25530911597803
Stade-de-France-St-Denis;SAINT-DENIS;SEINE-SAINT-DENIS;2.349772507710506;48.91864025141908
Dannes-Camiers;CAMIERS;PAS-DE-CALAIS;1.614866883534974;50.57625634487162
La Forest;LA FOREST-LANDERNEAU;FINISTERE;-4.307191186412101;48.42635046201861
Bedarieux;BEDARIEUX;HERAULT;3.149678977670749;43.60861386778448
Lisieux;LISIEUX;CALVADOS;0.231547783801508;49.13876009162189
Vougeot-Gilly-les-Citeaux;GILLY-LES-CITEAUX;COTE-D'OR;4.971491777174238;47.175341015071616
Beuvry (Pas-de-Calais);BEUVRY;PAS-DE-CALAIS;2.690170519981582;50.536145203422166
St-Meen;SAINT-MEEN-LE-GRAND;ILLE-ET-VILAINE;-2.1832958935647;48.18763908655117
Bourth;BOURTH;EURE;0.804607667477101;48.765711871348856
Aigues-Vives;AIGUES-VIVES;GARD;4.193652120549475;43.72672439839998
St-Sulpice-Izon;SAINT-SULPICE-ET-CAMEYRAC;GIRONDE;-0.391144962036709;44.91412294201807
Gallargues;GALLARGUES-LE-MONTUEUX;GARD;4.171264343948089;43.71604915271701
Lescar;LESCAR;PYRENEES-ATLANTIQUES;-0.436132540877602;43.32418646154812
Avrigny;AVRIGNY;OISE;2.579213743754112;49.39112509688112
Biffontaine;BIFFONTAINE;VOSGES;6.807192107669247;48.20595274426666
Huningue;HUNINGUE;HAUT-RHIN;7.581333947543048;47.59483283520928
Gannes;GANNES;OISE;2.436802303542406;49.57251080954575
Carry-le-Rouet;CARRY-LE-ROUET;BOUCHES-DU-RHONE;5.153617535032011;43.33668381971023
Longwy;LONGWY;MEURTHE-ET-MOSELLE;5.769720766879925;49.51259328578975
Gevrey-Chambertin;GEVREY-CHAMBERTIN;COTE-D'OR;4.998960077909259;47.22728961857255
Verneuil-l'Etang;VERNEUIL-L'ETANG;SEINE-ET-MARNE;2.825024773080076;48.64444131695957
Bretigny-Norges;BRETIGNY;COTE-D'OR;5.11028436975937;47.38985612266316
Bourganeuf;BOURGANEUF;CREUSE;1.757248815526985;45.95714880933643
Landevant;LANDEVANT;MORBIHAN;-3.125638490824394;47.75951810905559
Maroeuil;MARUIL;PAS-DE-CALAIS;2.698229528348672;50.32245804818262
Moulin-Neuf (Oise);CHAMBLY;OISE;2.25893637082514;49.1610039494014
Tarascon;TARASCON;BOUCHES-DU-RHONE;4.65761337189862;43.80062471532483
La Gorp;AMBARES-ET-LAGRAVE;GIRONDE;-0.496373255971447;44.92874552971432
Sierentz;SIERENTZ;HAUT-RHIN;7.459421375280683;47.65615487596274
La Wantzenau;LA WANTZENAU;BAS-RHIN;7.82507469852873;48.66534521263562
Invalides;PARIS;PARIS;2.313424355031458;48.86299452148764
Paris-Nord-Souterraine;PARIS;PARIS;2.356160022572003;48.88164194198079
Munster;MUNSTER;HAUT-RHIN;7.134168120018408;48.03816201780456
Fontenay-le-Comte;FONTENAY-LE-COMTE;VENDEE;-0.793036258246695;46.46090908190479
Mailly-la-Ville;MAILLY-LA-VILLE;YONNE;3.674911110415254;47.60392589664921
Franxault;FRANXAULT;COTE-D'OR;5.281346106227321;47.06122560843082
Luneville;LUNEVILLE;MEURTHE-ET-MOSELLE;6.496866085845141;48.587861328669135
Les Essarts-le-Roi;LES ESSARTS-LE-ROI;YVELINES;1.890075166617603;48.72190567336512
Laval;LAVAL;MAYENNE;-0.760858912745977;48.07634359710921
Elbeuf-St-Aubin;SAINT-AUBIN-LES-ELBEUF;SEINE-MARITIME;1.010400781169662;49.30276778901842
Marbache;MARBACHE;MEURTHE-ET-MOSELLE;6.109300958042654;48.80109474554513
Lannemezan;LANNEMEZAN;HAUTES-PYRENEES;0.38757770580269;43.11417438912809
Le Valdahon Camp Militaire;VALDAHON;DOUBS;6.313934729365829;47.15122887076845
Chantenay-St-Imbert;CHANTENAY-SAINT-IMBERT;NIEVRE;3.172007503041122;46.72817686476446
Veuves-Monteaux;VEUZAIN-SUR-LOIRE;LOIR-ET-CHER;1.123860874464395;47.47562823460634
Loures-Barbazan;LOURES-BAROUSSE;HAUTES-PYRENEES;0.610528648210812;43.021095025129014
Bidarray-Pont-Noblia;BIDARRAY;PYRENEES-ATLANTIQUES;-1.345006276118196;43.268029277393474
Les Laumes-Alesia;VENAREY-LES-LAUMES;COTE-D'OR;4.461798665909546;47.54338010556078
Bretteville-Norrey;SAINT-MANVIEU-NORREY;CALVADOS;-0.511975470740241;49.20325790205075
Mommenheim;MOMMENHEIM;BAS-RHIN;7.642682831064142;48.75551642677893
Amiens;AMIENS;SOMME;2.309276494077791;49.88991715802339
La Riviere-de-Mansac;MANSAC;CORREZE;1.365438295811421;45.139675183439486
Pont-Petit;SAINT-OUEN-L'AUMONE;VAL-D'OISE;2.13189946288353;49.06154181782874
Creil;CREIL;OISE;2.469338512801428;49.26433696531956
Vern;VERN-SUR-SEICHE;ILLE-ET-VILAINE;-1.596590935217561;48.04697466541346
Haguenau;SCHWEIGHOUSE-SUR-MODER;BAS-RHIN;7.741946133955294;48.828951234919714
Issy-Val-de-Seine;ISSY-LES-MOULINEAUX;HAUTS-DE-SEINE;2.263061548452739;48.829206272653394
Champlan;CHAMPLAN;ESSONNE;2.279341221911651;48.709290647180765
Fosse-Marolles;MAROLLES;LOIR-ET-CHER;1.292695956899221;47.63804811648232
Biarritz;BIARRITZ;PYRENEES-ATLANTIQUES;-1.546701196505992;43.45903906706433
Vic-Mireval;VIC-LA-GARDIOLE;HERAULT;3.799519790518108;43.500776527296345
Les Pelerins;CHAMONIX-MONT-BLANC;HAUTE-SAVOIE;6.84730960664686;45.91247166220063
Groisy-Thorens-la-Caille;GROISY;HAUTE-SAVOIE;6.175631902610534;46.01119331165716
Quimperle;QUIMPERLE;FINISTERE;-3.552988951161868;47.869309994444535
St-Aubin-St-Luperce;SAINT-AUBIN-DES-BOIS;EURE-ET-LOIR;1.331738952026448;48.447662575131886
Paris-Montparnasse;PARIS;PARIS;2.319820501512475;48.84064284370186
Arbois;ARBOIS;JURA;5.763090017438219;46.91270132171763
St-Georges-d'Aurac;MAZEYRAT-D'ALLIER;HAUTE-LOIRE;3.494734866149104;45.16047357280196
Sarreguemines;SARREGUEMINES;MOSELLE;7.06795583491842;49.10709954906073
Villepreux-les-Clayes;LES CLAYES-SOUS-BOIS;YVELINES;1.992449549946879;48.82400399347824
La Ferte-Bernard;LA FERTE-BERNARD;SARTHE;0.639121883809298;48.18646346433232
Servas-Lent;SERVAS;AIN;5.168057440790851;46.13072986388702
Luxe;LUXE;CHARENTE;0.109284793647745;45.88729558439641
Les Salelles;LES SALELLES;LOZERE;3.279742536294395;44.48314521802582
Roubaix-Wattrelos;ROUBAIX;NORD;3.20417901400531;50.69028973929999
Le Buisson;LE BUISSON-DE-CADOUIN;DORDOGNE;0.908270932273613;44.84704908765859
Chateau-du-Loir;MONTVAL-SUR-LOIR;SARTHE;0.414969555973391;47.683149343227335
Calonne-Ricouart;CALONNE-RICOUART;PAS-DE-CALAIS;2.480203208283241;50.48212643550599
Taillebourg;TAILLEBOURG;CHARENTE-MARITIME;-0.64442655928002;45.83016744694956
St-Jory;SAINT-JORY;HAUTE-GARONNE;1.371874881213429;43.737870732594786
Pierreville;PIERREVILLE;MEURTHE-ET-MOSELLE;6.12430206148356;48.54845061087395
Clichy-Levallois;LEVALLOIS-PERRET;HAUTS-DE-SEINE;2.297532711152023;48.89764856764411
Sarralbe;SARRALBE;MOSELLE;7.036304224857277;49.000780360560775
Fenouillet-St-Alban;FENOUILLET;HAUTE-GARONNE;1.401940561389737;43.683512927187195
Chauny;CHAUNY;AISNE;3.222547526526231;49.61049752439723
Chatres (Aube);CHATRES;AUBE;3.855469460058321;48.49907416114076
Beaucaire-Marchandises;BEAUCAIRE;GARD;4.622742016424363;43.80799258678161
St-Leger-sur-Dheune;SAINT-LEGER-SUR-DHEUNE;SAONE-ET-LOIRE;4.628441766449198;46.848425175627916
Pouzauges;LA MEILLERAIE-TILLAY;VENDEE;-0.814155696992413;46.75251044463558
Chatel-Censoir;CHATEL-CENSOIR;YONNE;3.635139936305949;47.53777617709835
Dange;DANGE-SAINT-ROMAIN;VIENNE;0.608810660456076;46.93787613584683
Orly-Ville;ORLY;VAL-DE-MARNE;2.402820407708256;48.74190927176978
Gaillon-Aubevoye;LE VAL D'HAZEY;EURE;1.352437846350875;49.17476031524398
Belfort;BELFORT;TERRITOIRE-DE-BELFORT;6.854826206201642;47.631133133216515
Erstein;ERSTEIN;BAS-RHIN;7.638508175326063;48.42329588472855
Pont-de-Veyle;CROTTET;AIN;4.890963569882367;46.26888112521243
Bourg-Madame;BOURG-MADAME;PYRENEES-ORIENTALES;1.948683978965734;42.432413339536566
La Faloise;LA FALOISE;SOMME;2.349101859669209;49.69692845714618
Dieppe;DIEPPE;SEINE-MARITIME;1.079173723679496;49.913876186251116
Lurbe-St-Christau;LURBE-SAINT-CHRISTAU;PYRENEES-ATLANTIQUES;-0.60561423206694;43.12021264473371
Tincques;TINCQUES;PAS-DE-CALAIS;2.498152415554895;50.35701988330707
Andelot;ANDELOT-EN-MONTAGNE;JURA;5.923500472361689;46.859632431022625
Fismes;FISMES;MARNE;3.682512960005394;49.31092384327646
Cysoing;CYSOING;NORD;3.209799283111922;50.56212001274801
Parsac-Gouzon;PARSAC-RIMONDEIX;CREUSE;2.174491349164221;46.198338942829395
Salechan-Siradan;SALECHAN;HAUTES-PYRENEES;0.631314102025302;42.96291183671216
Lacourtensourt;TOULOUSE;HAUTE-GARONNE;1.414292386126725;43.66339943474069
Lucon;LUCON;VENDEE;-1.167425227287922;46.46372375938148
Don-Sainghin;SAINGHIN-EN-WEPPES;NORD;2.913916751647385;50.55170521740868
Chateau-l'Eveque;CHATEAU-L'EVEQUE;DORDOGNE;0.688278412544716;45.24450264334011
Galuzot;SAINT-VALLIER;SAONE-ET-LOIRE;4.330078799105821;46.64206758507911
Fauga;LE FAUGA;HAUTE-GARONNE;1.281942062462138;43.403613407313415
Le Creusot;LE CREUSOT;SAONE-ET-LOIRE;4.429992290925032;46.80844586039034
Orange;ORANGE;VAUCLUSE;4.819662378820437;44.1374468337854
Valenciennes;VALENCIENNES;NORD;3.51563327295449;50.362305045520365
Trois-Chenes;BELFORT;TERRITOIRE-DE-BELFORT;6.846764311624177;47.647071068121114
Bourg-en-Bresse;BOURG-EN-BRESSE;AIN;5.216140511660101;46.19574253911553
Avenue-Henri-Martin;PARIS;PARIS;2.272147611301899;48.864346280061504
Dijon-Porte-d'Ouche-Perrigny;DIJON;COTE-D'OR;5.031071102818109;47.30842266550805
Paris-Bercy-Rapee;PARIS;PARIS;2.38855729996462;48.82888229904737
Bougival;LA CELLE-SAINT-CLOUD;YVELINES;2.132167367768379;48.85424085579581
Farebersviller;FAREBERSVILLER;MOSELLE;6.861820538036602;49.11808246196308
Gros-Noyer-St-Prix;ERMONT;VAL-D'OISE;2.259094504899251;48.99681837552061
Taverny;TAVERNY;VAL-D'OISE;2.22158347536852;49.02528263878814
St-Martin-du-Touch;TOULOUSE;HAUTE-GARONNE;1.371418238264211;43.59985959731222
Fourmies;FOURMIES;NORD;4.053821786681315;50.01523215505039
Arques (Pas-de-Calais);ARQUES;PAS-DE-CALAIS;2.302004523795682;50.727682587411756
Nogent-l'Artaud-Charly;NOGENT-L'ARTAUD;AISNE;3.322361564902094;48.96865518202849
Montigny-en-Ostrevent;MONTIGNY-EN-OSTREVENT;NORD;3.188313413743694;50.361323615409574
St-Etienne-Bellevue;SAINT-ETIENNE;LOIRE;4.392583638096013;45.41686015623034
Garges-Sarcelles;GARGES-LES-GONESSE;VAL-D'OISE;2.391164835206995;48.97725713426417
Blaye;BLAYE;GIRONDE;-0.663227373813743;45.12778957605493
Ste-Bazeille;SAINTE-BAZEILLE;LOT-ET-GARONNE;0.092992449843815;44.53251019758875
Yutz;YUTZ;MOSELLE;6.20959781720118;49.3611457256616
Beaugency;BEAUGENCY;LOIRET;1.625906566109927;47.77848609520921
St-Denis-pres-Martel;SAINT-DENIS-LES-MARTEL;LOT;1.666495861437176;44.94571803823343
Colmar;COLMAR;HAUT-RHIN;7.346746102147759;48.07270603729139
Blere-la-Croix;LA CROIX-EN-TOURAINE;INDRE-ET-LOIRE;0.987842992120873;47.33784724899481
Marck;MARCK;PAS-DE-CALAIS;1.952454709932628;50.94543435472032
Pontgibaud;PONTGIBAUD;PUY-DE-DOME;2.845794809271947;45.82094297808272
Les Aubrais-Orleans;FLEURY-LES-AUBRAIS;LOIRET;1.906134499897258;47.92731972022334
Allonnes-Boisville;BOISVILLE-LA-SAINT-PERE;EURE-ET-LOIR;1.668701427426381;48.322333721827704
Hazebrouck;HAZEBROUCK;NORD;2.541608461495844;50.72516743755126
Lons-le-Saunier;LONS-LE-SAUNIER;JURA;5.550572824137999;46.66835586803146
Koenigsmacker;KNIGSMACKER;MOSELLE;6.273479020895914;49.396556194681395
Baccarat;BACCARAT;MEURTHE-ET-MOSELLE;6.744278755021462;48.4519963378768
Orry-la-Ville-Coye;ORRY-LA-VILLE;OISE;2.489245364728153;49.13934197598411
Blonville-sur-Mer-Benerville;BLONVILLE-SUR-MER;CALVADOS;0.035479261871257;49.33133620527306
Franconville-Plessis-Bouchard;FRANCONVILLE;VAL-D'OISE;2.234923357938164;48.993432537959954
Rosporden;ROSPORDEN;FINISTERE;-3.832439579925806;47.96043275687294
Limoges-Puy-Imbert;LIMOGES;HAUTE-VIENNE;1.300267500430882;45.85149747290776
Bois-d'Oingt-Legny;LEGNY;RHONE;4.575519138079503;45.90651581214318
Vierzon-Ville;VIERZON;CHER;2.055350617506757;47.22809578240325
Tain-l'Hermitage-Tournon;TAIN-L'HERMITAGE;DROME;4.839863623624745;45.07228766988219
Lavaufranche;LAVAUFRANCHE;CREUSE;2.271196018813131;46.323150373175736
Schweighouse-sur-Moder;SCHWEIGHOUSE-SUR-MODER;BAS-RHIN;7.742619127039892;48.82878820093896
Phalempin;PHALEMPIN;NORD;3.019983615088751;50.51468233950347
Moret-Veneux-les-Sablons;MORET-LOING-ET-ORVANNE;SEINE-ET-MARNE;2.797934704242235;48.378969270107795
La Souterraine;LA SOUTERRAINE;CREUSE;1.490691444529265;46.241740737278604
Laroque;LAROQUE-TIMBAUT;LOT-ET-GARONNE;0.749741149561576;44.287500065429036
Brens-Virignin;BRENS;AIN;5.695334386379873;45.731196348519326
Fouilloy;FOUILLOY;OISE;1.82549203212016;49.73641873820521
St-Michel-Valloire;SAINT-MICHEL-DE-MAURIENNE;SAVOIE;6.471910120533972;45.21686650849768
Abancourt;ABANCOURT;OISE;1.774495414204267;49.68552581891906
Arenc-Euromediterranee;MARSEILLE;BOUCHES-DU-RHONE;5.367806699275027;43.31288294485868
Pont-du-Garigliano-Hopital-Georges-Pompidou;PARIS;PARIS;2.270480189164176;48.83915148467825
Pereire-Levallois;PARIS;PARIS;2.297972634967636;48.885271892349444
Monnerville;MONNERVILLE;ESSONNE;2.031020422674964;48.347252262438936
Paris-Gare-de-Lyon-Souterrain;PARIS;PARIS;2.375645285904874;48.84431152436104
Montauban-de-Bretagne;MONTAUBAN-DE-BRETAGNE;ILLE-ET-VILAINE;-2.052807491308817;48.19003805004627
Boisseaux;BOISSEAUX;LOIRET;1.972591773181168;48.25530706942869
St-Michel-Notre-Dame;PARIS;PARIS;2.346962754944606;48.853002250369464
Ludon;LUDON-MEDOC;GIRONDE;-0.611768523207315;44.97432408179623
Parc-des-Expositions;VILLEPINTE;SEINE-SAINT-DENIS;2.514359685972242;48.9733203563074
Kedange;KEDANGE-SUR-CANNER;MOSELLE;6.332346091249345;49.3057057545391
Dordives;DORDIVES;LOIRET;2.762535922688357;48.1473164313826
Hangest;HANGEST-SUR-SOMME;SOMME;2.066573743880107;49.982134910093876
St-Pierre-en-Faucigny;SAINT-PIERRE-EN-FAUCIGNY;HAUTE-SAVOIE;6.375818121381265;46.059221444252294
Arles;ARLES;BOUCHES-DU-RHONE;4.632541582258205;43.68370505409543
Chamonix-Aiguille du Midi;CHAMONIX-MONT-BLANC;HAUTE-SAVOIE;6.866775130613225;45.91983056067075
Albigny-Neuville;ALBIGNY-SUR-SAONE;RHONE;4.832699143944655;45.87476917807617
Docelles-Chenimenil;CHENIMENIL;VOSGES;6.610526430412812;48.14354395703814
Messein;MESSEIN;MEURTHE-ET-MOSELLE;6.137640767250031;48.61299997287908
Chauffailles;CHAUFFAILLES;SAONE-ET-LOIRE;4.345646677563432;46.20742149477374
Coulanges-sur-Yonne;CRAIN;YONNE;3.54728616178212;47.52701781556112
Pompadour-Maisons-Alfort;MAISONS-ALFORT;VAL-DE-MARNE;2.431870867939859;48.78937656944345
Ria;RIA-SIRACH;PYRENEES-ORIENTALES;2.390483764544026;42.60323405259894
St-Die-des-Vosges;SAINT-DIE-DES-VOSGES;VOSGES;6.950498210083727;48.28142701610043
Ermont-Eaubonne;EAUBONNE;VAL-D'OISE;2.275196923032513;48.9805610579189
Naintre-les-Barres;NAINTRE;VIENNE;0.496188527794818;46.75941618239306
Charleville-Mezieres;CHARLEVILLE-MEZIERES;ARDENNES;4.725628702138134;49.768366315516765
Viviers-du-Lac;VIVIERS-DU-LAC;SAVOIE;5.903286256790191;45.64855116710634
Ablon;ABLON-SUR-SEINE;VAL-DE-MARNE;2.417931573714535;48.72396312662991
St-Raphael-Valescure;SAINT-RAPHAEL;VAR;6.769239761566718;43.42366684812933
Dugny-La Courneuve TT;LA COURNEUVE;SEINE-SAINT-DENIS;2.411335416839308;48.9437182103028
Muizon;MUIZON;MARNE;3.891856462971211;49.27821387661403
Morre;MORRE;DOUBS;6.067525527698583;47.22582216804058
Anzeling;ANZELING;MOSELLE;6.459586407658986;49.2624167581957
Belfort;DANJOUTIN;TERRITOIRE-DE-BELFORT;6.866488167928119;47.620787230688144
Noveant;NOVEANT-SUR-MOSELLE;MOSELLE;6.052355404407254;49.02816598959084
Torfou;SEVREMOINE;MAINE-ET-LOIRE;-1.093806015494413;47.03284111674271
Mulhouse-Dornach;MULHOUSE;HAUT-RHIN;7.308132635705053;47.74689819865143
St-Pierre-le-Moutier;SAINT-PIERRE-LE-MOUTIER;NIEVRE;3.111442056711583;46.79333350532142
Marle-sur-Serre;MARLE;AISNE;3.769775758748804;49.747095639143836
Besancon-St-Fergeux;BESANCON;DOUBS;5.981220348538427;47.232942935500894
Peyrilhac-St-Jouvent;PEYRILHAC;HAUTE-VIENNE;1.170073031698384;45.959766122719756
Morteau;MORTEAU;DOUBS;6.604900412553238;47.05358911631134
Aix-en-Provence;AIX-EN-PROVENCE;BOUCHES-DU-RHONE;5.44524991495555;43.52271413655809
St-Louis-les-Aygalades;MARSEILLE;BOUCHES-DU-RHONE;5.365244247144653;43.34589431841473
Brion-Laizy;LAIZY;SAONE-ET-LOIRE;4.206993420666482;46.90848957594309
Barentin-Embranchement;BARENTIN;SEINE-MARITIME;0.953972705903192;49.54932533753285
Rehon;REHON;MEURTHE-ET-MOSELLE;5.754667662919685;49.50133511193834
Etaples-Le Touquet;ETAPLES;PAS-DE-CALAIS;1.643262284404522;50.51676483782316
Moirans;MOIRANS;ISERE;5.582565680348854;45.32162215456195
Crissey;SASSENAY;SAONE-ET-LOIRE;4.899803794974523;46.84135262254183
Paris-Gare-de-Lyon-Souterrain;PARIS;PARIS;2.373998001816566;48.84414217437708
Esbly;ESBLY;SEINE-ET-MARNE;2.810621935936422;48.90314285769408
Nezel-Aulnay;NEZEL;YVELINES;1.840531230379277;48.93870704903866
Franchet-d'Esperey;REIMS;MARNE;4.014088047164476;49.24212991365866
Coutances;COUTANCES;MANCHE;-1.441506759827911;49.04267183815639
Feyzin;FEYZIN;RHONE;4.852805299164221;45.665775521691735
Bievres;BIEVRES;ESSONNE;2.215591467179212;48.751232547120566
Longpre-les-Corps-Saints;LONGPRE-LES-CORPS-SAINTS;SOMME;2.0030602251416;50.01129941626449
Rang-du-Fliers-Verton;RANG-DU-FLIERS;PAS-DE-CALAIS;1.648450045995415;50.41555524994951
Paris-Gare-de-Lyon;PARIS;PARIS;2.373670362260351;48.844287565866104
St-Sauveur-Chateauneuf;SAINT-SAUVEUR-MARVILLE;EURE-ET-LOIR;1.275271227080119;48.60180664013799
Saumur;SAUMUR;MAINE-ET-LOIRE;-0.071405261160915;47.26880638365306
Entressen;ISTRES;BOUCHES-DU-RHONE;4.943248692434531;43.58910869243561
Neuville-sur-Saone;NEUVILLE-SUR-SAONE;RHONE;4.841398284409049;45.87876988129356
Mervans;MERVANS;SAONE-ET-LOIRE;5.179263641346274;46.79944201369547
Bellegarde;VALSERHONE;AIN;5.824669822906646;46.113539173233306
Tillieres;TILLIERES-SUR-AVRE;EURE;1.054569707633561;48.76084521157426
St-Agne;TOULOUSE;HAUTE-GARONNE;1.449365664826139;43.57913807988302
Uzerche;UZERCHE;CORREZE;1.570538987856984;45.4411629177384
Serquigny;SERQUIGNY;EURE;0.719637105595776;49.107763354771386
Giromagny;GIROMAGNY;TERRITOIRE-DE-BELFORT;6.830512333160282;47.736582151103306
Marseille-Blancarde;MARSEILLE;BOUCHES-DU-RHONE;5.406776471855542;43.29619349533267
Le Boulou-Perthus;LE BOULOU;PYRENEES-ORIENTALES;2.827082429394687;42.52476140519456
Beaune-la-Rolande;BEAUNE-LA-ROLANDE;LOIRET;2.419689053409047;48.07320338481968
Chabanais;CHABANAIS;CHARENTE;0.716910857641854;45.87246057533029
Paris-Austerlitz;PARIS;PARIS;2.367037639567501;48.84049521424752
L'Etang-la-Ville;L'ETANG-LA-VILLE;YVELINES;2.076815556744504;48.86806807316606
Blodelsheim;BLODELSHEIM;HAUT-RHIN;7.52360176537168;47.88626934854276
Montelimar;MONTELIMAR;DROME;4.744565283791178;44.55896224752883
Lacapelle-Viescamp;LACAPELLE-VIESCAMP;CANTAL;2.266204824138676;44.919983260873366
Lamothe-Montravel;LAMOTHE-MONTRAVEL;DORDOGNE;0.021529284724599;44.85378281621926
La Croix-de-Mean;SAINT-NAZAIRE;LOIRE-ATLANTIQUE;-2.193093149763181;47.300613475379876
Deuil-Montmagny;DEUIL-LA-BARRE;VAL-D'OISE;2.337964063426666;48.97567744899804
Le Cellier;LE CELLIER;LOIRE-ATLANTIQUE;-1.350930101119774;47.3131633554109
Athis-Mons;ATHIS-MONS;ESSONNE;2.403057100868732;48.712330158604146
Yffiniac;YFFINIAC;COTES-D'ARMOR;-2.652212594856795;48.47019943491513
Genolhac;GENOLHAC;GARD;3.95165351149943;44.34727687339248
L'Hopital-du-Grosbois;L'HOPITAL-DU-GROSBOIS;DOUBS;6.213061569563704;47.169106435955705
Bagnac;BAGNAC-SUR-CELE;LOT;2.160130050569516;44.66510697898992
Mulhouse-Ville;MULHOUSE;HAUT-RHIN;7.344146636981515;47.74231193714302
St-Thegonnec;SAINT-THEGONNEC LOC-EGUINER;FINISTERE;-3.947807380607546;48.49450707424391
Nieul;NIEUL;HAUTE-VIENNE;1.172401246403464;45.92737949022554
Celon;CELON;INDRE;1.506366806314983;46.518984907333014
Auxy-Juranville;AUXY;LOIRET;2.484291729160365;48.087134337662086
Aiffres;AIFFRES;DEUX-SEVRES;-0.42144752662806;46.28233694979594
Lavaur;LAVAUR;TARN;1.813114927947777;43.70355914557218
Niort;NIORT;DEUX-SEVRES;-0.454669887818315;46.31898481752246
Wardrecques;RACQUINGHEM;PAS-DE-CALAIS;2.366143105441082;50.707843661901485
St-Aignan-Noyers;NOYERS-SUR-CHER;LOIR-ET-CHER;1.383978378399166;47.286872202760776
Woippy;WOIPPY;MOSELLE;6.156082835862928;49.148719280276545
Le Peage-de-Roussillon;LE PEAGE-DE-ROUSSILLON;ISERE;4.795278430026544;45.3716225998857
Port-de-Bouc;PORT-DE-BOUC;BOUCHES-DU-RHONE;4.984666312153625;43.40730459428007
Metz-devant-les-Ponts;METZ;MOSELLE;6.160935911508385;49.12896255494399
Cordemais;CORDEMAIS;LOIRE-ATLANTIQUE;-1.846402868700538;47.30218811667678
Grande-Synthe;GRANDE-SYNTHE;NORD;2.313053426197158;51.00262499478068
Arcachon;ARCACHON;GIRONDE;-1.165311959015783;44.65884069382592
Dammartin-Juilly-St-Mard;SAINT-MARD;SEINE-ET-MARNE;2.69910507004734;49.0320715615886
Vauxaillon;VAUXAILLON;AISNE;3.409818321961311;49.474208033273015
Pont-de-Buis Les Quimerc'h;PONT-DE-BUIS-LES-QUIMERCH;FINISTERE;-4.086206420569091;48.25436265951535
Esperaza;ESPERAZA;AUDE;2.218243348973476;42.9357975616576
Willer-sur-Thur;WILLER-SUR-THUR;HAUT-RHIN;7.069077935970574;47.84285171581116
Lure;LURE;HAUTE-SAONE;6.492761832761009;47.6829617248573
Lievin;LIEVIN;PAS-DE-CALAIS;2.77112574235923;50.4340818055316
Ancenis;ANCENIS-SAINT-GEREON;LOIRE-ATLANTIQUE;-1.177773136553876;47.36947278885225
Amberieu;AMBERIEU-EN-BUGEY;AIN;5.342138452341193;45.95377034056717
Arengosse;ARENGOSSE;LANDES;-0.809382127228127;44.006867800546566
La Ciotat;LA CIOTAT;BOUCHES-DU-RHONE;5.632868531493131;43.199604893876845
Monnaie;MONNAIE;INDRE-ET-LOIRE;0.79321637913969;47.49872428171184
Bergues;BERGUES;NORD;2.426483957666874;50.967849637201105
Villers-St-Sepulcre;VILLERS-SAINT-SEPULCRE;OISE;2.221714416454321;49.36724740468092
Betaille;BETAILLE;LOT;1.734685916095342;44.942428775501945
Montdidier;MONTDIDIER;SOMME;2.561747962896197;49.641199606125916
Chabenet;LE PONT-CHRETIEN-CHABENET;INDRE;1.509793320424024;46.6290487507899
Decize;DECIZE;NIEVRE;3.467498543898969;46.837443130299
Cherbourg;CHERBOURG-EN-COTENTIN;MANCHE;-1.620837020380606;49.63310830892097
Bitche-Camp;BITCHE;MOSELLE;7.476102114611837;49.04890017752387
Urmatt;URMATT;BAS-RHIN;7.339126444279431;48.525715589868824
Crouy-sur-Ourcq;CROUY-SUR-OURCQ;SEINE-ET-MARNE;3.062942239102605;49.09162143666499
Champ-de-Mars-Tour-Eiffel;PARIS;PARIS;2.289815361730897;48.85656203720058
Plouigneau;PLOUIGNEAU;FINISTERE;-3.71048259870007;48.564582180570554
Epierre-St-Leger;EPIERRE;SAVOIE;6.292373612954408;45.45696244299644
Morez;HAUTS DE BIENNE;JURA;6.023394053440845;46.526351946514154
St-Louis;SAINT-LOUIS;HAUT-RHIN;7.560748902667215;47.585226881691916
Vienne;VIENNE;ISERE;4.874247110231561;45.52089321315137
Gujan-Mestras;GUJAN-MESTRAS;GIRONDE;-1.068870216460972;44.64066139366233
Les Bardys;SAINT-PRIEST-TAURION;HAUTE-VIENNE;1.378412449015016;45.906016161099224
Ste-Maure-Noyant;NOYANT-DE-TOURAINE;INDRE-ET-LOIRE;0.577056750907357;47.1112752555605
Paris-St-Lazare;PARIS;PARIS;2.3245590287301;48.87652569960012
Chantilly-Gouvieux;CHANTILLY;OISE;2.459392185313763;49.18774048603881
Sotteville;SOTTEVILLE-LES-ROUEN;SEINE-MARITIME;1.102472187510375;49.412421582256336
Port-St-Pere-St-Mars;PORT-SAINT-PERE;LOIRE-ATLANTIQUE;-1.739699065810333;47.11619407612604
Conflans-Jarny;JARNY;MEURTHE-ET-MOSELLE;5.868172604185876;49.16651011869569
Artenay;ARTENAY;LOIRET;1.882942530696593;48.07981327017611
Bonnard-Bassou;BONNARD;YONNE;3.540308511501759;47.92684258405553
Braine;BRAINE;AISNE;3.539797001630332;49.33305628647187
Toul;TOUL;MEURTHE-ET-MOSELLE;5.885077969110999;48.6806259569182
Castelsarrasin;CASTELSARRASIN;TARN-ET-GARONNE;1.114613458170613;44.040377168183305
St-Sulpice;SAINT-SULPICE-LA-POINTE;TARN;1.680526459248937;43.775104038353994
Montreux-Vieux;MONTREUX-VIEUX;HAUT-RHIN;7.026212962770893;47.618038564834976
Rully;RULLY;SAONE-ET-LOIRE;4.761035836913568;46.88029522572261
Huriel;HURIEL;ALLIER;2.476189095890859;46.37144045824702
La Riviere;LA RIVIERE-DRUGEON;DOUBS;6.213336258681985;46.870110430628266
Vieux-Thann ZI;VIEUX-THANN;HAUT-RHIN;7.132891897246951;47.80206960794109
Tonnay-Charente;TONNAY-CHARENTE;CHARENTE-MARITIME;-0.897867253423509;45.94331739425593
Vieilleville;MOURIOUX-VIEILLEVILLE;CREUSE;1.673569271378614;46.091205067240665
Meurchin;MEURCHIN;PAS-DE-CALAIS;2.893966358766935;50.49863721173121
Les Martres-de-Veyre;LES MARTRES-DE-VEYRE;PUY-DE-DOME;3.193478467446887;45.688146551282856
Igney;IGNEY;VOSGES;6.39951145740775;48.27091787302109
Pamproux;PAMPROUX;DEUX-SEVRES;-0.051722419679964;46.39980312130991
Ermont-Halte;ERMONT;VAL-D'OISE;2.263186059561745;48.990749444499556
Ste-Anne;PLUNERET;MORBIHAN;-2.960580973303574;47.67850522991184
Port-Fluvial-de-Chalon-sur-Saone;CHALON-SUR-SAONE;SAONE-ET-LOIRE;4.846921199722042;46.80078209842435
Laveline-devant-Bruyeres;LAVELINE-DEVANT-BRUYERES;VOSGES;6.753285589276005;48.18554064498743
Crecy-La Chapelle;CRECY-LA-CHAPELLE;SEINE-ET-MARNE;2.905919910824732;48.859470653176814
Sorgues-Chateauneuf-du-Pape;SORGUES;VAUCLUSE;4.875769415484762;44.005329504061514
Artix;ARTIX;PYRENEES-ATLANTIQUES;-0.570004330981325;43.392887598587954
Migneres-Gondreville;MIGNERES;LOIRET;2.632307584096138;48.042394433348036
Bressuire;BRESSUIRE;DEUX-SEVRES;-0.496189535231726;46.838197837633324
Graffenstaden;GEISPOLSHEIM;BAS-RHIN;7.690042773007833;48.53295215681484
Hettange-Grande;HETTANGE-GRANDE;MOSELLE;6.15601486276125;49.40816787630707
St-Denis-Jargeau;SAINT-DENIS-DE-L'HOTEL;LOIRET;2.129299883800866;47.873879048738836
Petit-Vaux;EPINAY-SUR-ORGE;ESSONNE;2.333102392923797;48.676473858618955
Angers-St-Laud;ANGERS;MAINE-ET-LOIRE;-0.556795220842896;47.46436992000471
Rochy-Conde;ROCHY-CONDE;OISE;2.172800938555099;49.398442166444646
Uzel;SAINT-HERVE;COTES-D'ARMOR;-2.808291811491351;48.28184236620754
Boves;BOVES;SOMME;2.397685926969565;49.84660577148545
Mont-Dore;MONT-DORE;PUY-DE-DOME;2.804855040465586;45.57968837522159
Monestier-de-Clermont;MONESTIER-DE-CLERMONT;ISERE;5.633407449369683;44.91154977362207
Maresquel;MARESQUEL-ECQUEMICOURT;PAS-DE-CALAIS;1.93084754599373;50.40798900521204
Firminy;FIRMINY;LOIRE;4.286141834084134;45.391743119984376
Arques-la-Bataille;ARQUES-LA-BATAILLE;SEINE-MARITIME;1.134254483767989;49.88062607051479
Simandre-sur-Suran;SIMANDRE-SUR-SURAN;AIN;5.421157705901726;46.220267861044405
Tende;TENDE;ALPES-MARITIMES;7.594321708601798;44.08988893464372
Turenne;TURENNE;CORREZE;1.6007429273061;45.0378312288653
Tavaux-Solvay;TAVAUX;JURA;5.415495601025015;47.04236356425938
Capvern;CAPVERN;HAUTES-PYRENEES;0.329483527201384;43.103586303998696
La Bathie;LA BATHIE;SAVOIE;6.445180692376851;45.63024323974924
Sete;SETE;HERAULT;3.69976108664808;43.41348039972712
Auch;AUCH;GERS;0.596900720613807;43.64761708070071
Vions-Chanaz;VIONS;SAVOIE;5.806989316322281;45.82462550523845
Durtol-Nohanent;DURTOL;PUY-DE-DOME;3.048818419999533;45.79465429106325
Ile-Napoleon-Garage;SAUSHEIM;HAUT-RHIN;7.432976751676815;47.7837140160049
Audruicq;AUDRUICQ;PAS-DE-CALAIS;2.077877020622633;50.875282338286695
Bondy;BONDY;SEINE-SAINT-DENIS;2.477292964405416;48.894395411786185
Abancourt;ABANCOURT;OISE;1.774495414204267;49.68552581891906
Surdon;LE CHATEAU-D'ALMENECHES;ORNE;0.13455840966973;48.6650290278175
Chocques;CHOCQUES;PAS-DE-CALAIS;2.565053254533185;50.538155464010345
Aunay-Treon;TREON;EURE-ET-LOIR;1.315219900316437;48.67519173179545
Jouy-en-Josas;JOUY-EN-JOSAS;YVELINES;2.163559270505938;48.764748343532396
Caffiers;CAFFIERS;PAS-DE-CALAIS;1.811481665308603;50.85061405089331
Aiguebelette-le-Lac;AIGUEBELETTE-LE-LAC;SAVOIE;5.813156640721789;45.53622016446212
Gravelines;GRAVELINES;NORD;2.12382167055364;50.978691442574615
Breteuil-Ville;BRETEUIL;OISE;2.302757169628151;49.62801687336059
La Brillanne-Oraison;LA BRILLANNE;ALPES-DE-HAUTE-PROVENCE;5.892236026425313;43.92426818818077
Saincaize;SAINCAIZE-MEAUCE;NIEVRE;3.071469671641923;46.93214630073027
Nogent-sur-Seine;NOGENT-SUR-SEINE;AUBE;3.493949146077137;48.49804814623097
St-Genouph;SAINT-GENOUPH;INDRE-ET-LOIRE;0.597070467984662;47.37092513372286
Coat-Guegan;PONT-MELVEZ;COTES-D'ARMOR;-3.273687077692196;48.48042532938834
St-Martin-d'Oney;SAINT-MARTIN-D'ONEY;LANDES;-0.651690105338138;43.930059358210656
Ermont-Eaubonne;ERMONT;VAL-D'OISE;2.271236376733842;48.98082473495177
Bellac;BELLAC;HAUTE-VIENNE;1.046243428840409;46.125259801498395
Cannes-la-Bocca;CANNES;ALPES-MARITIMES;6.986019723034477;43.548516438796405
Sessenheim;SESSENHEIM;BAS-RHIN;7.989404384253541;48.796276260574274
Laneuveville-devant-Nancy;LANEUVEVILLE-DEVANT-NANCY;MEURTHE-ET-MOSELLE;6.227843943319756;48.655626143527016
Vernou-sur-Seine;VERNOU-LA-CELLE-SUR-SEINE;SEINE-ET-MARNE;2.84261135086371;48.386362841837084
Castelnaudary;CASTELNAUDARY;AUDE;1.951212109755117;43.31204447696695
Langogne;LANGOGNE;LOZERE;3.857480960432029;44.73268355112731
Maurs;MAURS;CANTAL;2.199829972954882;44.70602575389665
Fons-St-Mamert;FONS;GARD;4.20674139775482;43.9072610264125
Ebersheim;EBERSHEIM;BAS-RHIN;7.49429557245806;48.309938552358666
Dettwiller;DETTWILLER;BAS-RHIN;7.464938345385739;48.75182793740594
Reaumont-St-Cassien;REAUMONT;ISERE;5.535722965823849;45.36884047819984
La Cave;MARSAC-SUR-L'ISLE;DORDOGNE;0.627743099906085;45.1838674338913
La Courneuve-Dugny;LA COURNEUVE;SEINE-SAINT-DENIS;2.411145069309644;48.94373276539867
Cerizay;CERIZAY;DEUX-SEVRES;-0.667128979794668;46.817347724323724
Metzeral;METZERAL;HAUT-RHIN;7.073476717323556;48.01357036107344
Vaires-Torcy;VAIRES-SUR-MARNE;SEINE-ET-MARNE;2.639812414451987;48.8753517513271
Montargis;CHALETTE-SUR-LOING;LOIRET;2.740629799559416;48.01380751803465
Veauche-St-Galmier;VEAUCHE;LOIRE;4.293265166736989;45.565860570392495
Besancon-Franche-Comte-TGV;LES AUXONS;DOUBS;5.956208298209646;47.30876474795409
Clichy-Levallois;CLICHY;HAUTS-DE-SEINE;2.297436877070022;48.89795410171604
Ste-Marthe-en-Provence;MARSEILLE;BOUCHES-DU-RHONE;5.390586061944678;43.339304773216654
St-Julien-en-Genevois;SAINT-JULIEN-EN-GENEVOIS;HAUTE-SAVOIE;6.085473821494126;46.141913343428044
St-Quentin-Fallavier;SAINT-QUENTIN-FALLAVIER;ISERE;5.100905312185786;45.63806024196341
Brienon;BRIENON-SUR-ARMANCON;YONNE;3.61644276430249;47.98614694264058
L'Isle-Adam-Parmain;PARMAIN;VAL-D'OISE;2.209820739579246;49.11456640820778
Embrun;EMBRUN;HAUTES-ALPES;6.496152519028345;44.566747569484306
Val-d'Argenteuil;ARGENTEUIL;VAL-D'OISE;2.231272667616184;48.950330275256455
St-Cyprien-Arenes;TOULOUSE;HAUTE-GARONNE;1.416479688211094;43.59392640556604
Tanus;TANUS;TARN;2.31594937984925;44.10063308236909
Chantonnay;CHANTONNAY;VENDEE;-1.054627026221548;46.689994258210525
Reims-St-Leonard;REIMS;MARNE;4.103140399912199;49.22331127474224
Pont-de-Rungis-Aeroport-d'Orly;THIAIS;VAL-DE-MARNE;2.369708197729215;48.74712629704441
Blanzy-Poste;BLANZY;SAONE-ET-LOIRE;4.401121757675276;46.7016401238996
Crisse;CRISSE;SARTHE;-0.065612304185249;48.167943157705054
Villeherviers;VILLEHERVIERS;LOIR-ET-CHER;1.797307061752486;47.36937144526175
Notre-Dame-d'Oe;NOTRE-DAME-D'OE;INDRE-ET-LOIRE;0.706973270019154;47.459617916080404
Brignac;ROYERES;HAUTE-VIENNE;1.440621823063056;45.86376773206017
Poussay;POUSSAY;VOSGES;6.1266174313527;48.322426689027516
Le Breuil-sur-Couze;LE BREUIL-SUR-COUZE;PUY-DE-DOME;3.262149225132201;45.467136147717795
Torpes-Boussieres;TORPES;DOUBS;5.888707377212621;47.16369412388347
St-Gervais-les-Bains-Le Fayet;SAINT-GERVAIS-LES-BAINS;HAUTE-SAVOIE;6.702237682593689;45.90694766673309
Le Vert-de-Maisons;MAISONS-ALFORT;VAL-DE-MARNE;2.432377715308212;48.7881152899235
Rieux-Angicourt;RIEUX;OISE;2.519779710759458;49.297813693094845
Faulquemont;FAULQUEMONT;MOSELLE;6.603766395611025;49.04548594394726
Cergy-St-Christophe;CERGY;VAL-D'OISE;2.03428786185133;49.04963335681341
Limeray;LIMERAY;INDRE-ET-LOIRE;1.049591664944878;47.449959732029555
St-Florent-sur-Cher;SAINT-FLORENT-SUR-CHER;CHER;2.252712021053594;46.99303312816467
Valergues-Lansargues;VALERGUES;HERAULT;4.060340238642484;43.67270834341559
Bonneval;BONNEVAL;EURE-ET-LOIR;1.386149607564728;48.18624263661258
Bibliotheque-Francois-Mitterrand;PARIS;PARIS;2.379742121417859;48.82724794626851
Eichhoffen;EICHHOFFEN;BAS-RHIN;7.449548775348854;48.382515682616486
Folligny;FOLLIGNY;MANCHE;-1.408494093735334;48.83049298727163
Strasbourg-Neudorf;STRASBOURG;BAS-RHIN;7.743580350601936;48.56931566735245
Ste-Cecile-d'Andorge;SAINTE-CECILE-D'ANDORGE;GARD;3.97574225810139;44.255087638353864
Isbergues;ISBERGUES;PAS-DE-CALAIS;2.463231910450193;50.614796346072545
Tamnay-Chatillon;TAMNAY-EN-BAZOIS;NIEVRE;3.723586267347717;47.05349324630234
Guerigny;GUERIGNY;NIEVRE;3.196937986665153;47.09173920690405
Tarbes;TARBES;HAUTES-PYRENEES;0.069345942402883;43.24030670511259
Vosves;DAMMARIE-LES-LYS;SEINE-ET-MARNE;2.599320195246332;48.515159720248135
Breval;BREVAL;YVELINES;1.541809732466045;48.94339458515851
St-Peray;SAINT-PERAY;ARDECHE;4.850547552231502;44.947842962255294
Blois-Chambord;BLOIS;LOIR-ET-CHER;1.323609474757427;47.58536368242396
Virville-Manneville;VIRVILLE;SEINE-MARITIME;0.354197212761727;49.58355832050525
Fougeray-Langon;LANGON;ILLE-ET-VILAINE;-1.85113562171165;47.72981320741973
La Meaugon;LA MEAUGON;COTES-D'ARMOR;-2.843693915808709;48.499468312418436
Oiry;OIRY;MARNE;4.039245065493115;49.02760216648134
Vias;VIAS;HERAULT;3.425534755532907;43.316072850226014
Modane;MODANE;SAVOIE;6.659377762509819;45.193429932426135
Le Grand-Lemps;LE GRAND-LEMPS;ISERE;5.423517625896945;45.39606641081278
Bueil;BUEIL;EURE;1.443548500372645;48.92525667181215
Stephansfeld;BRUMATH;BAS-RHIN;7.70454103277437;48.71753559096516
Mortcerf;MORTCERF;SEINE-ET-MARNE;2.907528503637124;48.789121503903154
Valognes;VALOGNES;MANCHE;-1.480336857697901;49.50541760770656
Sarralbe;SARRALBE;MOSELLE;7.037406950001745;48.99951898415977
Epinay-Villetaneuse TT;MONTMAGNY;SEINE-SAINT-DENIS;2.328662032747888;48.95902745317701
Loire;LOIRE-SUR-RHONE;RHONE;4.804848432118338;45.5640355474837
Combourg;COMBOURG;ILLE-ET-VILAINE;-1.727501872528964;48.41615112375191
Villenave-d'Ornon;VILLENAVE-D'ORNON;GIRONDE;-0.547484541103758;44.76865260947629
Verdun-sur-le-Doubs;VERDUN-SUR-LE-DOUBS;SAONE-ET-LOIRE;5.024560603306501;46.890138232320346
Le Haut-Banc;FERQUES;PAS-DE-CALAIS;1.771842360994606;50.816207183094804
Ychoux;YCHOUX;LANDES;-0.946028418511693;44.329154870463576
La Coquille;LA COQUILLE;DORDOGNE;0.974416245279569;45.54069297172124
Poissy;POISSY;YVELINES;2.041007984644009;48.933188258370805
Chateaubriant Tram-Train;CHATEAUBRIANT;LOIRE-ATLANTIQUE;-1.371272936893124;47.71748442009602
Mont-St-Martin;MONT-SAINT-MARTIN;MEURTHE-ET-MOSELLE;5.786127115687368;49.53486117639584
Prouvy-Thiant;PROUVY;NORD;3.4614154576002;50.3169587642331
Schiltigheim;SCHILTIGHEIM;BAS-RHIN;7.739601681631606;48.60884368086732
Bourg-en-Bresse;BOURG-EN-BRESSE;AIN;5.214056714303864;46.202257579449686
Pontoise;PONTOISE;VAL-D'OISE;2.095589737532254;49.046725436640024
St-Aubin-sur-Scie;SAINT-AUBIN-SUR-SCIE;SEINE-MARITIME;1.066577283738475;49.8707884314073
Pavillons-sous-Bois;LES PAVILLONS-SOUS-BOIS;SEINE-SAINT-DENIS;2.511519862741442;48.90224501559741
Plougonver;PLOUGONVER;COTES-D'ARMOR;-3.370313057249656;48.45821664544372
Pihen;PIHEN-LES-GUINES;PAS-DE-CALAIS;1.785914545081654;50.87315580206877
Rungis (MIN);RUNGIS;VAL-DE-MARNE;2.361965873313876;48.7437615440494
Fougere;FOUGERE;VENDEE;-1.231238969907112;46.665080121649055
St-Brieuc;SAINT-BRIEUC;COTES-D'ARMOR;-2.751117057339727;48.50441190771753
Jussey;JUSSEY;HAUTE-SAONE;5.903781495075488;47.83704319500096
Dol-de-Bretagne;DOL-DE-BRETAGNE;ILLE-ET-VILAINE;-1.74987248932575;48.5438989124489
Altkirch;ALTKIRCH;HAUT-RHIN;7.22683753745718;47.62681296051256
Thann-Centre;THANN;HAUT-RHIN;7.101052106976733;47.81000599616384
Darcey (Cote-d'Or);DARCEY;COTE-D'OR;4.556289078969819;47.532073435566375
Beaumont-le-Roger;BEAUMONT-LE-ROGER;EURE;0.772899412138306;49.07417134918095
La Chaumusse-Fort-du-Plasne;LA CHAUMUSSE;JURA;5.961363165255044;46.60502014902874
Montreuil-Bellay;MONTREUIL-BELLAY;MAINE-ET-LOIRE;-0.14792629839626;47.125542778883705
Argentiere;CHAMONIX-MONT-BLANC;HAUTE-SAVOIE;6.926834141839215;45.981774099388275
Montferrand-Thoraise;MONTFERRAND-LE-CHATEAU;DOUBS;5.907548270672133;47.184744967351804
Dourdan-la-Foret;DOURDAN;ESSONNE;1.99656893003959;48.535580626314264
Luzenac-Garanou;GARANOU;ARIEGE;1.753240430410328;42.76430323973474
Dijon-Ville;DIJON;COTE-D'OR;5.031277292082438;47.30793362044403
Pont-de-Rungis-Aeroport-d'Orly;THIAIS;VAL-DE-MARNE;2.371924454438784;48.747698777748575
Nogent-Le Perreux;NOGENT-SUR-MARNE;VAL-DE-MARNE;2.494108133058532;48.83860766844219
La Verpilliere;LA VERPILLIERE;ISERE;5.151626533234137;45.62715715169149
Gien;GIEN;LOIRET;2.636757350624025;47.698878641555325
La Douzillere;JOUE-LES-TOURS;INDRE-ET-LOIRE;0.653001386682489;47.33866140621093
L'Hermitage-Mordelles;L'HERMITAGE;ILLE-ET-VILAINE;-1.81921151526776;48.123335774611554
Vergeze-Codognan;VERGEZE;GARD;4.219113329716423;43.73977946287461
Montreuil-sur-Mer;MONTREUIL;PAS-DE-CALAIS;1.769017904748211;50.46637341957389
Kogenheim;KOGENHEIM;BAS-RHIN;7.535256303145657;48.33901322206883
Archignat;ARCHIGNAT;ALLIER;2.420206926523613;46.3682992419781
Ste-Eulalie-Carbon-Blanc;SAINTE-EULALIE;GIRONDE;-0.493677732798581;44.898006283140774
Bram;BRAM;AUDE;2.120248655746591;43.24374242931478
Tracy-Sancerre;TRACY-SUR-LOIRE;NIEVRE;2.880650704295121;47.337551105318724
Ste-Colombe-les-Vienne-St-Romain-en-Gal;SAINT-ROMAIN-EN-GAL;RHONE;4.864695170835149;45.52736492019606
Rue;RUE;SOMME;1.675883430987883;50.27317576435751
Loriol;LORIOL-SUR-DROME;DROME;4.816948130049003;44.754434398743
Chivres-en-Laonnois;CHIVRES-EN-LAONNOIS;AISNE;3.841926936066483;49.6374775282422
Oissel;OISSEL;SEINE-MARITIME;1.102282900837311;49.34305349147479
Xertigny;XERTIGNY;VOSGES;6.37677531207038;48.052717772071084
Albert;ALBERT;SOMME;2.644582576895565;50.00586126934948
Gazeran;GAZERAN;YVELINES;1.771844196891519;48.62596796469673
St-Antoine-du-Rocher;SAINT-ANTOINE-DU-ROCHER;INDRE-ET-LOIRE;0.616536750634198;47.503885064078
Ruelle;RUELLE-SUR-TOUVRE;CHARENTE;0.22134335904864;45.676344690735036
St-Medard-d'Eyrans;SAINT-MEDARD-D'EYRANS;GIRONDE;-0.504315934350068;44.715684282411154
Parent-Coudes-Champeix;PARENT;PUY-DE-DOME;3.216704735574016;45.61418782407018
Gourdon;GOURDON;LOT;1.389532573134262;44.74128735294577
Gievres;GIEVRES;LOIR-ET-CHER;1.66813603974657;47.278892429826755
Schweighouse-sur-Moder;SCHWEIGHOUSE-SUR-MODER;BAS-RHIN;7.741946133955294;48.828951234919714
Nonancourt;NONANCOURT;EURE;1.192839793195551;48.775607268571356
L'Estaque;MARSEILLE;BOUCHES-DU-RHONE;5.321401300743806;43.36379407229317
Lussac-les-Chateaux;LUSSAC-LES-CHATEAUX;VIENNE;0.71857024733858;46.405233047183636
Siorac-en-Perigord;SIORAC-EN-PERIGORD;DORDOGNE;0.987829145665422;44.81996737198574
Menil-Flin;FLIN;MEURTHE-ET-MOSELLE;6.659235811497861;48.50500295101705
Gennes-Longuefuye;GENNES-LONGUEFUYE;MAYENNE;-0.619237911327025;47.87330608514277
Origny-Ste-Benoite;ORIGNY-SAINTE-BENOITE;AISNE;3.485766395828435;49.838695917618736
Courcy-Brimont;COURCY;MARNE;4.014231404138552;49.32935496255477
Cassel;OXELAERE;NORD;2.461746472715491;50.78700163077851
Pont-de-Briques;SAINT-ETIENNE-AU-MONT;PAS-DE-CALAIS;1.626706055217209;50.682867875823796
Villetaneuse-Universite TT;VILLETANEUSE;SEINE-SAINT-DENIS;2.342504679282486;48.95995301702822
Villefranche-de-Lauragais;VILLEFRANCHE-DE-LAURAGAIS;HAUTE-GARONNE;1.71514081987692;43.39780360986386
Ivry-sur-Seine;IVRY-SUR-SEINE;VAL-DE-MARNE;2.392955231003297;48.812850332783306
Marquillies;MARQUILLIES;NORD;2.866180949579939;50.547708306792146
St-Jean-de-Maurienne-Arvan;SAINT-JEAN-DE-MAURIENNE;SAVOIE;6.354860958216277;45.277800370426114
Voves;LES VILLAGES VOVEENS;EURE-ET-LOIR;1.622213913307437;48.27526357999237
Ermont-Eaubonne (PSL);ERMONT;VAL-D'OISE;2.270819477497218;48.98046339098543
Avranches;AVRANCHES;MANCHE;-1.369864291635448;48.69039945436693
Cordes-Vindrac;VINDRAC-ALAYRAC;TARN;1.899679182556303;44.067784595852196
Pulligny-Autrey;AUTREY;MEURTHE-ET-MOSELLE;6.137668551654069;48.53572519318866
Nice-Pont-Michel;NICE;ALPES-MARITIMES;7.291537541548048;43.7218224839914
Poincon;POINCON-LES-LARREY;COTE-D'OR;4.459147883915633;47.86785575082189
Paray-le-Monial;PARAY-LE-MONIAL;SAONE-ET-LOIRE;4.113506679602257;46.44701056456591
Chateauneuf-Bujaleuf;NEUVIC-ENTIER;HAUTE-VIENNE;1.645318087603737;45.75937875050691
St-Martin-du-Vivier;SAINT-MARTIN-DU-VIVIER;SEINE-MARITIME;1.161450753747539;49.47038454390904
Tassin;TASSIN-LA-DEMI-LUNE;RHONE;4.75883716879324;45.761706002685855
St-Sever;NOUES DE SIENNE;CALVADOS;-1.051643849945736;48.84362836466454
Meximieux-Perouges;MEXIMIEUX;AIN;5.193552383040875;45.90168310952925
Bellignat;BELLIGNAT;AIN;5.630501879615334;46.238939457824436
Ferrieres-Fontenay;FONTENAY-SUR-LOING;LOIRET;2.77219504594361;48.0965951411846
Pringy;ANNECY;HAUTE-SAVOIE;6.123324352280298;45.939507466677064
Logelbach;WINTZENHEIM;HAUT-RHIN;7.320670200337252;48.08731135932243
Salbris;SALBRIS;LOIR-ET-CHER;2.046734161195332;47.428382293574955
Dunkerque-Port-Est;GRANDE-SYNTHE;NORD;2.276902950853438;51.03243789250946
Colmar-Mesanges;COLMAR;HAUT-RHIN;7.333897215393884;48.08592654590376
Bussiere-Galant;BUSSIERE-GALANT;HAUTE-VIENNE;1.026140120602246;45.6076197269615
Chateaubriant;CHATEAUBRIANT;LOIRE-ATLANTIQUE;-1.371399146393917;47.717011948752074
Gournay-Ferrieres;FERRIERES-EN-BRAY;SEINE-MARITIME;1.738228318663168;49.4815139168411
Pomas;POMAS;AUDE;2.288294870421237;43.11218352513804
Beynost;BEYNOST;AIN;5.006804792443363;45.8338425231017
Eymoutiers-Vassiviere;EYMOUTIERS;HAUTE-VIENNE;1.740449391441709;45.73973092333884
Brionne;BRIONNE;EURE;0.711468824285941;49.19643355316075
Arbanats;ARBANATS;GIRONDE;-0.395514106466555;44.674320830247986
Leval;LEVAL;NORD;3.83628711421893;50.1847415883938
St-Michel-sur-Meurthe;SAINT-MICHEL-SUR-MEURTHE;VOSGES;6.888269113458193;48.326815836952974
Moret-Veneux-les-Sablons;MORET-LOING-ET-ORVANNE;SEINE-ET-MARNE;2.799312433561004;48.37809139318291
Selestat;SELESTAT;BAS-RHIN;7.442243817984608;48.26044285599784
Loivre;LOIVRE;MARNE;3.990653406713556;49.345902735688114
Pagny-sur-Moselle;PAGNY-SUR-MOSELLE;MEURTHE-ET-MOSELLE;6.025497729995879;48.98510340981501
Castelnau-d'Estretefonds;CASTELNAU-D'ESTRETEFONDS;HAUTE-GARONNE;1.3407935012277;43.78699582428723
Les Sables-d'Olonne;LES SABLES-D'OLONNE;VENDEE;-1.781633342822514;46.500180558548664
Loudeac;LOUDEAC;COTES-D'ARMOR;-2.763076895549101;48.18022614420751
Steenbecque;STEENBECQUE;NORD;2.509873716892215;50.680560430688914
Razac;RAZAC-SUR-L'ISLE;DORDOGNE;0.599372607183737;45.166061853791916
Montmorillon;MONTMORILLON;VIENNE;0.873793055001784;46.417365464617525
Avoudrey;AVOUDREY;DOUBS;6.434681229953385;47.1298142566013
Blangy-sur-Ternoise;BLANGY-SUR-TERNOISE;PAS-DE-CALAIS;2.172196777774663;50.42472306055137
Port-Sec-de-Pacy;PACY-SUR-ARMANCON;YONNE;4.107603239235026;47.7791174558571
Perigueux-St-Georges;PERIGUEUX;DORDOGNE;0.733658993091061;45.1783264292531
Vireux-Molhain;VIREUX-MOLHAIN;ARDENNES;4.723151406525395;50.08345764970998
Nuits-St-Georges;NUITS-SAINT-GEORGES;COTE-D'OR;4.956243348661263;47.13037408068024
Epfig;EPFIG;BAS-RHIN;7.450428471070055;48.36371868266161
Strasbourg-Ville;STRASBOURG;BAS-RHIN;7.731594953278417;48.58287025491014
St-Armel;SAINT-ARMEL;ILLE-ET-VILAINE;-1.594854775231689;48.01416047020141
Golfech;GOLFECH;TARN-ET-GARONNE;0.853637697839654;44.116212667357935
Hellemmes;LILLE;NORD;3.116260107935155;50.62287383634239
St-Etienne-Carnot;SAINT-ETIENNE;LOIRE;4.384775397927474;45.446730990708296
Itxassou;ITXASSOU;PYRENEES-ATLANTIQUES;-1.395309489751563;43.32408263835211
Avignon-TGV;AVIGNON;VAUCLUSE;4.785988680479314;43.92185220386844
Herrlisheim-pres-Colmar;HERRLISHEIM-PRES-COLMAR;HAUT-RHIN;7.320825947422454;48.01758069499349
Gertwiller;GERTWILLER;BAS-RHIN;7.466354571437926;48.413335554660975
Longuerue-Vieux-Manoir;VIEUX-MANOIR;SEINE-MARITIME;1.276733910125994;49.556788208426134
Brignoud;VILLARD-BONNOT;ISERE;5.901324741120957;45.262498924839655
Breil-sur-Roya;BREIL-SUR-ROYA;ALPES-MARITIMES;7.514373727256736;43.94194602172789
Chavanges;CHAVANGES;AUBE;4.586064025145335;48.5083156467384
Us;US;VAL-D'OISE;1.970571442485532;49.099575309029696
Ste-Colombe;SAINTE-COLOMBE;DOUBS;6.266118394080583;46.87920222190296
Foug;FOUG;MEURTHE-ET-MOSELLE;5.791096876217142;48.67922863357788
La Bouteille;LA BOUTEILLE;AISNE;3.982780234602766;49.860132006253636
Elne;ELNE;PYRENEES-ORIENTALES;2.963323638197445;42.59738878190676
Collioure;COLLIOURE;PYRENEES-ORIENTALES;3.078202792729514;42.52676701474552
Neuille-Pont-Pierre;NEUILLE-PONT-PIERRE;INDRE-ET-LOIRE;0.56491028980691;47.55801500355749
Montbeliard;MONTBELIARD;DOUBS;6.801539332256802;47.51050788740413
Valenciennes;VALENCIENNES;NORD;3.517355969325083;50.36460712971786
Pruniers;GIEVRES;LOIR-ET-CHER;1.672257775086366;47.313156014873194
Coron-de-Mericourt;MERICOURT;PAS-DE-CALAIS;2.884601268484962;50.41498395300304
St-Louis;SAINT-LOUIS;HAUT-RHIN;7.55486154717174;47.5902689352657
Chouzy;VALLOIRE-SUR-CISSE;LOIR-ET-CHER;1.247857321419655;47.52032137784461
Les Aubrais-Orleans;FLEURY-LES-AUBRAIS;LOIRET;1.906384220362918;47.9270838366912
Esbly;ESBLY;SEINE-ET-MARNE;2.810621935936422;48.90314285769408
Lyon-Jean-Mace;LYON;RHONE;4.841811647771396;45.745014727981626
Bologne;BOLOGNE;HAUTE-MARNE;5.134533675582394;48.19864643080646
Chilly-Mazarin;CHILLY-MAZARIN;ESSONNE;2.307528869423246;48.700925441855155
Henin-Beaumont;HENIN-BEAUMONT;PAS-DE-CALAIS;2.95246940126036;50.41689907443113
Bruges;BRUGES;GIRONDE;-0.608935358415718;44.88594609311808
Ygos;YGOS-SAINT-SATURNIN;LANDES;-0.736194651381462;43.9782838263899
Teting;TETING-SUR-NIED;MOSELLE;6.66473128304083;49.05171884960215
Coulombiers;COULOMBIERS;VIENNE;0.185379183844048;46.48008960556049
Loches;LOCHES;INDRE-ET-LOIRE;1.000978884791213;47.13040196262713
La Charite-sur-Loire;LA CHARITE-SUR-LOIRE;NIEVRE;3.024081968586024;47.17996120945426
Moyeuvre-Grande;MOYEUVRE-GRANDE;MOSELLE;6.044076344753875;49.246728726515244
Le Cailar;LE CAILAR;GARD;4.234917595726394;43.68327665310768
Serqueux;SERQUEUX;SEINE-MARITIME;1.539867032410759;49.63144625822911
St-Mars-la-Briere;SAINT-MARS-LA-BRIERE;SARTHE;0.365764787326713;48.028684482990606
Arcis-sur-Aube;VILLETTE-SUR-AUBE;AUBE;4.128675826570033;48.53272650786576
Versailles-Chantiers;VERSAILLES;YVELINES;2.137060348306639;48.79540355080524
Maintenon;MAINTENON;EURE-ET-LOIR;1.592652613347552;48.585631049442
Peronne-la-Chapelette;PERONNE;SOMME;2.935649662686699;49.915788418654465
L'Arbresle;EVEUX;RHONE;4.618955339086357;45.83345242825749
Argenteuil;ARGENTEUIL;VAL-D'OISE;2.258090937400177;48.94656484661184
Faubourg-d'Orleans;ROMORANTIN-LANTHENAY;LOIR-ET-CHER;1.740234225606201;47.366833345124405
Ecully-la-Demi-Lune;TASSIN-LA-DEMI-LUNE;RHONE;4.779149852010692;45.765804076277306
Montcornet;MONTCORNET;AISNE;4.016382371029833;49.69788469745514
Wisches;WISCHES;BAS-RHIN;7.270155332950564;48.507473185387894
Servon;SERVON-SUR-VILAINE;ILLE-ET-VILAINE;-1.463135340881243;48.11223075302593
St-Erme;SAINT-ERME-OUTRE-ET-RAMECOURT;AISNE;3.8576210423604;49.52675556235464
Colombier-Fontaine;COLOMBIER-FONTAINE;DOUBS;6.689278127196173;47.45560582202106
Bretoncelles;BRETONCELLES;ORNE;0.892461068029912;48.43275436557967
Dissay;DISSAY;VIENNE;0.42151164536195;46.70400862927564
Mont-sur-Meurthe;MONT-SUR-MEURTHE;MEURTHE-ET-MOSELLE;6.450133611525778;48.560084588633046
Bruz;BRUZ;ILLE-ET-VILAINE;-1.751863126756572;48.02873873088182
St-Jean-Pla-de-Corts;SAINT-JEAN-PLA-DE-CORTS;PYRENEES-ORIENTALES;2.789188585370135;42.51604906438816
St-Rambert-d'Albon;SAINT-RAMBERT-D'ALBON;DROME;4.810325346753527;45.29798838978659
Bords;BORDS;CHARENTE-MARITIME;-0.798547000664882;45.89442546281429
Amberieu;AMBERIEU-EN-BUGEY;AIN;5.342389581729003;45.95382301988311
Salindres;SALINDRES;GARD;4.153212090320837;44.173128489576094
Rognac;ROGNAC;BOUCHES-DU-RHONE;5.230871961760132;43.48657785886441
Raedersheim;RAEDERSHEIM;HAUT-RHIN;7.284060687731498;47.88708451932602
Veuxhaulles;VEUXHAULLES-SUR-AUBE;COTE-D'OR;4.799635812337582;47.937575061095856
Givors;GIVORS;RHONE;4.765926837773685;45.585119115441096
La Membrolle-sur-Choisille;SAINT-CYR-SUR-LOIRE;INDRE-ET-LOIRE;0.64095576385408;47.431232890399386
Brunoy;BRUNOY;ESSONNE;2.505561391433407;48.700458760023
Brion-sur-Ource;BRION-SUR-OURCE;COTE-D'OR;4.654152741884063;47.91360960668024
Roqueseriere;BUZET-SUR-TARN;HAUTE-GARONNE;1.619120418708056;43.75091727790952
Espira-de-l'Agly;ESPIRA-DE-L'AGLY;PYRENEES-ORIENTALES;2.833351494796993;42.77229463217546
Longueville-sur-Scie;LONGUEVILLE-SUR-SCIE;SEINE-MARITIME;1.110611610207286;49.79175692319872
Grandvillars;GRANDVILLARS;TERRITOIRE-DE-BELFORT;6.978583696399005;47.53771038419882
Moult-Argences;MOULT-CHICHEBOVILLE;CALVADOS;-0.186414347002698;49.111082202749095
Dax;DAX;LANDES;-1.050345245238319;43.72090050902884
Sierck-les-Bains;SIERCK-LES-BAINS;MOSELLE;6.350145410078853;49.444008140882424
Velines;VELINES;DORDOGNE;0.103698509461612;44.85193455680383
St-Gervais-les-Bains-Le Fayet;SAINT-GERVAIS-LES-BAINS;HAUTE-SAVOIE;6.701282988950095;45.90652091637714
Mauco-Benquet;HAUT-MAUCO;LANDES;-0.535262666325466;43.832672646214625
Lyon-St-Paul;LYON;RHONE;4.825581871273259;45.766349841169024
Pibrac;PIBRAC;HAUTE-GARONNE;1.289300755311082;43.6215242010746
Acheres-Grand-Cormier;SAINT-GERMAIN-EN-LAYE;YVELINES;2.092094579250713;48.95528483926228
Limoges-Benedictins;LIMOGES;HAUTE-VIENNE;1.269103246802025;45.83756066577441
Richwiller;RICHWILLER;HAUT-RHIN;7.261967784823673;47.786763386242406
Lamarche;LAMARCHE;VOSGES;5.76038720617832;48.0902790594606
Monterolier-Buchy;BUCHY;SEINE-MARITIME;1.336076059966942;49.603288560518415
Lezennes;LILLE;NORD;3.099675595055702;50.62054878580979
Saillat-Chassenon;SAILLAT-SUR-VIENNE;HAUTE-VIENNE;0.811741675479887;45.86954035138914
Goncelin;GONCELIN;ISERE;5.973982765486262;45.34197077504866
Anould;ANOULD;VOSGES;6.950788899979504;48.190411211355396
Anse;ANSE;RHONE;4.719886003240322;45.939355674976504
Toury;TOURY;EURE-ET-LOIR;1.939384579321158;48.19237858487703
Saales;SAALES;BAS-RHIN;7.110880725329616;48.347294703282934
Ste-Foy-la-Grande;PINEUILH;GIRONDE;0.22148593170599;44.83674625977344
Grandpuits;GRANDPUITS-BAILLY-CARROIS;SEINE-ET-MARNE;2.969656326744445;48.589618589092126
Haubourdin;HAUBOURDIN;NORD;2.986130074557951;50.60534385058972
St-Fons;SAINT-FONS;RHONE;4.852454240622254;45.70575011194421
Vert-Galant;VILLEPINTE;SEINE-SAINT-DENIS;2.566815348539116;48.94428616794622
Dijon-Ville;LONGVIC;COTE-D'OR;5.047449224021285;47.29382365316323
Merrey;MERREY;HAUTE-MARNE;5.594850746197269;48.0540025526654
Villers-Cotterets;VILLERS-COTTERETS;AISNE;3.093814284708808;49.249927496391535
Clermont-Ferrand;CLERMONT-FERRAND;PUY-DE-DOME;3.100379197092955;45.778499049968005
Longecourt;LONGECOURT-EN-PLAINE;COTE-D'OR;5.134158935068526;47.19412685496901
Belves;PAYS DE BELVES;DORDOGNE;1.011886496766323;44.77737490838677
Carpentras;CARPENTRAS;VAUCLUSE;5.043890488230109;44.048949087135014
Aubin;AUBIN;AVEYRON;2.239091365724155;44.527366678994674
Auneau;ROINVILLE;EURE-ET-LOIR;1.768488708811673;48.432455265429006
Lille-Delivrance;LILLE;NORD;2.993137093722224;50.62864547168186
L'Ardoise;LAUDUN-L'ARDOISE;GARD;4.699523014673135;44.096285310150705
Ormoy-Villers;ORMOY-VILLERS;OISE;2.837537695038122;49.2001243320424
Aeroport-Charles-de-Gaulle 2-TGV;TREMBLAY-EN-FRANCE;SEINE-ET-MARNE;2.571223196694159;49.00399011760242
Betton;BETTON;ILLE-ET-VILAINE;-1.634223144594651;48.181400267622394
Pers;LE ROUGET-PERS;CANTAL;2.240507473830669;44.88694360345526
St-Aubin (Jura);SAINT-AUBIN;JURA;5.323130142613154;47.029426825808045
Mamirolle;MAMIROLLE;DOUBS;6.162296002500971;47.20018021278925
Steenwerck;BAILLEUL;NORD;2.786560805974612;50.713065534427706
Vias;VIAS;HERAULT;3.426000862761723;43.31567635129328
Obernai;OBERNAI;BAS-RHIN;7.48911643635272;48.462123658357406
Ustaritz;USTARITZ;PYRENEES-ATLANTIQUES;-1.448847108198418;43.40463594730001
Orgerus-Behoust;ORGERUS;YVELINES;1.70291051477214;48.82662235467239
St-Aulaire;SAINT-AULAIRE;CORREZE;1.398597219020132;45.24914277558258
Blanc-Misseron;CRESPIN;NORD;3.660850346027268;50.4048864085275
Rougemont-Chanteloup;SEVRAN;SEINE-SAINT-DENIS;2.515190927487388;48.930905967813096
Fecamp;FECAMP;SEINE-MARITIME;0.373905831468864;49.75946346406018
Maubourguet;MAUBOURGUET;HAUTES-PYRENEES;0.033248341290974;43.461440919388735
Malaunay-Le Houlme;LE HOULME;SEINE-MARITIME;1.039695682753181;49.513357510919576
Montastruc-la-Conseillere;MONTASTRUC-LA-CONSEILLERE;HAUTE-GARONNE;1.599062342657637;43.71620550202733
Ronchamp;RONCHAMP;HAUTE-SAONE;6.623533739700717;47.699154651329216
Noeux-les-Mines;NUX-LES-MINES;PAS-DE-CALAIS;2.674608644100998;50.483050291721256
Amberieu;AMBERIEU-EN-BUGEY;AIN;5.342553934490688;45.95390380801343
Bogny-sur-Meuse;BOGNY-SUR-MEUSE;ARDENNES;4.762709444152459;49.85883392989218
Arches;ARCHES;VOSGES;6.528289800019222;48.11988792115844
Montfort-sur-Meu;MONTFORT-SUR-MEU;ILLE-ET-VILAINE;-1.948812414663325;48.13908925033736
Verzeille;LEUC;AUDE;2.321303189572111;43.13048958773777
Chevigny-St-Sauveur;NEUILLY-CRIMOLOIS;COTE-D'OR;5.141650944935574;47.273042261850335
Tiercelet-Villers-la-Montagne;TIERCELET;MEURTHE-ET-MOSELLE;5.894144202867569;49.47142828868167
Corbeil-Essonnes;CORBEIL-ESSONNES;ESSONNE;2.473782410863145;48.61407088260272
St-Michel-sur-Charente;ANGOULEME;CHARENTE;0.110778780876683;45.644270153545804
Deville;DEVILLE;ARDENNES;4.707017563077379;49.880200975429595
Bethune;BETHUNE;PAS-DE-CALAIS;2.640474750045827;50.52096325189027
Ecole-Valentin;ECOLE-VALENTIN;DOUBS;5.994103825955804;47.27487892839237
Rouffach;ROUFFACH;HAUT-RHIN;7.31264737011648;47.96020131985885
Briouze;BRIOUZE;ORNE;-0.367459914839763;48.7020274482753
Civrieux-d'Azergues;CIVRIEUX-D'AZERGUES;RHONE;4.718426419765193;45.85913270180337
Avrechy;AVRECHY;OISE;2.418189673942194;49.44511010834826
L'Isle-d'Abeau;L'ISLE-D'ABEAU;ISERE;5.22039374211716;45.60709467933658
Maurois;HONNECHY;NORD;3.456325308770227;50.06737244204346
Lille-Sud;LILLE;NORD;3.055551394108411;50.61649979444864
Appilly;APPILLY;OISE;3.120975177416343;49.580604880191174
La Ferte-Imbault;LA FERTE-IMBAULT;LOIR-ET-CHER;1.958347031954034;47.38360140613189
Marseille-St-Charles;MARSEILLE;BOUCHES-DU-RHONE;5.380881565078672;43.30288219605731
Marigny;MARIGNY;DEUX-SEVRES;-0.428368195173377;46.19907984544713
Gadagne;CHATEAUNEUF-DE-GADAGNE;VAUCLUSE;4.956947773630085;43.929739832964074
Ste-Colombe-sur-Seine;SAINTE-COLOMBE-SUR-SEINE;COTE-D'OR;4.54804455052557;47.87325339401754
Ales;ALES;GARD;4.081017235029589;44.13162129695281
Route-de-Launaguet;TOULOUSE;HAUTE-GARONNE;1.439640675559083;43.63416539868394
La Porcherie;LA PORCHERIE;HAUTE-VIENNE;1.537872348932614;45.574544276090975
Brignais;BRIGNAIS;RHONE;4.763849125047894;45.67371529480868
Jaux;JAUX;OISE;2.777317697312345;49.38681747171979
Viam;VIAM;CORREZE;1.896884100631186;45.62155152063031
Degagnac;DEGAGNAC;LOT;1.340582051822383;44.65282088520286
Le Genest;LE GENEST-SAINT-ISLE;MAYENNE;-0.885527898913739;48.09677637508564
Egletons;EGLETONS;CORREZE;2.06471446783481;45.40249715122048
Berthelming;BERTHELMING;MOSELLE;7.008564707523945;48.81059944780831
Fegersheim-Lipsheim;LIPSHEIM;BAS-RHIN;7.672328564968048;48.49080627126732
Arches;ARCHES;VOSGES;6.531059250884853;48.118891443373464
Les Praz-de-Chamonix;CHAMONIX-MONT-BLANC;HAUTE-SAVOIE;6.888784156454343;45.940006688645404
Nort-sur-Erdre;NORT-SUR-ERDRE;LOIRE-ATLANTIQUE;-1.503440199165114;47.44185260156143
Bourg-Bruche;BOURG-BRUCHE;BAS-RHIN;7.137239281835361;48.36018907228446
Marseille-en-Beauvaisis;MARSEILLE-EN-BEAUVAISIS;OISE;1.954684190772344;49.57095250613924
Halte de Fontanil-Lycee de Drap;DRAP;ALPES-MARITIMES;7.339017118416614;43.76417078049719
Le Penity;DUAULT;COTES-D'ARMOR;-3.476354793367855;48.36454055640288
Issoudun;ISSOUDUN;INDRE;1.987487716284132;46.95199502559162
Foecy;FOECY;CHER;2.162645373864507;47.17563873834608
