LIBELLE,COMMUNE,DEPARTEMEN,X_WGS84,Y_WGS84
RENESCURE,RENESCURE,NORD,2.372330558433976,50.73196874003682
BENING,BENING-LES-SAINT-AVOLD,MOSELLE,6.828569962775861,49.13823357590087
STE-PAZANNE,SAINTE-PAZANNE,LOIRE-ATLANTIQUE,-1.817875172027586,47.10243686807898
BAYON,VIRECOURT,MEURTHE-ET-MOSELLE,6.322868633344423,48.468006065186245
NICE-SAINT-ROCH,NICE,ALPES-MARITIMES,7.286559121678756,43.715173751991884
SOULAC-SUR-MER,SOULAC-SUR-MER,GIRONDE,-1.117391489531038,45.507969972595404
MONTCEAU-LES-MINES,MONTCEAU-LES-MINES,SAONE-ET-LOIRE,4.361105316071837,46.67051156636181
ROUEN-RIVE-DROITE,ROUEN,SEINE-MARITIME,1.094233526260265,49.4491878684027
BEYNES,BEYNES,YVELINES,1.875845691637385,48.85939063028636
NOUZONVILLE,NOUZONVILLE,ARDENNES,4.742258644137013,49.81253486383028
CROTELLES,VILLEDOMER,INDRE-ET-LOIRE,0.864224703197544,47.529276095899725
AUNEAU,ROINVILLE,EURE-ET-LOIR,1.780181460127021,48.44606164180047
SETE,SETE,HERAULT,3.696608504888423,43.41279860027326
MIGNALOUX-NOUAILLE,MIGNALOUX-BEAUVOIR,VIENNE,0.411805714638493,46.52605001060868
HAUTMONT,HAUTMONT,NORD,3.915571616258313,50.25397433616288
LAFARGE,SAINT-HILAIRE-LES-PLACES,HAUTE-VIENNE,1.130877718332544,45.634028229586356
VILLENEUVE-LOUBET-PLAGE,VILLENEUVE-LOUBET,ALPES-MARITIMES,7.134325945371284,43.62959895644294
LEYMENT,LEYMENT,AIN,5.285127971080204,45.93647117289702
CULOZ,CULOZ,AIN,5.77867320042856,45.842855056298575
BUZY-EN-BEARN,BUZY,PYRENEES-ATLANTIQUES,-0.45583930872819,43.14821823375952
SERMIZELLES-VEZELAY,GIVRY,YONNE,3.792894581811644,47.52886695431305
MAULE,MAULE,YVELINES,1.857318343026776,48.909242714227815
BEAUMONT-DE-LOMAGNE,BEAUMONT-DE-LOMAGNE,TARN-ET-GARONNE,0.986239322330964,43.8782451944375
LES-PERRIERES,VARENNES-VAUZELLES,NIEVRE,3.148438859602416,47.00616929165193
AYTRE-PLAGE,AYTRE,CHARENTE-MARITIME,-1.128490510325061,46.12763823824456
HERRLISHEIM,HERRLISHEIM,BAS-RHIN,7.91032804035035,48.72764651099049
EVRON,EVRON,MAYENNE,-0.396952715882117,48.155693198678215
LA-MENITRE,LA-MENITRE,MAINE-ET-LOIRE,-0.275982998842375,47.39730385204992
LE-LUC-ET-LE-CANNET,LE-CANNET-DES-MAURES,VAR,6.343171762065989,43.39025127371896
JOUE-LES-TOURS,JOUE-LES-TOURS,INDRE-ET-LOIRE,0.668048618706485,47.35423134182372
AVENUE-DU-PRESIDENT-KENNEDY-RADIO-FRANCE,PARIS,PARIS,2.280643922537805,48.85303782778344
SALSES,SALSES-LE-CHATEAU,PYRENEES-ORIENTALES,2.917412907106511,42.83556456554592
FREPILLON,FREPILLON,VAL-D'OISE,2.197110568848926,49.04606750590012
SAINS-DU-NORD,SAINS-DU-NORD,NORD,4.001577664406883,50.08866973398011
LUTZELBOURG,LUTZELBOURG,MOSELLE,7.251833009492623,48.729846888344916
CARNOULES,CARNOULES,VAR,6.186694957665186,43.29747018644669
PAGNY-SUR-MOSELLE,PAGNY-SUR-MOSELLE,MEURTHE-ET-MOSELLE,6.025818645207068,48.98569467337148
BRIMEUX,BRIMEUX,PAS-DE-CALAIS,1.831495852912389,50.447051735242525
CASSIS,CASSIS,BOUCHES-DU-RHONE,5.553191943191577,43.234103170066064
DIEPPE,DIEPPE,SEINE-MARITIME,1.081412809091867,49.91676041680653
NERAC,NERAC,LOT-ET-GARONNE,0.335218100435338,44.13141091795235
PLOUARET-TREGOR,PLOUARET,COTES-D'ARMOR,-3.470755997826093,48.60650640608806
POLLIAT,POLLIAT,AIN,5.124030240101035,46.24452734318952
SAINT-BRICE-COURCELLES,SAINT-BRICE-COURCELLES,MARNE,3.988807460605649,49.26502984850878
THENON,THENON,DORDOGNE,1.068998929951222,45.160018266999685
VITTEL,VITTEL,VOSGES,5.942242226000524,48.202635169665676
LIMOGES-MONTJOVIS,LIMOGES,HAUTE-VIENNE,1.251596775957024,45.83843758054152
MONTMEDY,MONTMEDY,MEUSE,5.371700640274836,49.523093923192405
SAINT-PIERRE-LE-VIGER-FONTAINE-LE-DUN,SAINT-PIERRE-LE-VIGER,SEINE-MARITIME,0.844717727716975,49.82396371063189
LUTTENBACH-PRES-MUNSTER,LUTTENBACH-PRES-MUNSTER,HAUT-RHIN,7.118844201837517,48.03530647173009
POMPEY,POMPEY,MEURTHE-ET-MOSELLE,6.1308377713641,48.7732068848714
PEZOU,PEZOU,LOIR-ET-CHER,1.141013622640016,47.86735974833991
SEPTEMES,SEPTEMES-LES-VALLONS,BOUCHES-DU-RHONE,5.369992482206597,43.403064809469726
PESSAC,PESSAC,GIRONDE,-0.631981201223286,44.80432882276649
PETIT-CROIX,MONTREUX-CHATEAU,TERRITOIRE-DE-BELFORT,6.994918229950353,47.610072500121284
TROYES,SAINT-JULIEN-LES-VILLAS,AUBE,4.093255492388044,48.267956881185235
AVESNES,AVESNES-SUR-HELPE,NORD,3.933691932159471,50.126510256624066
DORMANS,DORMANS,MARNE,3.641732540154304,49.079124214613664
THIVIERS,THIVIERS,DORDOGNE,0.916121738812947,45.408720143186905
LA-BROHINIERE,MONTAUBAN-DE-BRETAGNE,ILLE-ET-VILAINE,-2.110477930274493,48.21346883098549
DIJON-VILLE,DIJON,COTE-D'OR,5.027142558968659,47.32301605786211
SAINT-VINCENT-DE-TYROSSE,SAINT-VINCENT-DE-TYROSSE,LANDES,-1.306419925731927,43.65764559327288
GOXWILLER,GOXWILLER,BAS-RHIN,7.478786397235771,48.43277220196985
ANIZY-PINON,PINON,AISNE,3.448684506906266,49.49586645638771
COLLEVILLE-STE-HELENE,COLLEVILLE,SEINE-MARITIME,0.453481461663384,49.74788129001654
AUDUN-LE-ROMAN,AUDUN-LE-ROMAN,MEURTHE-ET-MOSELLE,5.89146426804764,49.366590157042125
CAUDIES,CAUDIES-DE-FENOUILLEDES,PYRENEES-ORIENTALES,2.373080346213851,42.810639950853094
OBJAT,OBJAT,CORREZE,1.406828483895449,45.26471287539302
SAINT-AUBIN-DU-VIEIL-EVREUX,LE-VIEIL-EVREUX,EURE,1.210704418278621,48.99858874568956
SOLLIES-PONT,SOLLIES-PONT,VAR,6.046659633633765,43.19218999615403
SAINT-SULPICE-LAURIERE,SAINT-SULPICE-LAURIERE,HAUTE-VIENNE,1.473745331763645,46.04841813858183
ELBEUF-VILLE,ELBEUF,SEINE-MARITIME,1.004280092399471,49.28412845673974
CHAUGEY,LOSNE,COTE-D'OR,5.255037292221724,47.08764413683483
ILLE-SUR-TET,ILLE-SUR-TET,PYRENEES-ORIENTALES,2.62421294273941,42.668211445185555
CRUAS,CRUAS,ARDECHE,4.765580021583682,44.655900465849584
ETAINHUS-SAINT-ROMAIN,ETAINHUS,SEINE-MARITIME,0.33042269040196,49.56059940093719
SAINT-BRIEUC,SAINT-BRIEUC,COTES-D'ARMOR,-2.764962751496382,48.50719098335715
VITRY-SUR-SEINE,VITRY-SUR-SEINE,VAL-DE-MARNE,2.403548612394372,48.798813904369624
REZE-PONT-ROUSSEAU,REZE,LOIRE-ATLANTIQUE,-1.549492482887928,47.19333466964187
CHATENOIS-DOLAINCOURT,CHATENOIS,VOSGES,5.83889815712475,48.30161598331203
BUIRE-SUR-L'ANCRE,BUIRE-SUR-L'ANCRE,SOMME,2.599456443937742,49.96514173113135
BALSIEGES-BOURG,BALSIEGES,LOZERE,3.456601695538955,44.48206935118344
BELZ-PLOEMEL,PLOEMEL,MORBIHAN,-3.072226071368788,47.65254859798189
PERPIGNAN,PERPIGNAN,PYRENEES-ORIENTALES,2.879350450581682,42.69621526112407
THOMERY,FONTAINEBLEAU,SEINE-ET-MARNE,2.762318803658344,48.394401706465494
BAYARD,BAYARD-SUR-MARNE,HAUTE-MARNE,5.076848866730774,48.55114230967595
SAINT-POURCAIN-SUR-SIOULE,SAINT-POURCAIN-SUR-SIOULE,ALLIER,3.299085740982358,46.30503520484824
SELESTAT,SELESTAT,BAS-RHIN,7.442441424608559,48.2606544212921
NAMPS-QUEVAUVILLERS,NAMPS-MAISNIL,SOMME,2.105280731925284,49.808146221661694
VIGNOLS-SAINT-SOLVE,SAINT-SOLVE,CORREZE,1.397619507972418,45.312991479730286
VARETZ,VARETZ,CORREZE,1.447409972667475,45.191110140196194
JARRIE-VIZILLE,JARRIE,ISERE,5.742573539163729,45.08481083197159
BOURGTHEROULDE-THUIT-HEBERT,GRAND-BOURGTHEROULDE,EURE,0.838230934043214,49.317574268561536
CREPY-COUVRON,CREPY,AISNE,3.516648700534048,49.6234815197374
VITROLLES-AEROPORT-MARSEILLE-PROVENCE,VITROLLES,BOUCHES-DU-RHONE,5.237107512143576,43.441197332164776
LAROCHE-MIGENNES,MIGENNES,YONNE,3.511453668444495,47.96101462319648
MALLING,MALLING,MOSELLE,6.302209541081355,49.42150514070524
SAINT-PIERRE-QUIBERON,SAINT-PIERRE-QUIBERON,MORBIHAN,-3.138707146365476,47.52094863815868
MONTREUIL-SUR-THERAIN,MONTREUIL-SUR-THERAIN,OISE,2.19992191304832,49.38168495792057
SAUTO,SAUTO,PYRENEES-ORIENTALES,2.159738420428227,42.50617882069271
VILLEPINTE,VILLEPINTE,SEINE-SAINT-DENIS,2.512440870606306,48.963074764492056
GENELARD,GENELARD,SAONE-ET-LOIRE,4.238147018273335,46.58118078240515
EVREUX-EMBRANCHEMENT,EVREUX,EURE,1.150419072396177,49.01838527574759
HAGETMAU,HAGETMAU,LANDES,-0.583487362867767,43.65924203793236
BOURRON-MARLOTTE-GREZ,BOURRON-MARLOTTE,SEINE-ET-MARNE,2.692614190301942,48.332714786210815
LES-NOUES,GOUSSAINVILLE,VAL-D'OISE,2.47855126231612,49.03342753849726
CONDE-SUR-HUISNE,SABLONS-SUR-HUISNE,ORNE,0.848904495741087,48.3835959133747
LA-FERE,LA-FERE,AISNE,3.369884473447331,49.657829034213655
LES-FONTINETTES,CALAIS,PAS-DE-CALAIS,1.848656797960105,50.94168252974406
MOIRANS,MOIRANS,ISERE,5.581815189282188,45.32193637824267
SANTENAY-LES-BAINS,SANTENAY,COTE-D'OR,4.701780086185652,46.91073433226832
VAL-DE-REUIL,VAL-DE-REUIL,EURE,1.224844887249741,49.2755264557537
REIMS-MAISON-BLANCHE,REIMS,MARNE,4.022706051740367,49.233416254860984
FRONTENEX,FRONTENEX,SAVOIE,6.314324090541986,45.63048107461825
SAINT-PAUL-DE-FENOUILLET,SAINT-PAUL-DE-FENOUILLET,PYRENEES-ORIENTALES,2.506964114421622,42.811842470080606
BRETEIL,SAINT-GILLES,ILLE-ET-VILAINE,-1.881371759699423,48.14076893006094
FROUARD,FROUARD,MEURTHE-ET-MOSELLE,6.144376862272564,48.755581557342204
MILLAS,MILLAS,PYRENEES-ORIENTALES,2.693007056518804,42.688925858230085
MACAU,MACAU,GIRONDE,-0.619909739661089,45.00404192885203
LUBERSAC,LUBERSAC,CORREZE,1.388874046528461,45.44453269507982
SAINTES,SAINTES,CHARENTE-MARITIME,-0.617587884909049,45.74784035534782
SANNOIS,SANNOIS,VAL-D'OISE,2.264010599110742,48.97012034624775
GRAND-BOURG,EVRY-COURCOURONNES,ESSONNE,2.436442788684933,48.64776920839134
DARSAC,VERNASSAL,HAUTE-LOIRE,3.73453776304568,45.14280899593873
POUILLY-SUR-LOIRE,POUILLY-SUR-LOIRE,NIEVRE,2.965051211539136,47.28252848274005
NEUSSARGUES,NEUSSARGUES-EN-PINATELLE,CANTAL,2.979124325577049,45.12527901420377
MEUDON,MEUDON,HAUTS-DE-SEINE,2.240875380902561,48.81480083229521
MEZY,MEZY-MOULINS,AISNE,3.506430604663262,49.06672820225904
CHATILLON-SUR-SEINE,SAINTE-COLOMBE-SUR-SEINE,COTE-D'OR,4.551565119152175,47.87040423667916
FLEZ-CUZY-TANNAY,TANNAY,NIEVRE,3.615134800485459,47.363016895951745
BASSENS-APPONTEMENTS,LORMONT,GIRONDE,-0.530996594037636,44.88477639840179
CADAUJAC,CADAUJAC,GIRONDE,-0.537923689084897,44.75198423836627
BELLEGARDE,VALSERHONE,AIN,5.825676729983513,46.11051692198756
LAUTERBOURG,LAUTERBOURG,BAS-RHIN,8.182587532363396,48.96716996582567
SALLAUMINES,SALLAUMINES,PAS-DE-CALAIS,2.853313364463135,50.41757686621085
TERGNIER,TERGNIER,AISNE,3.296029163054813,49.65702541631007
LABOISSIERE-LE-DELUGE,LABOISSIERE-EN-THELLE,OISE,2.136162166775652,49.288495150682685
LE-CHEYLAS-LA-BUISSIERE,LE-CHEYLAS,ISERE,5.997234672401361,45.39313502704879
LIEUSAINT-MOISSY,LIEUSAINT,SEINE-ET-MARNE,2.569445631919197,48.629860586103916
LE-MONASTIER,BOURGS-SUR-COLAGNE,LOZERE,3.252222124005448,44.50890669463762
FRESNOY-LE-GRAND,FRESNOY-LE-GRAND,AISNE,3.432591812348431,49.95023606754016
RUEIL-MALMAISON,RUEIL-MALMAISON,HAUTS-DE-SEINE,2.171546746602271,48.88731358907528
LOREUX,LOREUX,LOIR-ET-CHER,1.834338665664359,47.39020300817494
GANNAT,GANNAT,ALLIER,3.204865220044901,46.097617863456954
MANTHES-LAPEYROUSE,MANTHES,DROME,4.98641079530983,45.31231044257792
SAINT-CESAIRE,NIMES,GARD,4.327963542425942,43.81354643785989
BRESLES,BRESLES,OISE,2.248991032619867,49.415048302956784
VEYNES-DEVOLUY,VEYNES,HAUTES-ALPES,5.815248569752371,44.53164106947219
SAINT-OUEN-L'AUMONE,SAINT-OUEN-L'AUMONE,VAL-D'OISE,2.107667640493494,49.04542573292791
HAGUENAU,HAGUENAU,BAS-RHIN,7.782383193842469,48.813268914308225
TURCKHEIM,TURCKHEIM,HAUT-RHIN,7.279459288051582,48.0856031762113
MAILLY-LE-CAMP,MAILLY-LE-CAMP,AUBE,4.178829817592018,48.67487955631586
MONTE-CARLO-COUNTRY-CLUB,ROQUEBRUNE-CAP-MARTIN,ALPES-MARITIMES,7.449142960112422,43.75494181488861
LILLE-SAINT-SAUVEUR,LILLE,NORD,3.073603597508174,50.62569602718498
FRANOIS,FRANOIS,DOUBS,5.937512369273514,47.227427683038236
CORBIE,CORBIE,SOMME,2.501546006343574,49.91247380855365
NORTKERQUE,NORTKERQUE,PAS-DE-CALAIS,2.023379597770227,50.88288290487031
BARJAC,BARJAC,LOZERE,3.410793616996402,44.49938407314612
PONTCHATEAU,PONTCHATEAU,LOIRE-ATLANTIQUE,-2.088383489771248,47.4363076121587
SENS,SENS,YONNE,3.267375721688097,48.19875811256064
SIN-LE-NOBLE,SIN-LE-NOBLE,NORD,3.112610047358653,50.3565404644949
SELTZ,SELTZ,BAS-RHIN,8.098150966382955,48.896706059777365
FORMERIE,FORMERIE,OISE,1.722941150562096,49.654339909857434
HEMING,HEMING,MOSELLE,6.971237167224244,48.69169925460745
SARREBOURG,SARREBOURG,MOSELLE,7.052269447443495,48.738716525799795
THEOULE-SUR-MER,THEOULE-SUR-MER,ALPES-MARITIMES,6.936842591444163,43.51340542778221
TENAY-HAUTEVILLE,TENAY,AIN,5.500960316594447,45.92229568025614
LALUQUE,LALUQUE,LANDES,-0.967297983881243,43.82458727060245
SOMMESOUS,SOMMESOUS,MARNE,4.194058747735006,48.73642328461103
BADAN,GRIGNY,RHONE,4.780173433172134,45.60183828378189
JARVILLE-LA-MALGRANGE,JARVILLE-LA-MALGRANGE,MEURTHE-ET-MOSELLE,6.198019041403032,48.672218883839285
BENESTROFF,BENESTROFF,MOSELLE,6.750598020177406,48.90618393340398
VILLEFORT,VILLEFORT,LOZERE,3.924035262276116,44.43946205033167
NEUILLY-SUR-MARNE,NEUILLY-SUR-MARNE,SEINE-SAINT-DENIS,2.521345042686296,48.860010560437516
MACON-PORT-FLUVIAL,MACON,SAONE-ET-LOIRE,4.818121512425271,46.29382893508856
SOLIGNAC-LE-VIGEN,LE-VIGEN,HAUTE-VIENNE,1.284637857090242,45.756732062197486
FREVIN-CAPELLE,FREVIN-CAPELLE,PAS-DE-CALAIS,2.633359694784462,50.34727761405151
AMBAZAC,AMBAZAC,HAUTE-VIENNE,1.408664883191938,45.9537576316964
ROCHEFORT,ROCHEFORT,CHARENTE-MARITIME,-0.963548062025048,45.94746632056426
RIVESALTES,RIVESALTES,PYRENEES-ORIENTALES,2.867751282195064,42.7663405557871
FLERE-LA-RIVIERE,FLERE-LA-RIVIERE,INDRE,1.108829467082647,47.02141318087097
LANTENAY,LANTENAY,COTE-D'OR,4.861075071153688,47.335118514203444
SAINT-CHAMOND,SAINT-CHAMOND,LOIRE,4.517096513613868,45.47242263210801
LA-BLEUSE-BORNE,ANZIN,NORD,3.518098618427038,50.38614910576885
VERNEUIL-SUR-SERRE,VERNEUIL-SUR-SERRE,AISNE,3.666258430210547,49.64702811623633
ROANNE,ROANNE,LOIRE,4.06306753627084,46.03936961727752
FLEURIEUX-SUR-L'ARBRESLE,FLEURIEUX-SUR-L'ARBRESLE,RHONE,4.660592553132625,45.844585178584154
NANTERRE-UNIVERSITE,NANTERRE,HAUTS-DE-SEINE,2.207658698986693,48.89912157677641
CANNES,CANNES,ALPES-MARITIMES,7.018725988316509,43.55401070550098
RIVE-DE-GIER,RIVE-DE-GIER,LOIRE,4.606590608322465,45.52441080442122
AIGUILLON,AIGUILLON,LOT-ET-GARONNE,0.335088190663227,44.29876017586198
DAMBLAIN,DAMBLAIN,VOSGES,5.656347039138558,48.09380678341434
LAMOTTE-BEUVRON,LAMOTTE-BEUVRON,LOIR-ET-CHER,2.021745208670846,47.595988032342866
SAINT-JUNIEN,SAINT-JUNIEN,HAUTE-VIENNE,0.900404655614266,45.88137862112438
BOUILLY-RONCENAY,RONCENAY,AUBE,4.058283261027769,48.195345673895545
DIVES-SUR-MER-PORT-GUILLAUME,DIVES-SUR-MER,CALVADOS,-0.100875407999264,49.291027308934474
AUBUSSON,AUBUSSON,CREUSE,2.160766800262103,45.96053639366277
SAUBUSSE-LES-BAINS,SAUBUSSE,LANDES,-1.190278050445025,43.66023352899588
BATZ-SUR-MER,BATZ-SUR-MER,LOIRE-ATLANTIQUE,-2.479068344361024,47.280949556005034
MOULIN-GALANT,CORBEIL-ESSONNES,ESSONNE,2.473539962733294,48.58616345487804
MONTAUT-BETHARRAM,MONTAUT,PYRENEES-ATLANTIQUES,-0.198106129619514,43.12666357843489
GILLY-SUR-LOIRE,GILLY-SUR-LOIRE,SAONE-ET-LOIRE,3.782078688484614,46.537250248153086
LAVILLETERTRE,LAVILLETERTRE,OISE,1.920731577030679,49.20261024930564
TREMOLAT,TREMOLAT,DORDOGNE,0.830416345032821,44.862330588438276
LANGEAC,LANGEAC,HAUTE-LOIRE,3.490565120059909,45.10107825695581
SOUILLAC,SOUILLAC,LOT,1.466052524801962,44.90233983892782
SAINT-JODARD,SAINT-JODARD,LOIRE,4.125226849910813,45.88584160067725
PAGNY-SUR-MEUSE,PAGNY-SUR-MEUSE,MEUSE,5.735490402202477,48.69607193152515
ANCHE-VOULON,ANCHE,VIENNE,0.250202849905561,46.34973860615874
FRONCLES,FRONCLES,HAUTE-MARNE,5.141558242377115,48.296767634744015
POIX-DE-PICARDIE,POIX-DE-PICARDIE,SOMME,1.989866923165017,49.777922790961775
CARNOET-LOCARN,LOCARN,COTES-D'ARMOR,-3.490519380665913,48.3403989627636
SAVY-BERLETTE,SAVY-BERLETTE,PAS-DE-CALAIS,2.558040120070211,50.353883727498975
LES-TRILLERS,VAUX,ALLIER,2.599907234080537,46.41455303110547
MENNESSIS,MENNESSIS,AISNE,3.270320909384112,49.69194346032663
WAMBAIX,WAMBAIX,NORD,3.311230613377989,50.13385784297831
PORCHEFONTAINE,VERSAILLES,YVELINES,2.151756215590128,48.79657256409816
NANCOIS-TRONVILLE,NANCOIS-SUR-ORNAIN,MEUSE,5.291378086944519,48.71786860549125
BOULAZAC,BOULAZAC-ISLE-MANOIRE,DORDOGNE,0.773122390683804,45.17186489281111
LALANDE-EGLISE,TOULOUSE,HAUTE-GARONNE,1.429055927697945,43.645392206401745
HAYBES,HAYBES,ARDENNES,4.705574914362734,50.01196940594156
GENECH,GENECH,NORD,3.220479480723978,50.53091976111437
LA-VALBONNE,BELIGNEUX,AIN,5.124313081373071,45.84898731573564
BAUVIN-PROVIN,BAUVIN,NORD,2.90504075604601,50.51167305704527
ERMONT-EAUBONNE,ERMONT,VAL-D'OISE,2.270063345810828,48.98087579752103
LABEGE-INNOPOLE,LABEGE,HAUTE-GARONNE,1.51326637657675,43.547049886392934
VIS-A-MARLES,MARLES-LES-MINES,PAS-DE-CALAIS,2.516022310523782,50.50414272658824
AVENUE-FOCH,PARIS,PARIS,2.2755053026993,48.87095631866803
STE-COLOMBE-SEPTVEILLES,SAINTE-COLOMBE,SEINE-ET-MARNE,3.255707734379226,48.52933650008643
AZAY-SUR-CHER,MONTLOUIS-SUR-LOIRE,INDRE-ET-LOIRE,0.860084460645466,47.36514009217122
LAIFOUR,LAIFOUR,ARDENNES,4.692175188420022,49.91097533133588
BAZANCOURT,BAZANCOURT,MARNE,4.174495614115393,49.36137467424595
MONTDAUPHIN-GUILLESTRE,EYGLIERS,HAUTES-ALPES,6.615536685768046,44.674572708782506
CHASSE-SUR-RHONE,CHASSE-SUR-RHONE,ISERE,4.79521302005551,45.582521505331215
FRONVILLE,FRONVILLE,HAUTE-MARNE,5.156134031814641,48.40073145861561
MORLAIX,MORLAIX,FINISTERE,-3.832477837161316,48.577981731174525
LE-THEIL-DE-BRETAGNE,LE-THEIL-DE-BRETAGNE,ILLE-ET-VILAINE,-1.432154987081759,47.91872784258159
SAINT-VALLIER-SUR-RHONE,SAINT-VALLIER,DROME,4.814554754094829,45.18564941774933
EPINAY-VILLETANEUSE,EPINAY-SUR-SEINE,SEINE-SAINT-DENIS,2.327103863071399,48.95906011170955
L'ISTHME,SAINT-PIERRE-QUIBERON,MORBIHAN,-3.133734449903005,47.546320517974486
COLOMBES,COLOMBES,HAUTS-DE-SEINE,2.259343973360624,48.92372212845716
REDON,REDON,ILLE-ET-VILAINE,-2.088521843296661,47.65178482242304
NANCOIS-TRONVILLE,NANCOIS-SUR-ORNAIN,MEUSE,5.291385355909868,48.7180012345379
NEXON,NEXON,HAUTE-VIENNE,1.17835918654249,45.690902962010014
SAINT-ROMAIN-LE-PUY,SAINT-ROMAIN-LE-PUY,LOIRE,4.120823009766296,45.554415326144856
SAINT-ANTOINE-(MR),MARSEILLE,BOUCHES-DU-RHONE,5.35816196059781,43.36927347077218
MULHOUSE-NORD,MULHOUSE,HAUT-RHIN,7.321970897757813,47.7619034023579
JUVISY,JUVISY-SUR-ORGE,ESSONNE,2.38062181723321,48.68848379005439
ORMOY-VILLERS,ORMOY-VILLERS,OISE,2.836470441318782,49.1995967421345
OSSES-SAINT-MARTIN-D'ARROSSA,SAINT-MARTIN-D'ARROSSA,PYRENEES-ATLANTIQUES,-1.304403655774002,43.23447101917773
LA-JOUX,CHAMONIX-MONT-BLANC,HAUTE-SAVOIE,6.910226544261038,45.96589965273656
BRIOUZE,BRIOUZE,ORNE,-0.367610338519551,48.702014162600285
ANNEMASSE,ANNEMASSE,HAUTE-SAVOIE,6.235286072333115,46.198937869589535
NOUVION-SUR-MEUSE,NOUVION-SUR-MEUSE,ARDENNES,4.795018999514381,49.69710359367767
EPINAL,EPINAL,VOSGES,6.453148843726827,48.14618950414152
CHENONCEAUX-CHISSEAUX,CHENONCEAUX,INDRE-ET-LOIRE,1.066116308404458,47.33067417756085
CORMERY,CORMERY,INDRE-ET-LOIRE,0.833829755804239,47.262355610205645
DINAN,DINAN,COTES-D'ARMOR,-2.053387664537875,48.45702207710471
LES-BOULLEREAUX-CHAMPIGNY,CHAMPIGNY-SUR-MARNE,VAL-DE-MARNE,2.511980695090771,48.82479774009975
DOMMARTIN-REMIENCOURT,DOMMARTIN,SOMME,2.392937652308749,49.800065687906816
VILLEFRANCHE-DU-PERIGORD,LOUBEJAC,DORDOGNE,1.04915995461857,44.62695178117865
SAINT-HILAIRE-DE-CHALEONS,SAINT-HILAIRE-DE-CHALEONS,LOIRE-ATLANTIQUE,-1.866933861993372,47.1063239848601
LABOUHEYRE,LABOUHEYRE,LANDES,-0.921092755817483,44.21058713206437
CHAMALIERES-SUR-LOIRE,CHAMALIERES-SUR-LOIRE,HAUTE-LOIRE,3.992559029978426,45.20599098230012
PIGNANS,PIGNANS,VAR,6.224888239870714,43.298453499674146
FONTAN-SAORGE,FONTAN,ALPES-MARITIMES,7.551578000989646,43.99740866361559
MONTSOULT-MAFFLIERS,MONTSOULT,VAL-D'OISE,2.322488540042579,49.06602499907762
LUNEL,LUNEL,HERAULT,4.13115223064578,43.67958578801083
EVRY,EVRY-COURCOURONNES,ESSONNE,2.452145652339384,48.634608020746256
SAINT-JEAN-DE-LUZ-CIBOURE,SAINT-JEAN-DE-LUZ,PYRENEES-ATLANTIQUES,-1.661120875576861,43.385630538051984
THESEE,THESEE,LOIR-ET-CHER,1.312102893838652,47.3221316131585
AUBIGNY-AU-BAC,AUBIGNY-AU-BAC,NORD,3.158284448868986,50.268474966278646
CLERMONT-LES-FERMES,CLERMONT-LES-FERMES,AISNE,3.94030338978631,49.662228873623384
PARIS-SAINT-LAZARE,PARIS,PARIS,2.324000851373341,48.876449960632634
MAIZIERES-LES-METZ,MAIZIERES-LES-METZ,MOSELLE,6.158221809436721,49.21554938935268
JATXOU,USTARITZ,PYRENEES-ATLANTIQUES,-1.444737218362545,43.39103536760935
CONFLANS-JARNY,JARNY,MEURTHE-ET-MOSELLE,5.87842254738281,49.16607952738909
SAINT-JEAN-DE-VERGES,CRAMPAGNA,ARIEGE,1.608078902407974,43.01220711368319
L'HOSPITALET-PRES-L'ANDORRE,L'HOSPITALET-PRES-L'ANDORRE,ARIEGE,1.800026840097774,42.5895023978247
BLANZY,BLANZY,SAONE-ET-LOIRE,4.391261601142118,46.69399291424549
COURZIEU-BRUSSIEU,COURZIEU,RHONE,4.548054274037052,45.74996403643635
SAINT-AGNAN,SAINT-AGNAN,SAONE-ET-LOIRE,3.879207864973599,46.50146020099201
LA-CRECHE,LA-CRECHE,DEUX-SEVRES,-0.296227383315685,46.3605230135639
MOUTIERS-SALINS-BRIDES-LES-BAINS,MOUTIERS,SAVOIE,6.531548657040216,45.48649045265134
AIMARGUES,AIMARGUES,GARD,4.208741750869569,43.67865141363299
CARNOLES,ROQUEBRUNE-CAP-MARTIN,ALPES-MARITIMES,7.480839159210381,43.761197114922226
VERTAIZON,VERTAIZON,PUY-DE-DOME,3.288416384375966,45.784639879943335
SCHWINDRATZHEIM,SCHWINDRATZHEIM,BAS-RHIN,7.60067795014709,48.75358419451172
HAGONDANGE,HAGONDANGE,MOSELLE,6.163956790210976,49.253527340214866
SAINT-CYR-LES-LECQUES-LA-CADIERE,SAINT-CYR-SUR-MER,VAR,5.703752554715746,43.18536670423366
LE-CATEAU,LE-CATEAU-CAMBRESIS,NORD,3.540412090656099,50.09126147749306
CORBIGNY,CORBIGNY,NIEVRE,3.677184737926491,47.25489222994257
SAINT-JEAN-D'ANGELY,SAINT-JEAN-D'ANGELY,CHARENTE-MARITIME,-0.509742382856997,45.940790618919515
MONT-DE-MARSAN,MONT-DE-MARSAN,LANDES,-0.504121585986459,43.884703925347225
VILLENEUVE-TRIAGE,VILLENEUVE-SAINT-GEORGES,VAL-DE-MARNE,2.438468473703435,48.745460746350595
MITRY-CLAYE,MITRY-MORY,SEINE-ET-MARNE,2.642349425917973,48.97575440310002
PARIS-SAINT-LAZARE,PARIS,PARIS,2.326303315694158,48.87693884103283
FEIGNIES,FEIGNIES,NORD,3.922118667724535,50.306199581174766
CHATEAU-RENAULT,CHATEAU-RENAULT,INDRE-ET-LOIRE,0.901441463891866,47.58783274114799
MAISONS-LAFFITTE,MAISONS-LAFFITTE,YVELINES,2.14473523437646,48.94558447506499
GRASSE,GRASSE,ALPES-MARITIMES,6.927538788698524,43.65432174693225
SAVENAY,SAVENAY,LOIRE-ATLANTIQUE,-1.951077475534361,47.358398241426976
NANTES,NANTES,LOIRE-ATLANTIQUE,-1.544230274778459,47.216453501485695
KALHAUSEN,KALHAUSEN,MOSELLE,7.124716021448651,49.034685495840364
VAUX-SOUS-AUBIGNY,LE-MONTSAUGEONNAIS,HAUTE-MARNE,5.293663398887352,47.6574972352428
SAINT-CHERON,SAINT-CHERON,ESSONNE,2.12573556579795,48.55109190923052
CLAMECY,CLAMECY,NIEVRE,3.518567941517941,47.46498987618404
CAHORS,CAHORS,LOT,1.432889963232879,44.448526304213885
FONTAINES-MERCUREY,FONTAINES,SAONE-ET-LOIRE,4.77523537954581,46.85120280986514
BELLEVILLE,BELLEVILLE,MEURTHE-ET-MOSELLE,6.101709203382132,48.81942505701919
NIVERSAC,BOULAZAC-ISLE-MANOIRE,DORDOGNE,0.808307981501079,45.13838581046404
VILLENEUVE-LA-GUYARD,VILLENEUVE-LA-GUYARD,YONNE,3.070452872854256,48.342988618490054
VANNES,VANNES,MORBIHAN,-2.752403881216251,47.66520979265519
WINGEN-SUR-MODER,WINGEN-SUR-MODER,BAS-RHIN,7.381540309334985,48.92008500247013
MARTRES-TOLOSANE,MARTRES-TOLOSANE,HAUTE-GARONNE,1.015612714830371,43.195931482311494
LA-BRIGUE,LA-BRIGUE,ALPES-MARITIMES,7.603034286339613,44.06252385171183
LOUVERNE,LOUVERNE,MAYENNE,-0.714321788569237,48.10888106533703
FENOUILLET,FENOUILLET,HAUTE-GARONNE,1.401686001123261,43.68395477899149
CIRY-SERMOISE,CIRY-SALSOGNE,AISNE,3.467287945684391,49.37032876685594
BEAURAINVILLE,BEAURAINVILLE,PAS-DE-CALAIS,1.895345549815496,50.42276362998072
CIVRY-SAINT-CLOUD,VILLEMAURY,EURE-ET-LOIR,1.479386702233253,48.065867887788364
LA-TESTE,LA-TESTE-DE-BUCH,GIRONDE,-1.142811777104821,44.637111744166084
LABARTHE-INARD,LABARTHE-INARD,HAUTE-GARONNE,0.851961795025665,43.10494554640785
LABENNE,LABENNE,LANDES,-1.428786764562733,43.58707120044295
PONT-DU-CHATEAU-(FRET),PONT-DU-CHATEAU,PUY-DE-DOME,3.253046237369317,45.78775229336652
ESCAUDOEUVRES,ESCAUDUVRES,NORD,3.276361665143941,50.192348953741444
MONTREUIL-BELFROI,MONTREUIL-JUIGNE,MAINE-ET-LOIRE,-0.617520099104478,47.52540333074923
SAINT-JEAN-DE-LOSNE,SAINT-USAGE,COTE-D'OR,5.240605340813892,47.10318863854627
LIZY-SUR-OURCQ,LIZY-SUR-OURCQ,SEINE-ET-MARNE,3.031864920341824,49.02179218810581
ROSIERES-AUX-SALINES,DOMBASLE-SUR-MEURTHE,MEURTHE-ET-MOSELLE,6.350779481206112,48.60510614106857
FLERS,FLERS,ORNE,-0.573534215608868,48.7443263394735
BALAGNY-SAINT-EPIN,BALAGNY-SUR-THERAIN,OISE,2.344246592501725,49.294257290116214
CAVIGNAC,CAVIGNAC,GIRONDE,-0.382083372825998,45.10528555773667
MOUCHARD,MOUCHARD,JURA,5.800378285208584,46.975770112057795
LAMANON,LAMANON,BOUCHES-DU-RHONE,5.091458171829456,43.699972796526396
MONTBARD,MONTBARD,COTE-D'OR,4.335234843608656,47.61865027866219
GUETHARY,GUETHARY,PYRENEES-ATLANTIQUES,-1.609869139610882,43.42532742825411
SARREBOURG,SARREBOURG,MOSELLE,7.051941434650432,48.73844492124301
WISSEMBOURG,WISSEMBOURG,BAS-RHIN,7.95053463848673,49.03147863013146
LATOUR-DE-CAROL-ENVEITG,ENVEITG,PYRENEES-ORIENTALES,1.905858604509927,42.45814353883745
VILLEFRANCHE-SUR-MER,VILLEFRANCHE-SUR-MER,ALPES-MARITIMES,7.31422546559436,43.70695905884717
GRAMAT,GRAMAT,LOT,1.722316178276392,44.77346913309101
ANCHAMPS,ANCHAMPS,ARDENNES,4.66991430394058,49.93076514927236
LA-GRAVE-D'AMBARES-GARE-INFERIEURE,AMBARES-ET-LAGRAVE,GIRONDE,-0.477055556017021,44.93585506650114
LA-BASSEE,LA-BASSEE,NORD,2.804054051519795,50.52746595501221
THOUARE,THOUARE-SUR-LOIRE,LOIRE-ATLANTIQUE,-1.441041066885646,47.26508698273898
ROUEN-ORLEANS,ROUEN,SEINE-MARITIME,1.074967561175084,49.43699258016749
WATTEN-EPERLECQUES,EPERLECQUES,PAS-DE-CALAIS,2.207772910280331,50.82578985957985
BRETENOUX-BIARS,BIARS-SUR-CERE,LOT,1.844127782707252,44.92753201313112
MONTFAVET,AVIGNON,VAUCLUSE,4.873999693506314,43.93252871071503
SAINT-NAZAIRE,SAINT-NAZAIRE,LOIRE-ATLANTIQUE,-2.211324800004774,47.28676363953024
MOIRANS-LA-GALIFETTE,MOIRANS,ISERE,5.564108253754243,45.32394850046758
CHARS,CHARS,VAL-D'OISE,1.936959193648112,49.162611630469804
CORBEIL-ESSONNES,CORBEIL-ESSONNES,ESSONNE,2.468506839470618,48.60950573839651
MONTIGNY-SUR-LOING,MONTIGNY-SUR-LOING,SEINE-ET-MARNE,2.738557831181098,48.33644815329423
HOUDEMONT,HOUDEMONT,MEURTHE-ET-MOSELLE,6.179753784761157,48.645181271606106
SAINT-AMAND-LES-EAUX,SAINT-AMAND-LES-EAUX,NORD,3.418119848654414,50.44365462773792
VALENCAY,VALENCAY,INDRE,1.558500011171631,47.163082483538474
LA-GUERCHE-SUR-L'AUBOIS,LA-GUERCHE-SUR-L'AUBOIS,CHER,2.948552348870813,46.94762937765906
BAILLEUL,BAILLEUL,NORD,2.734386317470449,50.72888749538649
SOSPEL,SOSPEL,ALPES-MARITIMES,7.453890137493691,43.876482570997105
OBERHOFFEN-CAMP-DE-HAGUENAU,OBERHOFFEN-SUR-MODER,BAS-RHIN,7.855833751799631,48.789155347796914
LORIENT,LORIENT,MORBIHAN,-3.366289623776526,47.75512114124836
LA-SUZE,LA-SUZE-SUR-SARTHE,SARTHE,0.02643990792454,47.89239849698498
NEVERS,NEVERS,NIEVRE,3.150515693652952,46.9873201790838
LE-ROUGET,LE-ROUGET-PERS,CANTAL,2.235482849392558,44.85662032700179
DENAIN,DENAIN,NORD,3.388740947285732,50.33465820507646
CHAVILLE-RIVE-DROITE,CHAVILLE,HAUTS-DE-SEINE,2.187854438207451,48.812054119748325
MOLINGES,CHASSAL-MOLINGES,JURA,5.768147950993843,46.35703353199777
CHALLANS,CHALLANS,VENDEE,-1.871615855457103,46.84395471231423
DARDILLY-LES-MOUILLES,ECULLY,RHONE,4.760077445397871,45.79647556364824
MONT-DE-MARSAN,MONT-DE-MARSAN,LANDES,-0.504121478227996,43.884703935113855
LONGUEAU,LONGUEAU,SOMME,2.35207682316365,49.86443764839586
SALON,SALON-DE-PROVENCE,BOUCHES-DU-RHONE,5.088449456368936,43.63903995373267
LALBENQUE-FONTANES,FONTANES,LOT,1.511567988642954,44.332798411556034
REMELFING,REMELFING,MOSELLE,7.09185533413615,49.091408859223534
JARDRES,JARDRES,VIENNE,0.560320283222388,46.56353108511348
ECOMMOY,ECOMMOY,SARTHE,0.26900460498187,47.82451649086021
CASINO-LACROIX-LAVAL,LA-TOUR-DE-SALVAGNY,RHONE,4.72974509462416,45.788489228914436
LES-YVRIS-NOISY-LE-GRAND,NOISY-LE-GRAND,SEINE-SAINT-DENIS,2.579204206954621,48.82348530363406
SANRY-SUR-NIED,SANRY-SUR-NIED,MOSELLE,6.339900100336438,49.04462358146033
EPANVILLIERS,BLANZAY,VIENNE,0.23583521002164,46.226901878970985
LES-CABANNES,LES-CABANNES,ARIEGE,1.68626685124549,42.78643042874622
CHAPONOST,CHAPONOST,RHONE,4.764649154604175,45.69884679639
BANYULS-SUR-MER,BANYULS-SUR-MER,PYRENEES-ORIENTALES,3.124865814209837,42.48289092162868
BIDOS,BIDOS,PYRENEES-ATLANTIQUES,-0.608394318244008,43.1807912540399
DOLE,DOLE,JURA,5.488538671427538,47.09655306427534
COUIZA-MONTAZELS,MONTAZELS,AUDE,2.248224891007013,42.94241062749167
SAINT-MESMIN,SAINT-MESMIN,AUBE,3.925603336237725,48.43855321993468
CAVIGNAC,CAVIGNAC,GIRONDE,-0.382088544171215,45.10529377137038
LA-POSSONNIERE,LA-POSSONNIERE,MAINE-ET-LOIRE,-0.694762356816196,47.371036813679304
BOBIGNY,BOBIGNY,SEINE-SAINT-DENIS,2.430598577289248,48.91092382901657
SOMMERY,SOMMERY,SEINE-MARITIME,1.435776769491687,49.629463064450185
RAON-L'ETAPE,RAON-L'ETAPE,VOSGES,6.836859952448485,48.40373133965493
WISSOUS,WISSOUS,ESSONNE,2.330890650909546,48.74116484835196
LA-BARASSE,MARSEILLE,BOUCHES-DU-RHONE,5.483977494147927,43.28603146046953
SARLIEVE-COURNON,COURNON-D'AUVERGNE,PUY-DE-DOME,3.167945348365505,45.73875046844152
CREPY-EN-VALOIS,CREPY-EN-VALOIS,OISE,2.888407747778651,49.2311545881536
SAINT-CHAMAS,SAINT-CHAMAS,BOUCHES-DU-RHONE,5.040135116190482,43.55105812225467
SAINT-VICTOR,SAINT-MACLOU-DE-FOLLEVILLE,SEINE-MARITIME,1.109879114118333,49.6771262477806
SARTROUVILLE,SARTROUVILLE,YVELINES,2.156985752409053,48.937630467980924
GRAGNAGUE,GRAGNAGUE,HAUTE-GARONNE,1.567811017541112,43.69649898572073
LA-BASSE-INDRE-SAINT-HERBLAIN,SAINT-HERBLAIN,LOIRE-ATLANTIQUE,-1.660234706510865,47.20418674117419
SIORAC-EN-PERIGORD,SIORAC-EN-PERIGORD,DORDOGNE,0.984429120548206,44.819746174845925
EPINAY-SUR-SEINE,EPINAY-SUR-SEINE,SEINE-SAINT-DENIS,2.302366002235401,48.95405714495835
GRANVILLE,GRANVILLE,MANCHE,-1.586871632173377,48.83876182369025
SATHONAY-RILLIEUX,RILLIEUX-LA-PAPE,RHONE,4.875347320967258,45.819697185967875
CHEMIN-D'ANTONY,ANTONY,HAUTS-DE-SEINE,2.3125795585876,48.74790944795252
BOISLEUX,BOISLEUX-AU-MONT,PAS-DE-CALAIS,2.771761055202263,50.210186413825184
ONVILLE,ONVILLE,MEURTHE-ET-MOSELLE,5.981216914241033,49.0132836053572
CARBONNE,CARBONNE,HAUTE-GARONNE,1.211587462527255,43.29766495548215
SAINT-RAMBERT-D'ALBON,SAINT-RAMBERT-D'ALBON,DROME,4.81054017375535,45.297927817374116
COURCELLES-LE-COMTE,COURCELLES-LE-COMTE,PAS-DE-CALAIS,2.788039555266339,50.16926361276849
MANTES-LA-JOLIE,MANTES-LA-JOLIE,YVELINES,1.703121757851209,48.98944102486203
MALANSAC,MALANSAC,MORBIHAN,-2.295341097594994,47.67554186869083
SAINT-CYR-EN-VAL-LA-SOURCE,SAINT-CYR-EN-VAL,LOIRET,1.947655298634261,47.81990993370836
LA-GUIERCHE,LA-GUIERCHE,SARTHE,0.193217777167323,48.11405392276398
HOUILLES-CARRIERES-SUR-SEINE,HOUILLES,YVELINES,2.184634788783192,48.92078365152306
COMMENTRY,COMMENTRY,ALLIER,2.740155183201145,46.29526841600905
MEYMAC,MEYMAC,CORREZE,2.163697861677172,45.53002999690653
EU,EU,SEINE-MARITIME,1.417043629858885,50.05438729309592
LA-DEFENSE,PUTEAUX,HAUTS-DE-SEINE,2.238471684534599,48.89343723770491
MONTPELLIER-SUD-DE-FRANCE,LATTES,HERAULT,3.913503031859993,43.59059396781462
BUNO-GIRONVILLE,BUNO-BONNEVAUX,ESSONNE,2.387007586562321,48.37033137332853
COUILLY-SAINT-GERMAIN,SAINT-GERMAIN-SUR-MORIN,SEINE-ET-MARNE,2.85423876033952,48.88268311019452
AUBIAT,AUBIAT,PUY-DE-DOME,3.160423216545076,45.98387527179955
MARMAGNE,MARMAGNE,CHER,2.282794642929905,47.09990251736413
LE-TEIL,LE-TEIL,ARDECHE,4.686672580575165,44.553267675698564
LACQ,LACQ,PYRENEES-ATLANTIQUES,-0.627149022146314,43.411890435789275
RILLY-LA-MONTAGNE,RILLY-LA-MONTAGNE,MARNE,4.040905519057281,49.16647916815051
MAUVES-SUR-LOIRE,MAUVES-SUR-LOIRE,LOIRE-ATLANTIQUE,-1.389123609528093,47.2928631547842
CHAMBORIGAUD,CHAMBORIGAUD,GARD,3.979429869919518,44.30032167784233
ARC-ET-SENANS,ARC-ET-SENANS,DOUBS,5.776756496835827,47.03027182366823
BELLENAVES,BELLENAVES,ALLIER,3.06661488746179,46.1993421123937
POMMEVIC,POMMEVIC,TARN-ET-GARONNE,0.931623064334532,44.102332049703115
ARNAGE,ARNAGE,SARTHE,0.190168380795902,47.92854691202431
ROUBAIX,ROUBAIX,NORD,3.16326951649233,50.69597348869033
SOULTZ-SOUS-FORETS,SOULTZ-SOUS-FORETS,BAS-RHIN,7.882363784547405,48.934542607292265
AUNEAU,ROINVILLE,EURE-ET-LOIR,1.779725836820988,48.44533925016616
BAR-SUR-SEINE,BAR-SUR-SEINE,AUBE,4.381865469038444,48.11715793030451
GARANCIERES-LA-QUEUE,GARANCIERES,YVELINES,1.764818944087776,48.810431284633346
MAGNETTE,AUDES,ALLIER,2.60289881796548,46.46417168255882
PAVILLY,PAVILLY,SEINE-MARITIME,0.950549944741356,49.564018446137425
CHOISY-LE-ROI,CHOISY-LE-ROI,VAL-DE-MARNE,2.411226698475802,48.76373968002745
DUNKERQUE,DUNKERQUE,NORD,2.369189693600089,51.02926760373617
OBERMODERN,OBERMODERN-ZUTZENDORF,BAS-RHIN,7.547134662886039,48.84206733643282
LA-TAYE,SAINT-GEORGES-SUR-EURE,EURE-ET-LOIR,1.37368070148313,48.407905714722894
TRESSIN,TRESSIN,NORD,3.189459870932936,50.61212980136401
LA-BORNE-BLANCHE,ORRY-LA-VILLE,OISE,2.50625898024577,49.1266367251084
SAINT-PIERRE-LES-ELBEUF,SAINT-PIERRE-LES-ELBEUF,SEINE-MARITIME,1.036414144071982,49.26816913310937
LAMAGISTERE,LAMAGISTERE,TARN-ET-GARONNE,0.825638491341149,44.126769874970755
LE-HAVRE-GRAVILLE,LE-HAVRE,SEINE-MARITIME,0.160871799514422,49.49977111315972
WEYERSHEIM,WEYERSHEIM,BAS-RHIN,7.797037500770733,48.71798070228709
QUESNOY-LE-MONTANT,QUESNOY-LE-MONTANT,SOMME,1.702417123690925,50.10883000876429
COURTHEZON,COURTHEZON,VAUCLUSE,4.888305271096914,44.08991024825616
COURCAY-TAUXIGNY,COURCAY,INDRE-ET-LOIRE,0.867626446644848,47.23783327127832
LA-ROCHELLE-VILLE,LA-ROCHELLE,CHARENTE-MARITIME,-1.145160124084131,46.15251607781638
SAINT-AMARIN,SAINT-AMARIN,HAUT-RHIN,7.028770938676973,47.87280143803592
POMBLIERE-SAINT-MARCEL,SAINT-MARCEL,SAVOIE,6.562693270316035,45.50485971207539
LOISY-SUR-MARNE,LOISY-SUR-MARNE,MARNE,4.540436905103517,48.75913519070328
VAUZELLES,VARENNES-VAUZELLES,NIEVRE,3.134367946645677,47.00137653347217
CONTREXEVILLE,CONTREXEVILLE,VOSGES,5.89060025319197,48.179604336817256
TRENTELS-LADIGNAC,TRENTELS,LOT-ET-GARONNE,0.885032688721147,44.442969849702706
GLOS-MONTFORT,GLOS-SUR-RISLE,EURE,0.682915013085162,49.271289521705874
VILLIERS-LE-BEL-GONESSE-ARNOUVILLE,ARNOUVILLE,VAL-D'OISE,2.417110370855272,48.994495033295564
CHARMANT,BOISNE-LA-TUDE,CHARENTE,0.162308672262789,45.49861546570347
CLAMECY,CLAMECY,NIEVRE,3.52059693667432,47.466740174528674
LES-BOSSONS,CHAMONIX-MONT-BLANC,HAUTE-SAVOIE,6.839176062505559,45.906801626204796
BITSCHWILLER-(HAUT-RHIN),BITSCHWILLER-LES-THANN,HAUT-RHIN,7.07825223339086,47.82770586464642
GEISPOLSHEIM,GEISPOLSHEIM,BAS-RHIN,7.685083470275864,48.52118957771497
BRAX-LEGUEVIN,BRAX,HAUTE-GARONNE,1.237247625236942,43.61463097496825
METZ-MARCHANDISES,METZ,MOSELLE,6.183863414579897,49.100659074501586
BAGNOLS-CHADENET,CHADENET,LOZERE,3.628354122404666,44.528613895562785
BRICY-BOULAY,BRICY,LOIRET,1.777927377174516,47.99475427706965
LIMERSHEIM,HIPSHEIM,BAS-RHIN,7.659682253417969,48.46072588082999
LES-HOUCHES,LES-HOUCHES,HAUTE-SAVOIE,6.796921584251566,45.89369698837576
TIERCE,TIERCE,MAINE-ET-LOIRE,-0.469527770762688,47.617621633630044
TACONNAZ,LES-HOUCHES,HAUTE-SAVOIE,6.826163255122993,45.89940561382989
AVIGNON-CENTRE,AVIGNON,VAUCLUSE,4.805218639819437,43.94117071044904
GIVET,GIVET,ARDENNES,4.817813644678012,50.14091292925688
LE-POIRIER-UNIVERSITE,TRITH-SAINT-LEGER,NORD,3.502981080149934,50.33156717364174
PUYOO,PUYOO,PYRENEES-ATLANTIQUES,-0.910387223324467,43.5244736658064
SAINT-POL-SUR-TERNOISE,SAINT-POL-SUR-TERNOISE,PAS-DE-CALAIS,2.339890160465944,50.378797205158335
SAINT-PIERRE-LA-COUR,SAINT-PIERRE-LA-COUR,MAYENNE,-1.025299150588251,48.11359965015547
SAINT-ANDRE-DE-L'EURE,SAINT-ANDRE-DE-L'EURE,EURE,1.269858425662439,48.90556179077907
COUERON,COUERON,LOIRE-ATLANTIQUE,-1.723455787961951,47.2219940667114
LOUVECIENNES,LOUVECIENNES,YVELINES,2.123170163283053,48.861210380239655
BAILLEUL-SUR-THERAIN,BAILLEUL-SUR-THERAIN,OISE,2.208060835511774,49.39271225655315
SAINT-BRIEUC,SAINT-BRIEUC,COTES-D'ARMOR,-2.773798977672474,48.50824301357313
SALLES-COURBATIES,SALLES-COURBATIES,AVEYRON,2.079196516726654,44.47551460594185
LEROUVILLE,LEROUVILLE,MEUSE,5.538682641261615,48.79706696043889
MELUN,MELUN,SEINE-ET-MARNE,2.653351571923359,48.527847951884176
TOURNON-SAINT-MARTIN,TOURNON-SAINT-MARTIN,INDRE,0.958259265092073,46.73692973710935
SAINT-DENIS-CATUS,SAINT-DENIS-CATUS,LOT,1.385522780857853,44.56004171447197
IGNY,IGNY,ESSONNE,2.231029024422673,48.740122666316715
THUN-LE-PARADIS,MEULAN-EN-YVELINES,YVELINES,1.920156337778501,49.00678520012826
BRUYERES,BRUYERES,VOSGES,6.718739829467096,48.20497265363045
BOURGOIN-JALLIEU,BOURGOIN-JALLIEU,ISERE,5.274278579582624,45.583899715422376
SAINT-EGREVE-ST-ROBERT,SAINT-EGREVE,ISERE,5.671078139085873,45.23507262058304
SAINT-CLOUD,SAINT-CLOUD,HAUTS-DE-SEINE,2.217268558847178,48.84520711744761
BUSSY-LETTREE-VATRY,BUSSY-LETTREE,MARNE,4.248053300818545,48.80845837961702
GRAND-QUEVILLY,LE-GRAND-QUEVILLY,SEINE-MARITIME,1.037444339853439,49.41212800850498
BRUNEMONT,BRUNEMONT,NORD,3.146083415609879,50.27814084091143
ETAIN,ETAIN,MEUSE,5.639775631923459,49.207571572161164
BRIVE-LA-GAILLARDE,BRIVE-LA-GAILLARDE,CORREZE,1.528412956598483,45.15212435536527
MOMMENHEIM,MOMMENHEIM,BAS-RHIN,7.642507551665085,48.75567060940308
GALLIENI-CANCEROPOLE,TOULOUSE,HAUTE-GARONNE,1.420202143406756,43.572133054000425
TARASCON,TARASCON,BOUCHES-DU-RHONE,4.65779203971903,43.801275854283546
BULLY-GRENAY,GRENAY,PAS-DE-CALAIS,2.733454586897588,50.44851956824207
SAINT-MAURICE-DE-BEYNOST,SAINT-MAURICE-DE-BEYNOST,AIN,4.976803928916588,45.827259754287724
QUESTEMBERT,QUESTEMBERT,MORBIHAN,-2.449620953911625,47.683185303972046
DARDILLY-LE-JUBIN,DARDILLY,RHONE,4.761303255176433,45.81524855211635
VERDUN,VERDUN,MEUSE,5.378755568857466,49.16551301257006
SURVILLIERS-FOSSES,FOSSES,VAL-D'OISE,2.525645090544201,49.1001293237322
PONT-CARDINET,PARIS,PARIS,2.314631488448549,48.88778335572669
LA-FRESNAIS,LA-FRESNAIS,ILLE-ET-VILAINE,-1.843170060832675,48.59366306337683
ARZEMBOUY,ARZEMBOUY,NIEVRE,3.380930533420509,47.25245295692108
EU,EU,SEINE-MARITIME,1.416800758468185,50.05433701803559
POUXEUX,POUXEUX,VOSGES,6.581041457042632,48.10394952481344
MOLSHEIM,MOLSHEIM,BAS-RHIN,7.500117588274114,48.53746862797946
HALUCHERE-BATIGNOLLES,NANTES,LOIRE-ATLANTIQUE,-1.522545375703279,47.24914745560844
HERBEAUVILLIERS,BUTHIERS,SEINE-ET-MARNE,2.48056514912169,48.28795027224733
BRIOUDE,BRIOUDE,HAUTE-LOIRE,3.378735969942512,45.300607050091536
LIANCOURT-SAINT-PIERRE,LIANCOURT-SAINT-PIERRE,OISE,1.905540770738303,49.22057380079402
AMPLEPUIS,AMPLEPUIS,RHONE,4.327214357367171,45.97049539677039
EVIAN-LES-BAINS,EVIAN-LES-BAINS,HAUTE-SAVOIE,6.578426619097867,46.39775287167254
LE-MEUX-LA-CROIX-SAINT-OUEN,LE-MEUX,OISE,2.753199415737212,49.35937558804511
DOMONT,DOMONT,VAL-D'OISE,2.337670502334622,49.03280583632308
ROTHAU,ROTHAU,BAS-RHIN,7.207432343690648,48.45922303173024
LEPANGES,LEPANGES-SUR-VOLOGNE,VOSGES,6.672321134908765,48.17273700973926
NANTEUIL-LE-HAUDOUIN,NANTEUIL-LE-HAUDOUIN,OISE,2.793984979261508,49.142367029219045
ORCHIES,ORCHIES,NORD,3.249248747648426,50.47723062459998
DONGES,DONGES,LOIRE-ATLANTIQUE,-2.071624327315269,47.30873250139083
AULNAY-SOUS-BOIS,AULNAY-SOUS-BOIS,SEINE-SAINT-DENIS,2.494534649817342,48.9322956659189
ARGENTON-SUR-CREUSE,ARGENTON-SUR-CREUSE,INDRE,1.516130340379536,46.59453944164937
TIEFFENBACH-STRUTH,TIEFFENBACH,BAS-RHIN,7.255222037197649,48.90631229003307
LE-THEIL-LA-ROUGE,VAL-AU-PERCHE,ORNE,0.694307756121528,48.26727409927828
ANOR,ANOR,NORD,4.093248950310058,49.98483985000192
OSNY,OSNY,VAL-D'OISE,2.05788773368052,49.062936472512014
LEPIN-LE-LAC-LA-BAUCHE,LEPIN-LE-LAC,SAVOIE,5.765188064755025,45.54163587165105
DONTRIEN,DONTRIEN,MARNE,4.412237746830279,49.244421840331825
AILLY-SUR-SOMME,AILLY-SUR-SOMME,SOMME,2.200728631856053,49.928468237121315
COUFFOULENS-LEUC,COUFFOULENS,AUDE,2.316895616554444,43.15519722029429
FONT-ROMEU-ODEILLO-VIA,FONT-ROMEU-ODEILLO-VIA,PYRENEES-ORIENTALES,2.038504116632243,42.49121703762055
NOYELLES-SUR-MER,NOYELLES-SUR-MER,SOMME,1.704777772757723,50.18738749356479
BOLLWILLER,BOLLWILLER,HAUT-RHIN,7.267489660902709,47.85663310563501
CULOZ,CULOZ,AIN,5.778956896160888,45.84323198229851
CHEVILLON,CHEVILLON,HAUTE-MARNE,5.111915412992605,48.524136298974575
RIBECOURT,RIBECOURT-DRESLINCOURT,OISE,2.92742032150137,49.50611181790263
PROVENCHERES-SUR-FAVE,PROVENCHERES-ET-COLROY,VOSGES,7.085467242225603,48.304571125133776
CHAINGY-FOURNEAUX-PLAGE,CHAINGY,LOIRET,1.78236689604965,47.87701691083584
PONS,PONS,CHARENTE-MARITIME,-0.538959333426995,45.578136206906485
TRAOU-NEZ,PLOURIVO,COTES-D'ARMOR,-3.135155258100393,48.748555046136225
FORT-L'ECLUSE-COLLONGES,COLLONGES,AIN,5.91015789850506,46.12791084987178
ANTHEOR-CAP-ROUX,SAINT-RAPHAEL,VAR,6.892085861842398,43.43506972818664
LE-CREUSOT-MONTCEAU-MONTCHANIN,ECUISSES,SAONE-ET-LOIRE,4.500111834654999,46.765214479645465
SAINT-MARIENS-ST-YZAN,SAINT-YZAN-DE-SOUDIAC,GIRONDE,-0.391511404296322,45.13925731428566
GRAFFENWALD,WITTELSHEIM,HAUT-RHIN,7.225486994176615,47.780541851830634
VARILHES,VARILHES,ARIEGE,1.628432371769582,43.04150500836928
REICHSTETT,REICHSTETT,BAS-RHIN,7.779225055089902,48.64071266166891
ALLEE-DE-LA-TOUR-RENDEZ-VOUS,VILLEMOMBLE,SEINE-SAINT-DENIS,2.506173573505654,48.8968204761102
SAINT-SAVINIEN-SUR-CHARENTE,SAINT-SAVINIEN,CHARENTE-MARITIME,-0.677700531079588,45.875818750519606
ROLLEVILLE,ROLLEVILLE,SEINE-MARITIME,0.216204124828113,49.58159247227933
LONGUE,LONGUE-JUMELLES,MAINE-ET-LOIRE,-0.113931794943756,47.38689457654846
ESTAVAR,ESTAVAR,PYRENEES-ORIENTALES,2.01781999265747,42.463245926187646
MATZENHEIM,MATZENHEIM,BAS-RHIN,7.619474990958996,48.39883366259973
ROYAN,ROYAN,CHARENTE-MARITIME,-1.016368194834231,45.625725605213496
SANTES,SANTES,NORD,2.961583049419886,50.59144997814641
VIC-SUR-CERE,VIC-SUR-CERE,CANTAL,2.631606704849296,44.97582914922226
AVION,AVION,PAS-DE-CALAIS,2.83348213523712,50.40641774322604
CHINON,CHINON,INDRE-ET-LOIRE,0.250971132208373,47.16222550109984
CHAMOUSSET,CHAMOUSSET,SAVOIE,6.206428114711068,45.5575691552231
LANGRES,LANGRES,HAUTE-MARNE,5.342951760770218,47.87816408447368
SAINT-LO,SAINT-LO,MANCHE,-1.100248572383272,49.11670631267157
SOUS-LE-BOIS,MAUBEUGE,NORD,3.939985181481018,50.26557144191194
FOUQUEREUIL,FOUQUEREUIL,PAS-DE-CALAIS,2.607471079829125,50.52546051723512
BROU,BROU,EURE-ET-LOIR,1.160435728934992,48.2156024100046
LAMBALLE,LAMBALLE-ARMOR,COTES-D'ARMOR,-2.505846671460811,48.46607846756016
LA-LEVADE,LA-GRAND-COMBE,GARD,4.010335710716527,44.22854435129834
ANVIN,ANVIN,PAS-DE-CALAIS,2.25518966492238,50.44687493760667
LA-LOUPE,LA-LOUPE,EURE-ET-LOIR,1.010743252506425,48.47390507579514
FONTAINE-LE-PORT,FONTAINE-LE-PORT,SEINE-ET-MARNE,2.75122393525311,48.48715805687002
LE-QUESNOY,LE-QUESNOY,NORD,3.650296076989083,50.24878193331355
AUCHY-LES-HESDIN,LE-PARCQ,PAS-DE-CALAIS,2.089690868436807,50.39244422062563
CAMPAGNE,CAMPAGNE-SUR-AUDE,AUDE,2.205488639530065,42.916747949686076
EPOUVILLE,EPOUVILLE,SEINE-MARITIME,0.223527011846048,49.56358541381649
PERIGUEUX,PERIGUEUX,DORDOGNE,0.707234713744228,45.18720716632199
THOUARS,THOUARS,DEUX-SEVRES,-0.207430288469058,46.98498345202708
NAUCELLE,NAUCELLE,AVEYRON,2.363718782362403,44.18591308494914
DUGNY,DUGNY-SUR-MEUSE,MEUSE,5.385512174307485,49.11066700037663
BEDOUS,BEDOUS,PYRENEES-ATLANTIQUES,-0.60400220402708,42.99417774381658
SAINT-PATRICE,COTEAUX-SUR-LOIRE,INDRE-ET-LOIRE,0.309739375073303,47.28552890833406
AUTERIVE,AUTERIVE,HAUTE-GARONNE,1.468589831135334,43.34889289615026
TONNERRE,TONNERRE,YONNE,3.97262297445225,47.859875894349855
LE-BUISSON,LE-BUISSON-DE-CADOUIN,DORDOGNE,0.902142866488522,44.848771810933265
LA-VOULTE-SUR-RHONE,LA-VOULTE-SUR-RHONE,ARDECHE,4.783697991645013,44.80585230933447
AZERAILLES,AZERAILLES,MEURTHE-ET-MOSELLE,6.695827234999588,48.491342488595826
LATHUS,LATHUS-SAINT-REMY,VIENNE,0.96503739464116,46.338102890734426
VIERZON-FORGES,VIERZON,CHER,2.099603609533491,47.209914975358984
MONTMELIAN,MONTMELIAN,SAVOIE,6.043157170937188,45.50280071843924
LANNEMEZAN,LANNEMEZAN,HAUTES-PYRENEES,0.387587610940335,43.114037900153804
MAISON-DIEU-(YONNE),GUILLON-TERRE-PLAINE,YONNE,4.021336217970121,47.50292981528543
LANCERF,PLOURIVO,COTES-D'ARMOR,-3.118137340554147,48.76182498430737
COUTRAS,COUTRAS,GIRONDE,-0.13140472065511,45.03671730971117
LYON-SAINT-EXUPERY,COLOMBIER-SAUGNIEU,RHONE,5.075877861112024,45.72093606755898
AUBIGNE-RACAN,AUBIGNE-RACAN,SARTHE,0.26594787595703,47.68701088602898
TOURNAN,TOURNAN-EN-BRIE,SEINE-ET-MARNE,2.7594111728369,48.73932470497817
LAVOUTE-SUR-LOIRE,LAVOUTE-SUR-LOIRE,HAUTE-LOIRE,3.90675398323392,45.12156206212578
CHESSY,CHESSY,RHONE,4.622491842532392,45.885436471989564
BORDEAUX-SAINT-JEAN,BORDEAUX,GIRONDE,-0.555977516187792,44.82592310199666
BORDEAUX-SAINT-JEAN,BORDEAUX,GIRONDE,-0.555977516187792,44.82592310199666
AGUILCOURT-VARISCOURT,AGUILCOURT,AISNE,3.973514617883735,49.40685314473819
LE-BUGUE,LE-BUGUE,DORDOGNE,0.942786741879536,44.905806291346366
LE-BOUCAU,BOUCAU,PYRENEES-ATLANTIQUES,-1.490487748192624,43.52332344080938
WAVRIN,WAVRIN,NORD,2.935613086782622,50.57412319182417
LE-BEC-D'AMBES,AMBES,GIRONDE,-0.57999703752587,45.02263255052982
AVENAY,AVENAY-VAL-D'OR,MARNE,4.043516282016268,49.06469230378641
THIENNES,THIENNES,NORD,2.472464194753023,50.65191956984205
LA-CHAIZE-LE-VICOMTE,LA-CHAIZE-LE-VICOMTE,VENDEE,-1.282253565628194,46.676786297020804
FOUDAY,FOUDAY,BAS-RHIN,7.187395299204552,48.42524781296892
BEGLES,BEGLES,GIRONDE,-0.55521704072682,44.799421962228195
MERICOURT-RIBEMONT,MERICOURT-L'ABBE,SOMME,2.573385900620755,49.955790569210116
NANTIAT,NANTIAT,HAUTE-VIENNE,1.156383699422615,46.00562135984305
PONTGOUIN,PONTGOUIN,EURE-ET-LOIR,1.141760067046591,48.47803747669013
NOISY-LE-ROI,NOISY-LE-ROI,YVELINES,2.061649080341157,48.84149086039971
MONTRABE,MONTRABE,HAUTE-GARONNE,1.525052702919897,43.64481281424004
SAINT-DENIS,SAINT-DENIS,SEINE-SAINT-DENIS,2.345336276531739,48.93590882107979
PARIS-NORD-SOUTERRAINE,PARIS,PARIS,2.356160022572003,48.88164194198079
AYRON-LATILLE,AYRON,VIENNE,0.076403236533996,46.66343833806994
BONS-EN-CHABLAIS,BONS-EN-CHABLAIS,HAUTE-SAVOIE,6.36796561244969,46.2695472254679
CONFLANS-FIN-D'OISE,CONFLANS-SAINTE-HONORINE,YVELINES,2.074582660875173,48.98904473467146
LE-CHAMBON-FEUGEROLLES,LE-CHAMBON-FEUGEROLLES,LOIRE,4.322061131250869,45.394671083648
ARVANT,BOURNONCLE-SAINT-PIERRE,HAUTE-LOIRE,3.31053930071958,45.365318541611714
NUITS-SOUS-RAVIERES,NUITS,YONNE,4.211943686294757,47.732775771551935
CHAVENON,CHAVENON,ALLIER,2.939711917883879,46.41579644160492
MARLES-EN-BRIE,LA-HOUSSAYE-EN-BRIE,SEINE-ET-MARNE,2.867879658401937,48.73421090942715
PONT-DE-DORE,PESCHADOIRES,PUY-DE-DOME,3.490208779623193,45.84281840911178
PONT-CARDINET,PARIS,PARIS,2.313386924980497,48.88764671655866
SAINCAIZE,SAINCAIZE-MEAUCE,NIEVRE,3.07162716543181,46.93164731782984
NEUVY-SUR-LOIRE,NEUVY-SUR-LOIRE,NIEVRE,2.882590640988795,47.51874719139584
RECQUIGNIES,RECQUIGNIES,NORD,4.044414592795842,50.28403349483933
PONT-L'EVEQUE,PONT-L'EVEQUE,CALVADOS,0.192213594065772,49.28708751413264
GAN,GAN,PYRENEES-ATLANTIQUES,-0.39146276503243,43.23429064615869
TROIS-PUITS,TROIS-PUITS,MARNE,4.038472078371393,49.20711771012249
ALLEYRAS,ALLEYRAS,HAUTE-LOIRE,3.67331356088539,44.91879988332404
VIMY,VIMY,PAS-DE-CALAIS,2.822992264507032,50.373211284082856
OSTRICOURT,OSTRICOURT,NORD,3.032587932449784,50.44506905738173
VILLERS-SUR-MER,VILLERS-SUR-MER,CALVADOS,0.010053597155556,49.31587440070023
LONGAGES-NOE,LONGAGES,HAUTE-GARONNE,1.251678243211147,43.35551025680668
MANOSQUE-GREOUX-LES-BAINS,MANOSQUE,ALPES-DE-HAUTE-PROVENCE,5.793010163891369,43.822739899302086
AUBIET,AUBIET,GERS,0.789299013245675,43.65004416378003
DIJON-PORTE-NEUVE,DIJON,COTE-D'OR,5.055292593964804,47.32281333200016
DIEPPE,DIEPPE,SEINE-MARITIME,1.080970042677288,49.92140470001331
VINAY,VINAY,ISERE,5.41009916914368,45.207982766808804
IRIGNY-YVOURS,IRIGNY,RHONE,4.832318048815101,45.68958680954203
LONGPRE-LES-CORPS-SAINTS,LONGPRE-LES-CORPS-SAINTS,SOMME,2.003192227062804,50.011439123217535
JOEUF,JUF,MEURTHE-ET-MOSELLE,6.017657524489059,49.22505202770137
BEDARRIDES,BEDARRIDES,VAUCLUSE,4.893026749190605,44.04081246780767
SAINT-PIERRE-DU-VAUVRAY,SAINT-PIERRE-DU-VAUVRAY,EURE,1.224520268806071,49.23432189742478
NANCY-VILLE,NANCY,MEURTHE-ET-MOSELLE,6.174101796891322,48.689702404399846
SAINT-FARGEAU,SAINT-FARGEAU-PONTHIERRY,SEINE-ET-MARNE,2.542704719224442,48.564574087372414
VIARMES,VIARMES,VAL-D'OISE,2.368714735306664,49.11682368393774
OSSEJA,OSSEJA,PYRENEES-ORIENTALES,1.977066179295433,42.41992974629941
LILLE-FLANDRES,LILLE,NORD,3.071793000654148,50.636806000103945
SOUS-LE-BOIS,MAUBEUGE,NORD,3.940584267527209,50.265725155601714
ARMENTIERES,ARMENTIERES,NORD,2.877551431723409,50.68042290708868
MAUZENS-MIREMONT,MAUZENS-ET-MIREMONT,DORDOGNE,0.956954114316355,44.9772768456455
EGUZON,EGUZON-CHANTOME,INDRE,1.552057610437628,46.442979457313996
ANDELOT,ANDELOT-EN-MONTAGNE,JURA,5.920846203868465,46.8584024088421
TROUVILLE-DEAUVILLE,DEAUVILLE,CALVADOS,0.084564049824909,49.35975414891227
CANTIN,CANTIN,NORD,3.121752682520115,50.31240554714561
SELLES-SAINT-DENIS,SELLES-SAINT-DENIS,LOIR-ET-CHER,1.922420545589687,47.38850004436025
COUCY-LES-EPPES,COUCY-LES-EPPES,AISNE,3.774746449146322,49.555959620211574
LE-LIORAN,LAVEISSIERE,CANTAL,2.753676794404809,45.090485050509
CREPY-EN-VALOIS,CREPY-EN-VALOIS,OISE,2.888466783684187,49.2312224533266
SAINT-NOM-LA-BRETECHE-FORET-DE-MARLY,L'ETANG-LA-VILLE,YVELINES,2.051236366018679,48.86811840014396
MARQUIXANES,MARQUIXANES,PYRENEES-ORIENTALES,2.485420118174981,42.64272277309329
AULNAY-SOUS-BOIS,AULNAY-SOUS-BOIS,SEINE-SAINT-DENIS,2.496825394762121,48.93195173138219
DONJEUX,DONJEUX,HAUTE-MARNE,5.148488988847299,48.36612365379502
LOUDUN,LOUDUN,VIENNE,0.08292859255922,47.016152925681425
VILLEFRANCHE-VERNET-LES-BAINS,FUILLA,PYRENEES-ORIENTALES,2.369774283231592,42.591589998903046
MONTEUX,MONTEUX,VAUCLUSE,4.994882112024842,44.0374616945272
LES-ROSIERS-SUR-LOIRE,GENNES-VAL-DE-LOIRE,MAINE-ET-LOIRE,-0.220176788532197,47.36232359351266
LOZANNE,LOZANNE,RHONE,4.682685080122432,45.854168191225845
SAINT-LEONARD-DE-NOBLAT,SAINT-LEONARD-DE-NOBLAT,HAUTE-VIENNE,1.481632963257419,45.83215109814712
CALAIS-VILLE,CALAIS,PAS-DE-CALAIS,1.850475991847154,50.953415887188775
CHEVRY,CHEVRY,AIN,6.039598080514081,46.280210190718094
BOLLWILLER,BOLLWILLER,HAUT-RHIN,7.267507504298965,47.856855094575494
VENDEUVRE-(AUBE),VENDEUVRE-SUR-BARSE,AUBE,4.46747259924721,48.24030146833951
LESTREM,LESTREM,PAS-DE-CALAIS,2.678372968266216,50.63219436003466
SAINT-HILAIRE-BRIZAMBOURG,SAINT-HILAIRE-DE-VILLEFRANCHE,CHARENTE-MARITIME,-0.534862134197627,45.850163946574924
ALTKIRCH,ALTKIRCH,HAUT-RHIN,7.23977513679141,47.62717228998658
MORGNY,MORGNY-LA-POMMERAYE,SEINE-MARITIME,1.247800610647558,49.523175878440505
LA-MEYZE,LA-MEYZE,HAUTE-VIENNE,1.212602417879815,45.62079414050195
ARGELES-SUR-MER,ARGELES-SUR-MER,PYRENEES-ORIENTALES,3.021638961103582,42.54403628665191
LARDENNE,TOULOUSE,HAUTE-GARONNE,1.384146118118102,43.5965751605719
LANDAUL-MENDON,LANDAUL,MORBIHAN,-3.085773818880881,47.735407015445205
REDING,REDING,MOSELLE,7.09590016303089,48.74263748265532
BAS-EVETTE,EVETTE-SALBERT,TERRITOIRE-DE-BELFORT,6.807401662035622,47.68120394624195
LILLE-CHAMP-DE-MARS,RONCHIN,NORD,3.091025245805604,50.61546754976583
LE-STADE,COLOMBES,HAUTS-DE-SEINE,2.260643405302341,48.931185166611584
BAUVIN-PROVIN,BAUVIN,NORD,2.90504075604601,50.51167305704527
SAINT-LOUIS-LA-CHAUSSEE,SAINT-LOUIS,HAUT-RHIN,7.533173473462446,47.608061345611056
POUGNY-CHANCY,POUGNY,AIN,5.961218073642614,46.14477712415199
CHANTELOUP-LES-VIGNES,CHANTELOUP-LES-VIGNES,YVELINES,2.027502235521161,48.97035209098213
VIVY,VIVY,MAINE-ET-LOIRE,-0.063381593471479,47.33132781271502
SCHERWILLER,SCHERWILLER,BAS-RHIN,7.430588256913284,48.286882007940456
CLERVAL,PAYS-DE-CLERVAL,DOUBS,6.492127092735171,47.39662136009772
ESCALQUENS,ESCALQUENS,HAUTE-GARONNE,1.542600778570721,43.51659976397235
LAYRAC,LAYRAC,LOT-ET-GARONNE,0.664494266622702,44.1316787629252
MONTLUCON-RIMARD,MONTLUCON,ALLIER,2.611452980449508,46.33555572684901
GENSAC-LA-PALLUE,GENSAC-LA-PALLUE,CHARENTE,-0.250550676765578,45.65923090057697
ANGLEFORT,ANGLEFORT,AIN,5.823704461958655,45.91490568489425
SELESTAT,SELESTAT,BAS-RHIN,7.443065956457046,48.26127138420181
VEZELISE,VEZELISE,MEURTHE-ET-MOSELLE,6.10077558400842,48.48065805383515
FRAISSES-UNIEUX,FRAISSES,LOIRE,4.26082706973773,45.39498150676741
NEUVILLE-SUR-SARTHE,NEUVILLE-SUR-SARTHE,SARTHE,0.199790147044718,48.07039776072107
LE-VIEUX-BRIOLLAY,BRIOLLAY,MAINE-ET-LOIRE,-0.482848531792104,47.5736927162519
ECOUFLANT,ECOUFLANT,MAINE-ET-LOIRE,-0.519612345592496,47.50367740358306
SAUVETERRE-LA-LEMANCE,SAUVETERRE-LA-LEMANCE,LOT-ET-GARONNE,1.011584531057868,44.589475761347316
FRYNAUDOUR,PLOURIVO,COTES-D'ARMOR,-3.128588597562102,48.727962018982424
GIEN,GIEN,LOIRET,2.636757350624025,47.698878641555325
MARSEILLE-MARITIME-ARENC,MARSEILLE,BOUCHES-DU-RHONE,5.367674799702303,43.330987291504954
BAINS-LES-BAINS,LE-CLERJUS,VOSGES,6.29523874819176,47.98122992977394
AILLEVILLERS,CORBENAY,HAUTE-SAONE,6.332728777672446,47.909720094017686
CHINDRIEUX,CHINDRIEUX,SAVOIE,5.846697892837232,45.80329859021544
ACHIET,ACHIET-LE-GRAND,PAS-DE-CALAIS,2.780622102331761,50.13214093061863
SAINT-PE-DE-BIGORRE,SAINT-PE-DE-BIGORRE,HAUTES-PYRENEES,-0.161701582776416,43.10143630159228
LOUHANS,LOUHANS,SAONE-ET-LOIRE,5.215956085594542,46.6314307065044
VAAS,VAAS,SARTHE,0.316591784006382,47.67085414116616
FUMAY,FUMAY,ARDENNES,4.692741480890238,49.98675789635713
PONT-DE-BOIS,VILLENEUVE-D'ASCQ,NORD,3.128349868303076,50.6240394149212
REICHSHOFFEN-VILLE,REICHSHOFFEN,BAS-RHIN,7.657962845741934,48.93068997897682
CARIGNAN,CARIGNAN,ARDENNES,5.168335867304816,49.62853047515664
LA-BAULE-ESCOUBLAC,LA-BAULE-ESCOUBLAC,LOIRE-ATLANTIQUE,-2.389259977775439,47.28869813033697
CAUDROT,CAUDROT,GIRONDE,-0.144916843145097,44.5802046553113
SARREGUEMINES,SARREGUEMINES,MOSELLE,7.068669692711919,49.10675765152767
LA-BAULE-LES-PINS,LA-BAULE-ESCOUBLAC,LOIRE-ATLANTIQUE,-2.364822512895838,47.28370632606419
BENESTROFF,BENESTROFF,MOSELLE,6.750621173901005,48.9061919533545
MOUSTERU,BOURBRIAC,COTES-D'ARMOR,-3.242782593047977,48.50779865852206
BATILLY,BATILLY,MEURTHE-ET-MOSELLE,5.971846345350173,49.16633828912713
GEMEAUX,GEMEAUX,COTE-D'OR,5.129734642399783,47.47814146694035
MONTHOIS,MONTHOIS,ARDENNES,4.712480189517033,49.324836500040774
BOLLENE-LA-CROISIERE,BOLLENE,VAUCLUSE,4.708148184793457,44.271542331649364
ETANG,ETANG-SUR-ARROUX,SAONE-ET-LOIRE,4.183713530019221,46.868012419549025
CANNES-LA-BOCCA,CANNES,ALPES-MARITIMES,6.986338060282122,43.54903243108161
PETIT-COURONNE,PETIT-COURONNE,SEINE-MARITIME,1.023478305804816,49.38221419128025
MURET,MURET,HAUTE-GARONNE,1.323643762604224,43.46395527124194
COARRAZE-NAY,COARRAZE,PYRENEES-ATLANTIQUES,-0.241804210231492,43.18171577861642
CHASSERADES,MONT-LOZERE-ET-GOULET,LOZERE,3.839817631340908,44.553902953903226
COUDEKERQUE-BRANCHE,COUDEKERQUE-BRANCHE,NORD,2.375589735739861,51.01696058094301
LES-GRESILLONS,GENNEVILLIERS,HAUTS-DE-SEINE,2.314073814725131,48.92011985084626
BELFORT-MONTBELIARD,MEROUX-MOVAL,TERRITOIRE-DE-BELFORT,6.898445295065638,47.58602332147397
SAINT-SAVIOL,SAINT-SAVIOL,VIENNE,0.217824635463402,46.14701859092328
CALAIS-FRETHUN,FRETHUN,PAS-DE-CALAIS,1.811555402785079,50.9015707880651
LA-POSSONNIERE,LA-POSSONNIERE,MAINE-ET-LOIRE,-0.694419784842231,47.371091352025
WATTIGNIES-TEMPLEMARS,TEMPLEMARS,NORD,3.051235483877137,50.57837888518604
DIEULOUARD,DIEULOUARD,MEURTHE-ET-MOSELLE,6.071541266219483,48.84382867601292
SAINT-PAUL-DE-VARAX,SAINT-PAUL-DE-VARAX,AIN,5.128115701915889,46.1001189819199
LA-PENNE-SUR-HUVEAUNE,LA-PENNE-SUR-HUVEAUNE,BOUCHES-DU-RHONE,5.515553840898035,43.284789141416624
VALLORCINE,VALLORCINE,HAUTE-SAVOIE,6.932883996112776,46.03240057345807
AIXE-SUR-VIENNE,AIXE-SUR-VIENNE,HAUTE-VIENNE,1.145647625204983,45.79649852975975
TOURS,TOURS,INDRE-ET-LOIRE,0.69555679219247,47.38792066135387
PLECHATEL,PLECHATEL,ILLE-ET-VILAINE,-1.776537138243784,47.87205414636025
SAINT-NAZAIRE,SAINT-NAZAIRE,LOIRE-ATLANTIQUE,-2.211324800004774,47.28676363953024
TRIEL-SUR-SEINE,TRIEL-SUR-SEINE,YVELINES,2.006151763273637,48.98092617764641
LAMOTTE-BREUIL,TROSLY-BREUIL,OISE,2.998272517014563,49.405156010797235
COLMAR,COLMAR,HAUT-RHIN,7.349087420944785,48.075310117840175
NOVILLARS,NOVILLARS,DOUBS,6.132814644078752,47.28396223971061
ROEUX,RUX,PAS-DE-CALAIS,2.894663063869079,50.30353095017339
ARTONGES,DHUYS-ET-MORIN-EN-BRIE,AISNE,3.542344028502329,48.92659927853086
LIBERCOURT,LIBERCOURT,PAS-DE-CALAIS,3.008776421585093,50.47955213929722
MONTPELLIER-SAINT-ROCH,MONTPELLIER,HERAULT,3.882757509959065,43.606091075648855
CHEVREMONT,CHEVREMONT,TERRITOIRE-DE-BELFORT,6.921711486962711,47.621693216603305
SORCY,SORCY-SAINT-MARTIN,MEUSE,5.669522404973221,48.71756010209895
VIF,VIF,ISERE,5.684607331796149,45.047842612022485
PAUL-EMILE-VICTOR,CHAMPAGNOLE,JURA,5.919809604655679,46.74261626614565
CHATEL-NOMEXY,NOMEXY,VOSGES,6.387540083828062,48.30712626879246
ODEREN,ODEREN,HAUT-RHIN,6.973583940197528,47.91183401357484
LOOS-LEZ-LILLE,LOOS,NORD,3.016580779523829,50.6127400445533
CHANTONNAY,CHANTONNAY,VENDEE,-1.054574069558356,46.68978994134723
LE-MONASTIER,BOURGS-SUR-COLAGNE,LOZERE,3.25131729499557,44.50637197519356
MONSEMPRON-LIBOS,MONSEMPRON-LIBOS,LOT-ET-GARONNE,0.941246069893637,44.48651614118785
VILLENEUVE-L'ARCHEVEQUE,MOLINONS,YONNE,3.547526386902263,48.2384166747683
ROPPENHEIM,ROPPENHEIM,BAS-RHIN,8.05980690889564,48.849608768501895
MARLY-LE-ROI,MARLY-LE-ROI,YVELINES,2.096708277199224,48.871454152794996
ENTRAINS,ENTRAINS-SUR-NOHAIN,NIEVRE,3.261172544500063,47.46467046023842
VAULRY,VAULRY,HAUTE-VIENNE,1.109087939398972,46.02476599958137
EPONE-MEZIERES,EPONE,YVELINES,1.811201608702701,48.96343643154164
LEZENNES,LILLE,NORD,3.098512492228862,50.62039250895139
BRETEUIL-EMBRANCHEMENT,BACOUEL,OISE,2.384230934090904,49.62668016310979
VALLEIRY,VALLEIRY,HAUTE-SAVOIE,5.967003885403025,46.109426764618924
VEYNES-DEVOLUY,VEYNES,HAUTES-ALPES,5.815941234250181,44.5318792637303
MONTBARTIER,MONTBARTIER,TARN-ET-GARONNE,1.264496752994648,43.924147822140164
NEUVIC,NEUVIC,DORDOGNE,0.445212384622905,45.09983757266865
SAINT-GERMAIN-EN-LAYE-BEL-AIR-FOURQUEUX,SAINT-GERMAIN-EN-LAYE,YVELINES,2.069813164581138,48.894567467109496
SAINT-GERMAIN-EN-LAYE-GRANDE-CEINTURE,SAINT-GERMAIN-EN-LAYE,YVELINES,2.072918440915781,48.90359235418844
CHAGNY,CHAGNY,SAONE-ET-LOIRE,4.748512785967911,46.90691709262189
MASSERET,MASSERET,CORREZE,1.541344325692093,45.536688021118316
SUEVRES,SUEVRES,LOIR-ET-CHER,1.454682135115395,47.680632998722544
DON-SAINGHIN,SAINGHIN-EN-WEPPES,NORD,2.913559057969857,50.551472314779616
GRENOBLE-UNIVERSITE-GIERES,GIERES,ISERE,5.784641753561916,45.184967707601984
ESVRES,ESVRES,INDRE-ET-LOIRE,0.781573759630258,47.28412187786619
LAIGNEVILLE,LAIGNEVILLE,OISE,2.449081109849179,49.29323143422546
STAINS-CERISAIE-TT,STAINS,SEINE-SAINT-DENIS,2.391658086990002,48.95468724360871
LE-MERLERAULT,LE-MERLERAULT,ORNE,0.283314238294342,48.702520171465096
MONTGEROULT-COURCELLES,MONTGEROULT,VAL-D'OISE,2.003781236555363,49.0804673352717
GANDRANGE-AMNEVILLE,AMNEVILLE,MOSELLE,6.135942550081968,49.260879766029134
SAINT-AY,SAINT-AY,LOIRET,1.74976615763334,47.863047055007016
HERMES-BERTHECOURT,BERTHECOURT,OISE,2.241637723071335,49.35440134787764
LA-FONTAINE,WAVRIN,NORD,2.925689632236974,50.56515486976472
ISSOU-PORCHEVILLE,ISSOU,YVELINES,1.785410737905602,48.97925034069754
PLEUDIHEN,PLEUDIHEN-SUR-RANCE,COTES-D'ARMOR,-1.961688851097427,48.4994063433459
LA-CHARTRE-SUR-LE-LOIR,LA-CHARTRE-SUR-LE-LOIR,SARTHE,0.58192907937748,47.740608360158774
SAINT-AVOLD,VALMONT,MOSELLE,6.720845777989539,49.085756972482976
VILLENEUVE-LA-COMTESSE,VILLENEUVE-LA-COMTESSE,CHARENTE-MARITIME,-0.513011750386122,46.09871488224444
BIGNY,VALLENAY,CHER,2.368230050773003,46.80190372174331
METZ-NORD,METZ,MOSELLE,6.166700571300231,49.13697530269247
COLOMIERS-LYCEE-INTERNATIONAL,COLOMIERS,HAUTE-GARONNE,1.314098348719947,43.61645499022699
SAULXURES,COLROY-LA-ROCHE,BAS-RHIN,7.148133697254386,48.389842359968284
FOS-SUR-MER,PORT-DE-BOUC,BOUCHES-DU-RHONE,4.974723323859059,43.42808949860721
WILWISHEIM,WILWISHEIM,BAS-RHIN,7.5076520421221,48.745911662028554
MAZIERES-VERRUYES,VERRUYES,DEUX-SEVRES,-0.307921453314562,46.533030608257725
TERGNIER,TERGNIER,AISNE,3.296711314334675,49.65939608333372
VAUBOYEN,JOUY-EN-JOSAS,ESSONNE,2.191964635404658,48.75926108772385
AGONAC,AGONAC,DORDOGNE,0.748705624293986,45.286590073064275
BERTRICHAMPS,BERTRICHAMPS,MEURTHE-ET-MOSELLE,6.791349301845821,48.42834511108835
RODEZ,RODEZ,AVEYRON,2.580264601812115,44.36265275692083
PAULHAGUET,SALZUIT,HAUTE-LOIRE,3.500321277993668,45.210402946711454
LES-VALLEES,COLOMBES,HAUTS-DE-SEINE,2.254739481701673,48.91375711288276
BROONS,BROONS,COTES-D'ARMOR,-2.23584863546406,48.33337010660816
TOULOUSE-MATABIAU,TOULOUSE,HAUTE-GARONNE,1.454396139877268,43.610699417180236
JOUE-LES-TOURS,JOUE-LES-TOURS,INDRE-ET-LOIRE,0.665780709721447,47.35446873807753
BLANGY-SUR-BRESLE,BLANGY-SUR-BRESLE,SEINE-MARITIME,1.625954206804477,49.93252195847866
CINTEGABELLE,CINTEGABELLE,HAUTE-GARONNE,1.520565037259206,43.305245269871435
COLROY-LUBINE,PROVENCHERES-ET-COLROY,VOSGES,7.131273436179746,48.314561952442055
STE-LIZAIGNE,MIGNY,INDRE,2.031438251825841,47.00644997654508
MASSIAC,MASSIAC,CANTAL,3.196485121914399,45.2537520440839
BARENTIN-EMBRANCHEMENT,BARENTIN,SEINE-MARITIME,0.955077297998753,49.54826901644424
COMINES,COMINES,NORD,3.011150953458492,50.76163800939196
SUCY-BONNEUIL,SUCY-EN-BRIE,VAL-DE-MARNE,2.507810873732934,48.77101864969921
FIGEAC,FIGEAC,LOT,2.03782039069438,44.60378724957991
TACOIGNIERES-RICHEBOURG,TACOIGNIERES,YVELINES,1.668976477416391,48.829383318825045
FARSCHVILLER,FARSCHVILLER,MOSELLE,6.908157436156166,49.08798798160462
SAINT-MAIXENT-L'ECOLE,SAINT-MAIXENT-L'ECOLE,DEUX-SEVRES,-0.201124480577793,46.40649034311194
CAMBO-LES-BAINS,CAMBO-LES-BAINS,PYRENEES-ATLANTIQUES,-1.396682419231188,43.365557931703904
POITIERS,POITIERS,VIENNE,0.332786866293225,46.582364264631224
LA-CHAUSSEE-SAINT-VICTOR,LA-CHAUSSEE-SAINT-VICTOR,LOIR-ET-CHER,1.354420280026798,47.613178498938076
HAYANGE,HAYANGE,MOSELLE,6.073242998073649,49.33057951169595
ISBERGUES,ISBERGUES,PAS-DE-CALAIS,2.463017016054724,50.61399065500684
EINVAUX,EINVAUX,MEURTHE-ET-MOSELLE,6.393118791209494,48.50340331783305
LABEGE-VILLAGE,LABEGE,HAUTE-GARONNE,1.533297950311996,43.53018571636624
RUMINGHEM,RUMINGHEM,PAS-DE-CALAIS,2.159589176929757,50.86134464617019
MACON-VILLE,MACON,SAONE-ET-LOIRE,4.824546353595596,46.302759062194916
PARIS-LA-VILLETTE-HEBERT,PARIS,PARIS,2.370958918896541,48.895205028428535
VENDOME,VENDOME,LOIR-ET-CHER,1.071443262417307,47.80265990529335
AMILLY-OUERRAY,AMILLY,EURE-ET-LOIR,1.389245105382949,48.438300570011556
VILLENOUVELLE,VILLENOUVELLE,HAUTE-GARONNE,1.661154814145699,43.43298489490394
CULMONT-CHALINDREY,CHALINDREY,HAUTE-MARNE,5.445906370699546,47.80846651260561
DUNKERQUE-PORT-OUEST,LOON-PLAGE,NORD,2.199455668667488,51.00386285444905
LES-SAULES,ORLY,VAL-DE-MARNE,2.417557384233158,48.744859739009286
VIGEOIS,VIGEOIS,CORREZE,1.515629408130177,45.38311858914193
ANTIBES,ANTIBES,ALPES-MARITIMES,7.119225384209233,43.585886664132175
MOUZON,MOUZON,ARDENNES,5.069089194462988,49.60408051933817
LES-EYZIES,LES-EYZIES,DORDOGNE,1.008250410889942,44.941132296051244
PARIS-NORD-SURFACE,PARIS,PARIS,2.356160022572003,48.88164194198079
MOUCHARD,MOUCHARD,JURA,5.800839231869734,46.9766808890851
WALHEIM,WALHEIM,HAUT-RHIN,7.263237578588667,47.64224629755549
LA-ROCHELLE-PORTE-DAUPHINE,LA-ROCHELLE,CHARENTE-MARITIME,-1.151998553462912,46.16751331576801
LES-SABLES-BLANCS,PLOUHARNEL,MORBIHAN,-3.132440125682071,47.575228956476536
SAINT-MARCELLIN,SAINT-MARCELLIN,ISERE,5.323719250144489,45.15080169096363
MAGALAS,MAGALAS,HERAULT,3.229498809992506,43.46767292795649
NEMOURS-SAINT-PIERRE,SAINT-PIERRE-LES-NEMOURS,SEINE-ET-MARNE,2.685589778050997,48.26782830861583
LES-DEUX-JUMEAUX,HENDAYE,PYRENEES-ATLANTIQUES,-1.764324138788818,43.36997529676284
BESANCON-VIOTTE,BESANCON,DOUBS,6.021802404892518,47.24733508300953
HAGUENAU,HAGUENAU,BAS-RHIN,7.782988818634522,48.81001209128774
BRETIGNY,BRETIGNY-SUR-ORGE,ESSONNE,2.301424948919999,48.60524828991471
CHISSAY-EN-TOURAINE,CHISSAY-EN-TOURAINE,LOIR-ET-CHER,1.133683878470545,47.33495546093258
SAINT-VIT,SAINT-VIT,DOUBS,5.808992872887933,47.18364756351096
PONTANEVAUX,LA-CHAPELLE-DE-GUINCHAY,SAONE-ET-LOIRE,4.772710941085322,46.213072656757255
VITRE,VITRE,ILLE-ET-VILAINE,-1.212365535123974,48.12252933513193
SAINT-ETIENNE-CHATEAUCREUX,SAINT-ETIENNE,LOIRE,4.399559786053118,45.44356445940451
CEINTREY,CEINTREY,MEURTHE-ET-MOSELLE,6.15726971622567,48.52467504061759
BOULAINVILLIERS,PARIS,PARIS,2.275219889953156,48.85644696971221
LANGON,LANGON,GIRONDE,-0.255643986763476,44.55546709832231
SAINT-ANDRE-DE-CUBZAC,SAINT-ANDRE-DE-CUBZAC,GIRONDE,-0.439993851853121,44.99099671694959
BREIL-SUR-ROYA,BREIL-SUR-ROYA,ALPES-MARITIMES,7.516574264591072,43.944432082643296
AUREC,AUREC-SUR-LOIRE,HAUTE-LOIRE,4.198273773642066,45.37091345410092
THIVIERS,THIVIERS,DORDOGNE,0.921287324289545,45.4189745726381
CHALAIS,CHALAIS,CHARENTE,0.043488906033772,45.2707652420483
BEARD,BEARD,NIEVRE,3.318262991726657,46.864610794532375
LA-PAULINE-HYERES,LA-GARDE,VAR,6.035507873654393,43.1367969444849
GARGENVILLE,GARGENVILLE,YVELINES,1.809192458890066,48.983008233963474
LES-LONGEVILLES-ROCHEJEAN,LONGEVILLES-MONT-D'OR,DOUBS,6.3047205341543,46.75254835088413
RIS-ORANGIS,RIS-ORANGIS,ESSONNE,2.414413081977818,48.65929001087892
TOURS,TOURS,INDRE-ET-LOIRE,0.694722170814589,47.38823086739208
PORTET-SAINT-SIMON,PORTET-SUR-GARONNE,HAUTE-GARONNE,1.388302240403363,43.527038177787155
SCEAUX-BOESSE,BOESSE-LE-SEC,SARTHE,0.572453197132248,48.12233132668593
CASTILLON,CASTILLON-LA-BATAILLE,GIRONDE,-0.0406870393383,44.85701248338341
BENESSE-MAREMNE,BENESSE-MAREMNE,LANDES,-1.370038800125464,43.6275994871714
LAGUEPIE,LAGUEPIE,TARN-ET-GARONNE,1.969397070055426,44.14547934822895
LE-BOURGET,LE-BOURGET,SEINE-SAINT-DENIS,2.426674011457214,48.93079100023168
PONT-DU-CASSE,PONT-DU-CASSE,LOT-ET-GARONNE,0.675933092816244,44.232824610550935
LA-ROCHELLE-VILLE,LA-ROCHELLE,CHARENTE-MARITIME,-1.140831956307869,46.15542617140306
CHATEAU-GONTIER,CHATEAU-GONTIER-SUR-MAYENNE,MAYENNE,-0.694956000266161,47.831333007506274
SALEUX,SALEUX,SOMME,2.226835968274724,49.862626503215616
UGINE,UGINE,SAVOIE,6.417985349481818,45.74605775561713
MACON-LOCHE,MACON,SAONE-ET-LOIRE,4.778443228894927,46.282781818897995
GLOS-MONTFORT,GLOS-SUR-RISLE,EURE,0.682934904868006,49.2712928023603
GONDRECOURT-LE-CHATEAU,GONDRECOURT-LE-CHATEAU,MEUSE,5.506702611798412,48.509128082164345
LA-BONNEVILLE-SUR-ITON,LA-BONNEVILLE-SUR-ITON,EURE,1.034525909285541,48.98790860182572
MERXHEIM,MERXHEIM,HAUT-RHIN,7.302495832459835,47.91324032060495
VAL-DE-FONTENAY,FONTENAY-SOUS-BOIS,VAL-DE-MARNE,2.489234573016151,48.85407784987592
PORT-D'ATELIER-AMANCE,FAVERNEY,HAUTE-SAONE,6.040162133896285,47.76242947100242
EBBLINGHEM,EBBLINGHEM,NORD,2.408935768702627,50.73066603559644
GISORS,GISORS,EURE,1.784937543349357,49.28530052933062
CESSON,CESSON,SEINE-ET-MARNE,2.593661997326091,48.56716702851207
BENESTROFF,BENESTROFF,MOSELLE,6.752318933343904,48.90675626952774
FRONTIGNAN,FRONTIGNAN,HERAULT,3.75895970261544,43.444883389821115
LAIGNES,LAIGNES,COTE-D'OR,4.364235018092948,47.85017033050934
THIONVILLE,THIONVILLE,MOSELLE,6.169815044691961,49.35372508468278
LE-VERDON,LE-VERDON-SUR-MER,GIRONDE,-1.064886696751186,45.54924765751001
HENNEBONT,HENNEBONT,MORBIHAN,-3.285620464546827,47.7990553530428
LES-EGLISOTTES,LES-EGLISOTTES-ET-CHALAURES,GIRONDE,-0.043610175700566,45.09428905796061
MONTSURS,BREE,MAYENNE,-0.551311716419074,48.14128715232236
RANCHOT,RANCHOT,JURA,5.72474680949729,47.152656043661864
MORMANT,MORMANT,SEINE-ET-MARNE,2.889119774346101,48.61361367341845
BRUYERES-SUR-OISE,BRUYERES-SUR-OISE,VAL-D'OISE,2.326423206078788,49.15515715751033
SEURRE,SEURRE,COTE-D'OR,5.151257335475762,46.99638971386293
SAINT-JEAN-DE-LOSNE,SAINT-USAGE,COTE-D'OR,5.243890477205029,47.099933026552215
LIESLE,LIESLE,DOUBS,5.820793126524009,47.058685233493165
BEDARIEUX,BEDARIEUX,HERAULT,3.147606955268796,43.605074083118474
TASSIN,TASSIN-LA-DEMI-LUNE,RHONE,4.758652724434787,45.761757577392295
LAGNIEU,LAGNIEU,AIN,5.349728421132768,45.90752231744008
MONTREUIL-SUR-ILLE,MONTREUIL-SUR-ILLE,ILLE-ET-VILAINE,-1.674339055361978,48.30717693651349
SABLE-SUR-SARTHE,SABLE-SUR-SARTHE,SARTHE,-0.342065559620856,47.84190816391401
ROGNAC,ROGNAC,BOUCHES-DU-RHONE,5.23087189079124,43.486677883901315
PAMIERS,PAMIERS,ARIEGE,1.619598176044641,43.116113187989036
SAINT-PATERNE,SAINT-PATERNE-RACAN,INDRE-ET-LOIRE,0.478341244635406,47.60415206613253
BEUVRAGES,BEUVRAGES,NORD,3.505607038499412,50.39101629880019
CLICHY-LEVALLOIS,CLICHY,HAUTS-DE-SEINE,2.297881259351661,48.89785607538981
MAISONS-ALFORT-ALFORTVILLE,MAISONS-ALFORT,VAL-DE-MARNE,2.426834358754884,48.80170287114752
MAISON-ROUGE-EN-BRIE,LIZINES,SEINE-ET-MARNE,3.147130326159849,48.53625529025413
DOMBASLE-SUR-MEURTHE,DOMBASLE-SUR-MEURTHE,MEURTHE-ET-MOSELLE,6.343539333973268,48.62320527996611
TOURNEMIRE-ROQUEFORT,TOURNEMIRE,AVEYRON,3.016591363237482,43.96998189614436
AIX-EN-PROVENCE-MARCHANDISES,AIX-EN-PROVENCE,BOUCHES-DU-RHONE,5.361302330941023,43.498323240113415
LIGNY,LIGNY-EN-BARROIS,MEUSE,5.320682798507518,48.686085862218626
LEFFRINCKOUCKE,LEFFRINCKOUCKE,NORD,2.433490085367363,51.05091363646737
BERTHELMING,BERTHELMING,MOSELLE,7.008897902733395,48.80931722521653
MEURSAULT,MEURSAULT,COTE-D'OR,4.795351885797311,46.968865014056945
MAGNY-BLANDAINVILLE,MAGNY,EURE-ET-LOIR,1.281079614171305,48.334279421227514
ETAPLES-LE-TOUQUET,ETAPLES,PAS-DE-CALAIS,1.642588771636091,50.51697198320477
RIVARENNES,RIVARENNES,INDRE-ET-LOIRE,0.360658187062776,47.267236325416576
PONT-DE-SALLAUMINES,SALLAUMINES,PAS-DE-CALAIS,2.864177038166501,50.41574309668517
LABEGE-INNOPOLE,LABEGE,HAUTE-GARONNE,1.512573671240107,43.547730415211404
VENDOME-VILLIERS-SUR-LOIR,VILLIERS-SUR-LOIR,LOIR-ET-CHER,1.01499350380989,47.8094576231871
VOUTRE,VOUTRE,MAYENNE,-0.292314504058485,48.134028595921606
AY,A-CHAMPAGNE,MARNE,4.001620866305724,49.04868676712236
LES-VERSANNES,LA-DOUZE,DORDOGNE,0.857744316552332,45.088430472860836
ANGERS-MAITRE-ECOLE,ANGERS,MAINE-ET-LOIRE,-0.532418764467815,47.46692553564868
SEDAN,SEDAN,ARDENNES,4.930282526719133,49.69486281823431
BESSE-SUR-BRAYE,BESSE-SUR-BRAYE,SARTHE,0.747761154517789,47.83021701314955
THANN,THANN,HAUT-RHIN,7.106968882212065,47.80905151571365
MERIGNAC-ARLAC,MERIGNAC,GIRONDE,-0.626243316829926,44.826770832877074
L'ISLE-SUR-LE-DOUBS,L'ISLE-SUR-LE-DOUBS,DOUBS,6.581524974372321,47.44734011036897
COLAYRAC,COLAYRAC-SAINT-CIRQ,LOT-ET-GARONNE,0.558789263399675,44.22775354561452
LES-ARCS-DRAGUIGNAN,LES-ARCS,VAR,6.482541727033355,43.45561262532446
SAINT-SEBASTIEN,SAINT-SEBASTIEN,CREUSE,1.548278225934694,46.388246763542384
MALAUNAY-LE-HOULME,LE-HOULME,SEINE-MARITIME,1.033729594370428,49.52256549806926
BRY-SUR-MARNE,BRY-SUR-MARNE,VAL-DE-MARNE,2.524248552217098,48.83780138207766
SAINT-GERMAIN-SUR-ILLE,SAINT-GERMAIN-SUR-ILLE,ILLE-ET-VILAINE,-1.660059294471417,48.24256859137305
VITRY-LA-VILLE,VITRY-LA-VILLE,MARNE,4.461716791989595,48.8440170170558
LISON,MOON-SUR-ELLE,CALVADOS,-1.0501862750213,49.22701298358082
CERGY-LE-HAUT,CERGY,VAL-D'OISE,2.011539282920865,49.048134659088774
STAFFELFELDEN,STAFFELFELDEN,HAUT-RHIN,7.26515361133822,47.82755411576721
MAUBEUGE,MAUBEUGE,NORD,3.968453442795782,50.27249283717977
PORT-BOULET,CHOUZE-SUR-LOIRE,INDRE-ET-LOIRE,0.155650519136053,47.24866027519581
LE-TRAYAS,SAINT-RAPHAEL,VAR,6.924036759494683,43.47445368370357
CHARTRETTES,CHARTRETTES,SEINE-ET-MARNE,2.695108853978984,48.48703643573107
ILE-NAPOLEON,ILLZACH,HAUT-RHIN,7.390780767133801,47.767690454705196
PERENCHIES,PERENCHIES,NORD,2.977418855079393,50.66718561640918
AUBIE-SAINT-ANTOINE,VAL-DE-VIRVEE,GIRONDE,-0.419620774340235,45.01538876082482
BALBIGNY,BALBIGNY,LOIRE,4.187530677533176,45.81778663766585
GIGNAC-CRESSENSAC,GIGNAC,LOT,1.483080344936857,45.01449451742535
ELNE,ELNE,PYRENEES-ORIENTALES,2.963483050586113,42.59719348914475
WAMBRECHIES,WAMBRECHIES,NORD,3.040106535159674,50.681308286743814
KALHAUSEN,KALHAUSEN,MOSELLE,7.125250149621927,49.03531146944553
NEUILLY-SAINT-FRONT,VICHEL-NANTEUIL,AISNE,3.270686744679686,49.187223732361474
SAINT-JEAN-PIED-DE-PORT,SAINT-JEAN-PIED-DE-PORT,PYRENEES-ATLANTIQUES,-1.238621645776675,43.168113297949574
VAL-DE-VESLE,VAL-DE-VESLE,MARNE,4.222153557570627,49.17809390171898
MARQUETTE,MARQUETTE-LEZ-LILLE,NORD,3.05084776305226,50.67247143779372
DOMPIERRE-SUR-MER,DOMPIERRE-SUR-MER,CHARENTE-MARITIME,-1.067185077641479,46.17485152655725
LUC,LUC,ARDECHE,3.891547451608411,44.654034043533834
LA-TRINITE-VICTOR,LA-TRINITE,ALPES-MARITIMES,7.31173826394573,43.74291187963876
SAINT-ANDRE,SAINT-ANDRE-LEZ-LILLE,NORD,3.048639591167611,50.65479497401948
VIELMUR-SUR-AGOUT,VIELMUR-SUR-AGOUT,TARN,2.08941722458486,43.624100475948126
LA-BARQUE-FUVEAU,FUVEAU,BOUCHES-DU-RHONE,5.547298057244098,43.47038489709755
PAREMPUYRE,PAREMPUYRE,GIRONDE,-0.619531453121091,44.94382425007321
MARTIGNY-LES-BAINS,MARTIGNY-LES-BAINS,VOSGES,5.825630946068861,48.1088363858215
TREGONNEAU-SQUIFFIEC,SQUIFFIEC,COTES-D'ARMOR,-3.174115158259879,48.62457604530626
LANDRECIES,LANDRECIES,NORD,3.681868598650192,50.128168519781205
LOTHIERS,TENDU,INDRE,1.564857886759299,46.69743782878176
MALAIN,MALAIN,COTE-D'OR,4.810198663070654,47.32711922701801
MONTMELIAN,MONTMELIAN,SAVOIE,6.04343520180189,45.50332551066909
THIEUX-NANTOUILLET,NANTOUILLET,SEINE-ET-MARNE,2.680668302246748,49.008601813438645
CERCY-LA-TOUR,CERCY-LA-TOUR,NIEVRE,3.644989401494037,46.85770672239209
TAMNAY-CHATILLON,TAMNAY-EN-BAZOIS,NIEVRE,3.723485122763925,47.05298837465489
SAVENAY,SAVENAY,LOIRE-ATLANTIQUE,-1.955747890137427,47.36010266399474
OERMINGEN,OERMINGEN,BAS-RHIN,7.131867894670417,49.00041856696065
LOURDES,LOURDES,HAUTES-PYRENEES,-0.041994186851452,43.1005627762626
SERVOZ,LES-HOUCHES,HAUTE-SAVOIE,6.763552573808509,45.924489412289056
LA-TOUR-DE-SALVAGNY,LA-TOUR-DE-SALVAGNY,RHONE,4.716784277849419,45.79970236776525
MIREBEAU-SUR-BEZE,MIREBEAU-SUR-BEZE,COTE-D'OR,5.320745967358132,47.405055747454846
MARTIGNE-FERCHAUD,MARTIGNE-FERCHAUD,ILLE-ET-VILAINE,-1.313464368264538,47.83198913178169
FLEURVILLE-PONT-DE-VAUX,FLEURVILLE,SAONE-ET-LOIRE,4.884080577669784,46.450956968357005
BESSAY,BESSAY-SUR-ALLIER,ALLIER,3.360749085595611,46.443614078790304
LECHELLE-(SEINE-ET-MARNE),LECHELLE,SEINE-ET-MARNE,3.38309998559319,48.57953080812031
URCAY,LA-PERCHE,CHER,2.586629516903347,46.62997636990084
LE-PLESSIS-BELLEVILLE,LE-PLESSIS-BELLEVILLE,OISE,2.744696378860963,49.09594984152633
PLOUNERIN,PLOUNERIN,COTES-D'ARMOR,-3.56915921757564,48.58130509723133
ALOUETTE-FRANCE,PESSAC,GIRONDE,-0.659796860254482,44.79332480156727
BOUTHEON,ANDREZIEUX-BOUTHEON,LOIRE,4.277763826148874,45.52463968497984
PUYBRUN,PUYBRUN,LOT,1.784262657300073,44.921716616837
GERARD,MONTREUIL-SOUS-PEROUSE,ILLE-ET-VILAINE,-1.247911126925625,48.142982945076966
TROYES,TROYES,AUBE,4.064917895591246,48.29576700034289
TOURCOING,TOURCOING,NORD,3.168343953703257,50.71667041877195
ARGENTEUIL-GC,ARGENTEUIL,VAL-D'OISE,2.258358162393432,48.948733563610475
GRAVENCHON-PORT-JEROME,PORT-JEROME-SUR-SEINE,SEINE-MARITIME,0.558862052720366,49.483980893277966
NUISEMENT,NUISEMENT-SUR-COOLE,MARNE,4.309546835033817,48.879904067304025
BREBIERES-SUD,BREBIERES,PAS-DE-CALAIS,3.01371475780044,50.336298399884804
ORGON,ORGON,BOUCHES-DU-RHONE,5.045608936052143,43.785728417650475
ASNIERES-SUR-SEINE,ASNIERES-SUR-SEINE,HAUTS-DE-SEINE,2.284368840588698,48.905631851894405
RUNGIS-LA-FRATERNELLE,RUNGIS,VAL-DE-MARNE,2.352899162059443,48.740439993955135
RETHEL,RETHEL,ARDENNES,4.370261280952036,49.50463379393168
ARROU,COMMUNE-NOUVELLE-D'ARROU,EURE-ET-LOIR,1.128644199449027,48.099909512369685
OZOIR-LA-FERRIERE,OZOIR-LA-FERRIERE,SEINE-ET-MARNE,2.69037988331879,48.770613142466054
VILLEFRANCHE-DE-ROUERGUE,VILLEFRANCHE-DE-ROUERGUE,AVEYRON,2.037141060417348,44.34765567400817
AGAY,SAINT-RAPHAEL,VAR,6.856677171132541,43.43173425214465
SAINT-JULIEN-ECUISSES,SAINT-JULIEN-SUR-DHEUNE,SAONE-ET-LOIRE,4.527957614159425,46.76928032662014
VILLEPARISIS,MITRY-MORY,SEINE-ET-MARNE,2.60284772676128,48.953093201420536
FOURCHAMBAULT,FOURCHAMBAULT,NIEVRE,3.087354290727787,47.01894369811664
OGEU-LES-BAINS,OGEU-LES-BAINS,PYRENEES-ATLANTIQUES,-0.507444616092045,43.15387465751689
MERENVIELLE,MERENVIELLE,HAUTE-GARONNE,1.15064117004484,43.63658276888126
SAINT-BONNET-DE-ROCHEFORT,SAINT-BONNET-DE-ROCHEFORT,ALLIER,3.139628459846439,46.148424266054526
SAINT-JUERY,SAINT-JUERY,TARN,2.203338211429495,43.94293971296417
L'ISLE-JOURDAIN,L'ISLE-JOURDAIN,GERS,1.089858772280073,43.61726804056734
CRANCEY,CRANCEY,AUBE,3.640209029255444,48.5151826237997
SAINT-PIERRE-DES-CORPS,SAINT-PIERRE-DES-CORPS,INDRE-ET-LOIRE,0.725081914342086,47.385843594997674
ROMILLY-LA-PUTHENAYE,ROMILLY-LA-PUTHENAYE,EURE,0.855438127775816,49.003580561735056
PLAINTEL,PLAINTEL,COTES-D'ARMOR,-2.822172581902144,48.4353419705687
BONNEVILLE,BONNEVILLE,HAUTE-SAVOIE,6.416534807530288,46.07750965493744
ROMORANTIN-(VOIE-ETROITE),ROMORANTIN-LANTHENAY,LOIR-ET-CHER,1.739118199598165,47.356248315198506
AZAY-LE-RIDEAU,AZAY-LE-RIDEAU,INDRE-ET-LOIRE,0.446881290568988,47.26528551119567
SAINT-VALERY-EN-CAUX,SAINT-VALERY-EN-CAUX,SEINE-MARITIME,0.713109260451779,49.861065495885484
SEZANNE,SEZANNE,MARNE,3.728941933120902,48.71472822172354
CORPS-NUDS,CORPS-NUDS,ILLE-ET-VILAINE,-1.575345244729686,47.985160008403604
ENTZHEIM,ENTZHEIM,BAS-RHIN,7.629368989794591,48.54717742005756
MARIENTHAL,HAGUENAU,BAS-RHIN,7.823622604829137,48.78184110784927
SAINT-JUST-EN-CHAUSSEE,SAINT-JUST-EN-CHAUSSEE,OISE,2.429367476921711,49.50398096175272
LA-FERTE-MILON,LA-FERTE-MILON,AISNE,3.120822729407744,49.17960194716914
KURTZENHOUSE,KURTZENHOUSE,BAS-RHIN,7.813360095310275,48.74188803934608
HENDAYE,HENDAYE,PYRENEES-ATLANTIQUES,-1.782112120122545,43.35333854323205
VITRY-EN-ARTOIS,VITRY-EN-ARTOIS,PAS-DE-CALAIS,2.980608151219586,50.32717009237724
CHAGNY,CHAGNY,SAONE-ET-LOIRE,4.74932439966091,46.90724940081049
VILLEFRANCHE-SUR-SAONE,VILLEFRANCHE-SUR-SAONE,RHONE,4.721077121771563,45.984560816448536
AUBIGNY-EN-ARTOIS,AUBIGNY-EN-ARTOIS,PAS-DE-CALAIS,2.592783571516057,50.353076781809
CEILHES-ROQUEREDONDE,ROQUEREDONDE,HERAULT,3.15516344807667,43.81213917030679
TOUL,TOUL,MEURTHE-ET-MOSELLE,5.879449805958919,48.67904989655333
BOISSISE-LE-ROI,BOISSISE-LE-ROI,SEINE-ET-MARNE,2.573449862828317,48.529165394139035
DIJON-VILLE,DIJON,COTE-D'OR,5.031081954810282,47.32036903434148
CHALON-SUR-SAONE,CHALON-SUR-SAONE,SAONE-ET-LOIRE,4.842615253494189,46.781625751008704
LE-PALLET,LE-PALLET,LOIRE-ATLANTIQUE,-1.34663667047017,47.14381560186661
PONT-SAINT-VINCENT,PONT-SAINT-VINCENT,MEURTHE-ET-MOSELLE,6.103442518555855,48.60210347594136
CHARTRES,CHARTRES,EURE-ET-LOIR,1.481429053718457,48.44866971474912
PAU,PAU,PYRENEES-ATLANTIQUES,-0.369693311594972,43.29149855092316
RIEDSELTZ,RIEDSELTZ,BAS-RHIN,7.963036748076364,48.99065848071727
BELLEVUE,MEUDON,HAUTS-DE-SEINE,2.229850778453927,48.81884317835575
HARFLEUR-HALTE,HARFLEUR,SEINE-MARITIME,0.192179896657217,49.506017924929225
SOISSONS,SOISSONS,AISNE,3.338363138513456,49.36900007909761
SARRANCE,SARRANCE,PYRENEES-ATLANTIQUES,-0.59972480459168,43.049721862419595
LA-CHAPELLE-SAINT-MESMIN,LA-CHAPELLE-SAINT-MESMIN,LOIRET,1.827004302449144,47.89298892341226
DREFFEAC,DREFFEAC,LOIRE-ATLANTIQUE,-2.049996132974796,47.482266599289616
LESSEUX-FRAPELLE,LUSSE,VOSGES,7.076664764145708,48.289680290668905
PLEINE-FOUGERES,PLEINE-FOUGERES,ILLE-ET-VILAINE,-1.565841005726765,48.52990705222532
ANDREZIEUX,ANDREZIEUX-BOUTHEON,LOIRE,4.25525189630413,45.52162717496561
MARTIGUES,MARTIGUES,BOUCHES-DU-RHONE,5.02522463022426,43.390181802230906
JOUY,JOUY,EURE-ET-LOIR,1.557659496625176,48.510039297028165
LA-HUTTE-COULOMBIERS,FRESNAY-SUR-SARTHE,SARTHE,0.105746050461879,48.303313054442256
VIROFLAY-RIVE-GAUCHE,VIROFLAY,YVELINES,2.171099585781007,48.800704672801125
LINGOLSHEIM,LINGOLSHEIM,BAS-RHIN,7.678357318550331,48.5593871311156
MOISSAC,MOISSAC,TARN-ET-GARONNE,1.07737529967365,44.10240929719547
LYON-PERRACHE,LYON,RHONE,4.823194036939477,45.748088539684176
KER-LANN,BRUZ,ILLE-ET-VILAINE,-1.739311919121085,48.04337224304871
CLICHY-LEVALLOIS,LEVALLOIS-PERRET,HAUTS-DE-SEINE,2.297183137676989,48.897409403828675
NEUILLY-PORTE-MAILLOT,PARIS,PARIS,2.284261968692842,48.877868461552744
LAQUEUILLE,SAINT-JULIEN-PUY-LAVEZE,PUY-DE-DOME,2.704853505428261,45.647048413768054
LES-CLAIRIERES-DE-VERNEUIL,VERNEUIL-SUR-SEINE,YVELINES,1.960422644992241,48.99124033138956
VILLEFRANCHE-VERNET-LES-BAINS,FUILLA,PYRENEES-ORIENTALES,2.370030271671593,42.5914581884127
LAROCHE-MIGENNES,MIGENNES,YONNE,3.512940320803722,47.960840272699876
COUZON-(LOIRE),RIVE-DE-GIER,LOIRE,4.625028416435135,45.52946911955926
LE-POUZIN,LE-POUZIN,ARDECHE,4.750066436271399,44.751864561116314
REIGNAC,REIGNAC-SUR-INDRE,INDRE-ET-LOIRE,0.901297777319716,47.21779355348433
SARREGUEMINES,SARREGUEMINES,MOSELLE,7.068669692711919,49.10675765152767
LE-MUY,LE-MUY,VAR,6.57342574458219,43.47030445389205
VITRY-LE-FRANCOIS,VITRY-LE-FRANCOIS,MARNE,4.587514744819615,48.71778308956657
NEUFCHATEL-HARDELOT,NEUFCHATEL-HARDELOT,PAS-DE-CALAIS,1.642795635812644,50.623354305083154
AVORD,AVORD,CHER,2.652550531080733,47.034813485693334
SEES,SEES,ORNE,0.166272036082694,48.59990963412721
MARTIGUES,MARTIGUES,BOUCHES-DU-RHONE,5.02562822239543,43.39286443288294
LE-DRAMONT,SAINT-RAPHAEL,VAR,6.844352796069477,43.4177739619383
ROUBAIX-WATTRELOS,ROUBAIX,NORD,3.203933202349686,50.69059866394671
OURSCAMPS,PIMPREZ,OISE,2.953860661788621,49.53410484180841
LUTTERBACH-(HAUT-RHIN),LUTTERBACH,HAUT-RHIN,7.276899767921069,47.758199805270245
ZETTING,ZETTING,MOSELLE,7.13424471710727,49.07821684068329
METZERVISSE,METZERVISSE,MOSELLE,6.283707555699446,49.31802563972744
BUCHERES-VERRIERES,BUCHERES,AUBE,4.132615641779364,48.23172693249482
LE-PUY-EN-VELAY,LE-PUY-EN-VELAY,HAUTE-LOIRE,3.894211678987385,45.04371964956138
MONTARGIS,MONTARGIS,LOIRET,2.743101065487438,48.00692235348153
SAINT-MALO,SAINT-MALO,ILLE-ET-VILAINE,-2.004051313466777,48.6465302973296
LAPRADELLE,PUILAURENS,AUDE,2.313008818752499,42.81070782254279
LABERGEMENT-STE-MARIE,LABERGEMENT-SAINTE-MARIE,DOUBS,6.280391546709864,46.77645136860339
BOUSSAY-LA-BRUFFIERE,BOUSSAY,LOIRE-ATLANTIQUE,-1.18280159699083,47.05058005563971
LA-FERTE-SAINT-AUBIN,LA-FERTE-SAINT-AUBIN,LOIRET,1.931818657978464,47.7221918208981
ARMENTIERES,ARMENTIERES,NORD,2.877540344655497,50.6805773722647
COCHEREN,COCHEREN,MOSELLE,6.855131259270401,49.15234308711126
BISCHWILLER,BISCHWILLER,BAS-RHIN,7.851355674808228,48.765575390214615
POLIGNY,POLIGNY,JURA,5.699030876701165,46.84340300087306
ORANGIS-BOIS-DE-L'EPINE,RIS-ORANGIS,ESSONNE,2.409758980034193,48.636334977979025
CARPENTRAS,CARPENTRAS,VAUCLUSE,5.043626074852461,44.050358759227
LOULAY,LOULAY,CHARENTE-MARITIME,-0.501680469534236,46.04344123732778
BASSENS-APPONTEMENTS,BASSENS,GIRONDE,-0.522540969834772,44.89985586639312
COURVILLE-SUR-EURE,COURVILLE-SUR-EURE,EURE-ET-LOIR,1.234883400233006,48.451589637236474
DEVECEY,DEVECEY,DOUBS,6.00540935531408,47.325510275285886
OLONNE-SUR-MER,LES-SABLES-D'OLONNE,VENDEE,-1.766252846616104,46.549220388406184
ROISSY-AEROPORT-CHARLES-DE-GAULLE-2-(RER),LE-MESNIL-AMELOT,SEINE-ET-MARNE,2.570035507097067,49.0085079715308
PONTIVY,PONTIVY,MORBIHAN,-2.965775460249527,48.0615601977653
CIVRAY-VILLE,CIVRAY,VIENNE,0.288804138443457,46.150398475374224
CHEMILLE,CHEMILLE-EN-ANJOU,MAINE-ET-LOIRE,-0.732113596517094,47.21783114153416
NEGRONDES,NEGRONDES,DORDOGNE,0.861241304907747,45.3458918137541
CHAULNES,CHAULNES,SOMME,2.801276003022905,49.80733764126496
ALBENS,ENTRELACS,SAVOIE,5.948601658434074,45.7859312754352
SOMAIN,SOMAIN,NORD,3.278972591936239,50.35550661170308
AUVERS-SUR-OISE,AUVERS-SUR-OISE,VAL-D'OISE,2.176811926003305,49.071008184141796
PONT-DE-BEAUVOISIN,LE-PONT-DE-BEAUVOISIN,ISERE,5.68069980711602,45.52445093925393
NOZIERES-BRIGNON,BOUCOIRAN-ET-NOZIERES,GARD,4.207422079941034,43.97586984572289
APACH,APACH,MOSELLE,6.372132150675619,49.45892731564016
MILLAU,MILLAU,AVEYRON,3.07437667979391,44.102428225009724
REVEL-SOREZE,REVEL,HAUTE-GARONNE,1.999838930387912,43.46287500050831
MONTIGNY-BEAUCHAMP,MONTIGNY-LES-CORMEILLES,VAL-D'OISE,2.197940799961354,49.007331978947846
DONZERE,DONZERE,DROME,4.704596402183965,44.44315434179784
LIMEYRAT,LIMEYRAT,DORDOGNE,0.977756121929915,45.15624949745528
VILLIERS-LE-SEC,VILLIERS-LE-SEC,HAUTE-MARNE,5.068818023832247,48.11209047560394
LURE,LURE,HAUTE-SAONE,6.492747931963799,47.68296315032065
NICE-RIQUIER,NICE,ALPES-MARITIMES,7.290584478472749,43.70579078823896
CHORGES,CHORGES,HAUTES-ALPES,6.271773650688589,44.545727228563074
SAINT-GERMAIN-SUR-MEUSE,SAINT-GERMAIN-SUR-MEUSE,MEUSE,5.700663797466287,48.65169809135989
LE-SOLER,LE-SOLER,PYRENEES-ORIENTALES,2.787602438694243,42.678079975389345
AILLEVILLERS,CORBENAY,HAUTE-SAONE,6.332017441299205,47.9090377293298
BEAUREPAIRE,BEAUREPAIRE,ISERE,5.057613050360597,45.330627288652366
ARLEUX,ARLEUX,NORD,3.120835121863483,50.286342873500935
VILLEREVERSURE,VILLEREVERSURE,AIN,5.398158290281325,46.19451666097462
AIME-LA-PLAGNE,AIME-LA-PLAGNE,SAVOIE,6.648695374200575,45.55439650743767
JOIGNY,JOIGNY,YONNE,3.391311397077373,47.973404150236945
LA-COURNEUVE-AUBERVILLIERS,LA-COURNEUVE,SEINE-SAINT-DENIS,2.38542905782746,48.92407748253208
SAINT-DIZIER,SAINT-DIZIER,HAUTE-MARNE,4.946931424939272,48.642857708823314
ECOUCHE,ECOUCHE-LES-VALLEES,ORNE,-0.120968826114701,48.71483763705532
MASSY,PALAISEAU,ESSONNE,2.25484995064226,48.71788509621877
ROESCHWOOG,RSCHWOOG,BAS-RHIN,8.029855501245246,48.83365122600304
CHATEAUBOURG,CHATEAUBOURG,ILLE-ET-VILAINE,-1.405157184612477,48.10629591057404
PONT-DE-L'ARCHE,ALIZAY,EURE,1.160520476710591,49.317005770094745
VERNON-GIVERNY,VERNON,EURE,1.478464031558935,49.09116847125959
LIGUGE,LIGUGE,VIENNE,0.333286773502638,46.52034725301647
PERNES-CAMBLAIN,CAMBLAIN-CHATELAIN,PAS-DE-CALAIS,2.427273177447132,50.4796840669996
JANZE,JANZE,ILLE-ET-VILAINE,-1.49783796227674,47.955335981987055
SAINT-VICTURNIEN,SAINT-VICTURNIEN,HAUTE-VIENNE,1.00979345253792,45.876681187371034
SUCY-BONNEUIL,SUCY-EN-BRIE,VAL-DE-MARNE,2.507696420806658,48.77161453220065
EXIDEUIL-SUR-VIENNE,EXIDEUIL-SUR-VIENNE,CHARENTE,0.666930586888983,45.88624989508712
QUESNOY-SUR-DEULE,QUESNOY-SUR-DEULE,NORD,2.995258592137319,50.70816916894114
BEILLANT,SAINT-SEVER-DE-SAINTONGE,CHARENTE-MARITIME,-0.526885316803244,45.70101714290073
DOURDAN,DOURDAN,ESSONNE,2.009826148353142,48.533576917580454
BANNALEC,BANNALEC,FINISTERE,-3.70666802897235,47.92678811796578
MACHECOUL,MACHECOUL-SAINT-MEME,LOIRE-ATLANTIQUE,-1.822727898158274,46.990518248236164
LAMURE-SUR-AZERGUES,LAMURE-SUR-AZERGUES,RHONE,4.492313405103372,46.061052469157644
PLAISIR-GRIGNON,PLAISIR,YVELINES,1.941465946324533,48.832128140387084
GUERARD-LA-CELLE-SUR-MORIN,GUERARD,SEINE-ET-MARNE,2.954761856629998,48.81043906077055
BENFELD,BENFELD,BAS-RHIN,7.584028888287825,48.373645029444205
ONVILLE,ONVILLE,MEURTHE-ET-MOSELLE,5.978985724179793,49.013209436990586
GRESY-SUR-ISERE,GRESY-SUR-ISERE,SAVOIE,6.259966501812202,45.59447574604259
TANTONVILLE,TANTONVILLE,MEURTHE-ET-MOSELLE,6.129209733482396,48.48391111134653
FEUQUIERES-BROQUIERS,FEUQUIERES,OISE,1.831068318577522,49.65451312832422
JASSONNEIX,MEYMAC,CORREZE,2.139708744591707,45.543611127124315
ERR,ERR,PYRENEES-ORIENTALES,2.028889250014868,42.442767182008296
WOINCOURT,WOINCOURT,SOMME,1.537154580238334,50.05873568303048
LA-VILLE-GOZET,MONTLUCON,ALLIER,2.591874096585813,46.349941305335584
NOMAIN,NOMAIN,NORD,3.20696531344309,50.50232592962645
ROCHE-LEZ-BEAUPRE,ROCHE-LEZ-BEAUPRE,DOUBS,6.110782365332249,47.276176841013154
HAM,MUILLE-VILLETTE,SOMME,3.070957119074588,49.73954337157027
OLETTE-CANAVEILLES-LES-BAINS,OLETTE,PYRENEES-ORIENTALES,2.272011858927273,42.55466061702315
LONGUEIL-STE-MARIE,LONGUEIL-SAINTE-MARIE,OISE,2.717587390886502,49.342567010299035
HERNY,HERNY,MOSELLE,6.476818963032504,49.00370728140269
SAINT-SEURIN-SUR-L'ISLE,SAINT-SEURIN-SUR-L'ISLE,GIRONDE,-0.001940617414119,45.01130602928961
GUICHEN-BOURG-DES-COMPTES,GUICHEN,ILLE-ET-VILAINE,-1.759963948240837,47.93524867728417
RAVES-BAN-DE-LAVELINE,RAVES,VOSGES,7.03762247712448,48.26569887065687
PAS-DES-LANCIERS,MARIGNANE,BOUCHES-DU-RHONE,5.25404483685121,43.40961464600039
BRICON,BRICON,HAUTE-MARNE,4.979128788961917,48.08735674665791
CHATEAUROUX,CHATEAUROUX,INDRE,1.703183637265524,46.810961807288315
CORCY,CORCY,AISNE,3.216285373262403,49.255392671419884
MAUZAC,MAUZAC-ET-GRAND-CASTANG,DORDOGNE,0.789985150689261,44.855764301617775
BERRE,BERRE-L'ETANG,BOUCHES-DU-RHONE,5.179101685791576,43.50093056891871
BAS-EVETTE,EVETTE-SALBERT,TERRITOIRE-DE-BELFORT,6.80568022936376,47.681396111860366
FONTAINEBLEAU-AVON,AVON,SEINE-ET-MARNE,2.727200067146435,48.41746394574521
EVRY-COURCOURONNES,EVRY-COURCOURONNES,ESSONNE,2.429374227134183,48.62597794398785
BUZANCAIS,BUZANCAIS,INDRE,1.418412148406389,46.88487038762065
MAILLE,MAILLE,INDRE-ET-LOIRE,0.583165439178813,47.05316642302488
SARREBOURG,SARREBOURG,MOSELLE,7.051727539632061,48.73862149825253
VILLABE,VILLABE,ESSONNE,2.461828319020637,48.59264620198872
CHAPONVAL,AUVERS-SUR-OISE,VAL-D'OISE,2.14174884933166,49.069128055447806
LA-ROCHEFOUCAULD,LA-ROCHEFOUCAULD-EN-ANGOUMOIS,CHARENTE,0.38984481512601,45.740241928094676
ATHIES-SOUS-LAON,ATHIES-SOUS-LAON,AISNE,3.680610746298005,49.577692495226174
LENTILLY-CHARPENAY,LENTILLY,RHONE,4.682268018683733,45.816528122388796
LA-RICAMARIE,LA-RICAMARIE,LOIRE,4.357680089145885,45.403197752600775
BASE-AERIENNE,GIEVRES,LOIR-ET-CHER,1.681942131120967,47.32008704189344
TOURVILLE,TOURVILLE-LA-RIVIERE,SEINE-MARITIME,1.098509869879438,49.32455521261547
CARANTILLY-MARIGNY,CARANTILLY,MANCHE,-1.244517323198757,49.06787505568984
TULLINS-FURES,TULLINS,ISERE,5.492335867260874,45.30087741538891
MONTEREAU,VARENNES-SUR-SEINE,SEINE-ET-MARNE,2.936172695473762,48.380062575084864
ENGENVILLE,ENGENVILLE,LOIRET,2.237896567185366,48.23635950605684
LUX,LUX,COTE-D'OR,5.203727539284982,47.487873384704606
HUNDLING,HUNDLING,MOSELLE,6.977467233796318,49.1065704173177
GONFARON,GONFARON,VAR,6.281840550501697,43.31712508692793
CAP-MARTIN-ROQUEBRUNE,ROQUEBRUNE-CAP-MARTIN,ALPES-MARITIMES,7.456405684962863,43.76034857039875
ROZIERES-SUR-MOUZON,ROZIERES-SUR-MOUZON,VOSGES,5.705525159209666,48.120907804657705
SURESNES-MONT-VALERIEN,SURESNES,HAUTS-DE-SEINE,2.221062051357459,48.87168355309941
ALLENC,ALLENC,LOZERE,3.664130358302335,44.54152103116181
BASSENS,BASSENS,GIRONDE,-0.522440511179966,44.901397388496285
SAINT-YORRE,SAINT-YORRE,ALLIER,3.461064924813443,46.061783665474714
REUILLY,REUILLY,INDRE,2.046970081249991,47.089611944954996
SAINT-FLORENTIN-VERGIGNY,VERGIGNY,YONNE,3.730868832249274,47.98089785203937
CERNAY,ERMONT,VAL-D'OISE,2.256114102392353,48.98551638656152
LES-LACS,SAINT-AUBIN-DES-LANDES,ILLE-ET-VILAINE,-1.322347292655554,48.109081657042296
AIGUEPERSE,AIGUEPERSE,PUY-DE-DOME,3.198197540630287,46.014743548586964
PIERREFITE-STAINS-TT,PIERREFITTE-SUR-SEINE,SEINE-SAINT-DENIS,2.367366380253276,48.96007131342436
LUXEUIL-LES-BAINS,LUXEUIL-LES-BAINS,HAUTE-SAONE,6.372354125269903,47.81505567955934
MANTES-STATION,MANTES-LA-JOLIE,YVELINES,1.715737202768139,48.983359638519275
AURAY,AURAY,MORBIHAN,-2.99960913456031,47.680247089999995
SALAISE,SALAISE-SUR-SANNE,ISERE,4.802216108113742,45.337313858409665
BIOT,ANTIBES,ALPES-MARITIMES,7.12705036619729,43.61237944224629
VILLENEUVE-SUR-YONNE,VILLENEUVE-SUR-YONNE,YONNE,3.286346893591795,48.086090907944325
LES-FONTINETTES,CALAIS,PAS-DE-CALAIS,1.849961409941935,50.94058380754782
LIVERDUN,LIVERDUN,MEURTHE-ET-MOSELLE,6.061793518753852,48.749287127156066
SOUPPES-CHATEAU-LANDON,SOUPPES-SUR-LOING,SEINE-ET-MARNE,2.735014280352225,48.18178496677811
MENNECY,MENNECY,ESSONNE,2.433268053440552,48.57113280817187
SAINT-LEONARD,SAINT-LEONARD,VOSGES,6.941310871948678,48.21682744071811
SEZANNE,SEZANNE,MARNE,3.728419158329435,48.71443343288595
ESTRESSIN,VIENNE,ISERE,4.868163857041889,45.54021379785767
ROUNTZENHEIM,ROUNTZENHEIM-AUENHEIM,BAS-RHIN,8.011781791876578,48.82044576328301
MONTRICHARD,MONTRICHARD-VAL-DE-CHER,LOIR-ET-CHER,1.171805894101684,47.34380533566546
MEAUX,MEAUX,SEINE-ET-MARNE,2.873403753140162,48.95683307565232
CHAMELET,CHAMELET,RHONE,4.507016244543598,45.98167025804158
CHALONS-EN-CHAMPAGNE,CHALONS-EN-CHAMPAGNE,MARNE,4.348974315249643,48.95527794985203
AIRE-SUR-LA-LYS,AIRE-SUR-LA-LYS,PAS-DE-CALAIS,2.405933102461811,50.64130516051258
VILLENEUVE-SAINT-GEORGES,VILLENEUVE-SAINT-GEORGES,VAL-DE-MARNE,2.446378941339316,48.73143575163359
BUGEAT,BUGEAT,CORREZE,1.924701307116646,45.600671390919544
LA-TRICHERIE,BEAUMONT-SAINT-CYR,VIENNE,0.440613237625385,46.728653726742536
WALYGATOR-PARC,MAIZIERES-LES-METZ,MOSELLE,6.159567248539695,49.22454054683985
MAGLAND,MAGLAND,HAUTE-SAVOIE,6.621201466016067,46.016930329818535
BELLOY-SAINT-MARTIN,BELLOY-EN-FRANCE,VAL-D'OISE,2.361203045024103,49.09815099951254
PONTRIEUX,PONTRIEUX,COTES-D'ARMOR,-3.157066128939595,48.705570848956256
MUSSIDAN,SAINT-MEDARD-DE-MUSSIDAN,DORDOGNE,0.353907886033932,45.03454481999586
PONTARLIER,PONTARLIER,DOUBS,6.357115258059566,46.899576657901385
ANZELING,ANZELING,MOSELLE,6.459586407658986,49.2624167581957
ROUXMESNIL,ROUXMESNIL-BOUTEILLES,SEINE-MARITIME,1.105829957588804,49.89883452673463
VALENCE,VALENCE,DROME,4.893437965143693,44.9279186519997
VILLENEUVE-D'INGRE,INGRE,LOIRET,1.834854970344462,47.93445198846802
LAIGNE-SAINT-GERVAIS,SAINT-GERVAIS-EN-BELIN,SARTHE,0.21711697606233,47.874086302889985
ORANGE,ORANGE,VAUCLUSE,4.819641074737519,44.137454588757976
ASNIERES-SUR-SEINE,ASNIERES-SUR-SEINE,HAUTS-DE-SEINE,2.284226483619607,48.9055284826499
LAMBALLE,LAMBALLE-ARMOR,COTES-D'ARMOR,-2.511460566036283,48.46594346923323
JUVISY,JUVISY-SUR-ORGE,ESSONNE,2.383582706203988,48.689256635146194
BAR-SUR-AUBE,BAR-SUR-AUBE,AUBE,4.707058954282401,48.23856610507349
MONTAUBAN-VILLE-BOURBON,MONTAUBAN,TARN-ET-GARONNE,1.341127241507155,44.014195331668475
AVIGNON-CENTRE,AVIGNON,VAUCLUSE,4.805560023845281,43.94170748507306
EPINAY-SUR-SEINE-TT,EPINAY-SUR-SEINE,SEINE-SAINT-DENIS,2.301875276622173,48.95426384411057
LA-ROCHE-SUR-YON,LA-ROCHE-SUR-YON,VENDEE,-1.435831476322877,46.67211489091913
MARSEILLAN-PLAGE,MARSEILLAN,HERAULT,3.536118058744602,43.31845834549076
SEREZIN,SEREZIN-DU-RHONE,RHONE,4.81781390682531,45.6272306552306
VENDOME,VENDOME,LOIR-ET-CHER,1.067141369546662,47.80203153447201
FRENOUVILLE-CAGNY,FRENOUVILLE,CALVADOS,-0.260107811928255,49.14114275295679
BON-ENCONTRE,BOE,LOT-ET-GARONNE,0.66133861353905,44.17464245325543
MARQUISE-RINXENT,RINXENT,PAS-DE-CALAIS,1.731516881842938,50.805390655180474
ASNIERES-SUR-SEINE,ASNIERES-SUR-SEINE,HAUTS-DE-SEINE,2.284017731281219,48.905232163368915
PONTOISE,SAINT-OUEN-L'AUMONE,VAL-D'OISE,2.101952622247184,49.04556871447304
VALLON,VALLON-EN-SULLY,ALLIER,2.611578434656199,46.53584074318068
BREITENBACH,BREITENBACH-HAUT-RHIN,HAUT-RHIN,7.104295712202981,48.02854863110893
VERETZ-MONTLOUIS,MONTLOUIS-SUR-LOIRE,INDRE-ET-LOIRE,0.819956989593012,47.37145594225696
COLMAR,COLMAR,HAUT-RHIN,7.346943397726597,48.073172281691434
MONTATAIRE,MONTATAIRE,OISE,2.436213399898783,49.25117482036241
EGLY,EGLY,ESSONNE,2.222189294095017,48.58241085152793
RONCHIN,RONCHIN,NORD,3.077597498635683,50.60386936172255
MONTIERES,AMIENS,SOMME,2.264589213285633,49.90960244530869
LA-BOHALLE,LOIRE-AUTHION,MAINE-ET-LOIRE,-0.40079504767026,47.43443992670813
LYON-PERRACHE,LYON,RHONE,4.825673533833033,45.74842155203028
ROUXMESNIL,ROUXMESNIL-BOUTEILLES,SEINE-MARITIME,1.113820791730518,49.89489275044097
LONGUEIL-ANNEL,LONGUEIL-ANNEL,OISE,2.863090761758719,49.46699872833922
HARFLEUR,HARFLEUR,SEINE-MARITIME,0.199062909348195,49.51361089029776
SAINT-ROMAIN-DE-POPEY,SAINT-ROMAIN-DE-POPEY,RHONE,4.542261792981238,45.861718403451064
MONTOIR-DE-BRETAGNE,MONTOIR-DE-BRETAGNE,LOIRE-ATLANTIQUE,-2.161601267156341,47.32074062561389
BLANC-MISSERON,CRESPIN,NORD,3.660962558021376,50.40473569934951
LAVELINE-DEVANT-BRUYERES,LAVELINE-DEVANT-BRUYERES,VOSGES,6.75522755899135,48.185506805863106
MARSEILLE-PRADO,MARSEILLE,BOUCHES-DU-RHONE,5.399603345623433,43.27873141561914
SAINT-QUENTIN-EN-YVELINES,MONTIGNY-LE-BRETONNEUX,YVELINES,2.044976435504766,48.78778463203433
URT,URT,PYRENEES-ATLANTIQUES,-1.299916389086193,43.499391481706006
CHASSENEUIL-SUR-BONNIEURE,CHASSENEUIL-SUR-BONNIEURE,CHARENTE,0.453604554126945,45.824234859933554
VEIGNE,VEIGNE,INDRE-ET-LOIRE,0.734442350054996,47.2915030694559
PARIS-SAINT-LAZARE,PARIS,PARIS,2.325152694046312,48.876646819628434
BOUSSENS,BOUSSENS,HAUTE-GARONNE,0.97176452643156,43.1790743815484
SAINT-SYMPHORIEN-DE-MARMAGNE,SAINT-SYMPHORIEN-DE-MARMAGNE,SAONE-ET-LOIRE,4.337183795256776,46.84439824599816
BOUTIGNY,BOUTIGNY-SUR-ESSONNE,ESSONNE,2.376208883581087,48.43492164536152
NOGENT-SUR-VERNISSON,NOGENT-SUR-VERNISSON,LOIRET,2.737638801576194,47.852817399652515
CHATILLON-SUR-SEINE,CHATILLON-SUR-SEINE,COTE-D'OR,4.571594571063326,47.87019564967037
MONTROND-LES-BAINS,MONTROND-LES-BAINS,LOIRE,4.246780889554222,45.64417965687003
SAINT-MEDARD-SUR-ILLE,SAINT-MEDARD-SUR-ILLE,ILLE-ET-VILAINE,-1.667513154566356,48.27430081843578
BOURBOURG,BOURBOURG,NORD,2.195861554347714,50.95273042792849
L'ARIANE,LA-TRINITE,ALPES-MARITIMES,7.30232056792475,43.734270177036535
CONNERRE-BEILLE,BEILLE,SARTHE,0.486966663978344,48.07384329531561
GRENOBLE,GRENOBLE,ISERE,5.714516819858535,45.19083025228243
SAINT-VINCENT-LE-CHATEAU,SAINT-VINCENT,HAUTE-LOIRE,3.918787654113014,45.1500603674364
SAINT-JEAN-DE-SAUVES,SAINT-JEAN-DE-SAUVES,VIENNE,0.09322393572303,46.83649581446958
LAVILLEDIEU,LA-VILLE-DIEU-DU-TEMPLE,TARN-ET-GARONNE,1.215038302805089,44.03545953997265
NANTES,NANTES,LOIRE-ATLANTIQUE,-1.544074936864095,47.21656946799687
HOUILLES-CARRIERES-SUR-SEINE,HOUILLES,YVELINES,2.18470061264241,48.92080295541427
ROUEN-MARTAINVILLE,ROUEN,SEINE-MARITIME,1.108555617797542,49.438570620868454
CHATENOIS-(BAS-RHIN),CHATENOIS,BAS-RHIN,7.401331365912151,48.27641611439358
COLLONGES,COLLONGES-ET-PREMIERES,COTE-D'OR,5.266038309599982,47.22091902769564
MELUN,MELUN,SEINE-ET-MARNE,2.655756553591216,48.527199552712986
COLIGNY-(MARNE),VAL-DES-MARAIS,MARNE,3.970859408467226,48.850795170593074
CHAMBERY-CHALLES-LES-EAUX,CHAMBERY,SAVOIE,5.919644744721905,45.57190136351876
CERGY-PREFECTURE,CERGY,VAL-D'OISE,2.079483531241085,49.036498517365615
LOMME-(MIN),LILLE,NORD,3.006848017428568,50.64057033395417
LE-POULIGUEN,LE-POULIGUEN,LOIRE-ATLANTIQUE,-2.433227448786401,47.28262437643912
GRAY,ARC-LES-GRAY,HAUTE-SAONE,5.578129365226147,47.451795554751904
TOUL,TOUL,MEURTHE-ET-MOSELLE,5.877058201318163,48.6784144720613
CRAMOISY,CRAMOISY,OISE,2.405021268518898,49.256538965335494
CLAMART,CLAMART,HAUTS-DE-SEINE,2.272868213993607,48.81399561176178
MUNSTER-BADISCHHOF,MUNSTER,HAUT-RHIN,7.152972487896633,48.03908193011033
MERY-(VAL-D'OISE),MERY-SUR-OISE,VAL-D'OISE,2.190803921925722,49.05742573932811
SAINT-MATHURIN,LOIRE-AUTHION,MAINE-ET-LOIRE,-0.318085670106582,47.4122184178676
INGRANDES-SUR-VIENNE,INGRANDES,VIENNE,0.569280649014913,46.87467981739652
BOHAIN,BOHAIN-EN-VERMANDOIS,AISNE,3.442709355245428,49.98849723417581
PARIS-NORD,PARIS,PARIS,2.356160022572003,48.88164194198079
LAON,LAON,AISNE,3.623796750490142,49.570708824716306
FERE-EN-TARDENOIS,FERE-EN-TARDENOIS,AISNE,3.503965030086555,49.20871896363849
BOURG-EN-BRESSE,BOURG-EN-BRESSE,AIN,5.214997787680272,46.19948315282448
RETOURNAC,RETOURNAC,HAUTE-LOIRE,4.037084538218064,45.20129888916648
BRUYERES,BRUYERES,VOSGES,6.726201135371229,48.20179388496624
LABRUGUIERE,LABRUGUIERE,TARN,2.259409368459539,43.54246190538588
LE-HAVRE,LE-HAVRE,SEINE-MARITIME,0.126058417326008,49.49269563728243
BALLAN,BALLAN-MIRE,INDRE-ET-LOIRE,0.61464329910397,47.33583296585494
LIBOURNE,LIBOURNE,GIRONDE,-0.235979210477964,44.915671649178236
SAINT-ASTIER,SAINT-ASTIER,DORDOGNE,0.523127789708187,45.1389632863265
MARGIVAL,MARGIVAL,AISNE,3.403042008235571,49.43922313249368
SAINT-ETIENNE-PONT-DE-L'ANE,SAINT-ETIENNE,LOIRE,4.420017432963297,45.4440428177932
NIEPPE,NIEPPE,NORD,2.828925131352782,50.696711008422795
TAGOLSHEIM,TAGOLSHEIM,HAUT-RHIN,7.264262947478973,47.65548985977194
FRASNE,FRASNE,DOUBS,6.157716534518472,46.85776488480928
SAINT-HILAIRE-DE-CHALEONS,SAINT-HILAIRE-DE-CHALEONS,LOIRE-ATLANTIQUE,-1.866928661053422,47.10632634179498
EPIRY-MONTREUILLON,EPIRY,NIEVRE,3.730338728371163,47.157723447460114
NERONDES,NERONDES,CHER,2.822584798594397,46.99953593667295
NOYEN,NOYEN-SUR-SARTHE,SARTHE,-0.098482265667813,47.87467624834712
ROYAT-CHAMALIERES,CHAMALIERES,PUY-DE-DOME,3.061641533997026,45.76773767177134
PORTE-DE-CLICHY,PARIS,PARIS,2.314861520239935,48.89401765628809
ARRAS,ARRAS,PAS-DE-CALAIS,2.781877763520992,50.28670060943111
BENGY,BENGY-SUR-CRAON,CHER,2.749763723998574,47.00001641249666
LA-CHAPELLE-AULNAY,LA-CHAPELLE-SUR-ERDRE,LOIRE-ATLANTIQUE,-1.541393055983696,47.308759629047756
DRULINGEN,DRULINGEN,BAS-RHIN,7.183056619080274,48.87314027628318
MOULINS-SUR-ALLIER,MOULINS,ALLIER,3.339184600895671,46.56123451905579
CERNAY,CERNAY,HAUT-RHIN,7.173924801562017,47.80173615813757
ATTIGNY-(ARDENNES),ATTIGNY,ARDENNES,4.580578950679025,49.483379959998295
DAMBACH-LA-VILLE,DAMBACH-LA-VILLE,BAS-RHIN,7.43582504943569,48.321586731686594
EPOISSES,EPOISSES,COTE-D'OR,4.179052846582437,47.502360001523215
VALENCE-D'AGEN,VALENCE,TARN-ET-GARONNE,0.891652133340273,44.11176905723221
HOUDAN,HOUDAN,YVELINES,1.602775646259152,48.79600087528386
CHAMPAGNE-SUR-SEINE,CHAMPAGNE-SUR-SEINE,SEINE-ET-MARNE,2.799388254139055,48.406631413045
LONGJUMEAU,LONGJUMEAU,ESSONNE,2.293143129552544,48.702569507496214
GAILLAC,GAILLAC,TARN,1.895548383102963,43.90650910654982
THEDIRAC-PEYRILLES,PEYRILLES,LOT,1.341566152660996,44.60660060180393
SATHONAY-RILLIEUX,SATHONAY-CAMP,RHONE,4.878429559171022,45.82260534853966
BOULOGNE-TINTELLERIES,BOULOGNE-SUR-MER,PAS-DE-CALAIS,1.609335297413551,50.72731902983388
BALLANCOURT,BALLANCOURT-SUR-ESSONNE,ESSONNE,2.371185007383889,48.53222208980665
VILLERS-SAINT-PAUL,VILLERS-SAINT-PAUL,OISE,2.489632269247999,49.282575677997265
BEAUCAIRE,BEAUCAIRE,GARD,4.647372766110843,43.802158264377375
RAISMES,RAISMES,NORD,3.478796397466136,50.390022831956706
PLANCOET,PLANCOET,COTES-D'ARMOR,-2.228808444008036,48.52143574734171
ROISSY-AEROPORT-CHARLES-DE-GAULLE-1,TREMBLAY-EN-FRANCE,SEINE-SAINT-DENIS,2.555963637162915,49.008827418225586
CHASSE-SUR-RHONE,CHASSE-SUR-RHONE,ISERE,4.795063408181971,45.582681217251555
VAYRES,VAYRES,GIRONDE,-0.316121575383884,44.89662081694384
ROSNY-SUR-SEINE,ROSNY-SUR-SEINE,YVELINES,1.630118489473192,48.997391608149435
AUBIGNY-SUR-NERE,AUBIGNY-SUR-NERE,CHER,2.436896672159076,47.49311445503215
TAMNAY-CHATILLON,TAMNAY-EN-BAZOIS,NIEVRE,3.723574270703639,47.053553826603185
HIRSON,HIRSON,AISNE,4.08438898225065,49.91432071939693
FOIX,FOIX,ARIEGE,1.606884171012564,42.96964899731326
UR-LES-ESCALDES,UR,PYRENEES-ORIENTALES,1.940466997147396,42.45747121161789
MAREUIL-SUR-OURCQ,MAREUIL-SUR-OURCQ,OISE,3.075701654777109,49.13564457102928
BESLE,GUEMENE-PENFAO,LOIRE-ATLANTIQUE,-1.870113281883948,47.69932007739704
SURDON,LE-CHATEAU-D'ALMENECHES,ORNE,0.13454560695141,48.665014850857034
NIMES-PONT-DU-GARD,MANDUEL,GARD,4.507722679137596,43.81678434080806
FLORENSAC,SAINT-THIBERY,HERAULT,3.434521429992826,43.388703359863754
LUMES,LUMES,ARDENNES,4.783240563825568,49.73298159988859
SEYSSEL-CORBONOD,CORBONOD,AIN,5.831263014864032,45.96313171321338
COURCELLES-SUR-NIED,COURCELLES-SUR-NIED,MOSELLE,6.310989071505479,49.06348880498309
BAILLEAU-LE-PIN,BAILLEAU-LE-PIN,EURE-ET-LOIR,1.324843969483643,48.366869682068945
CHATELAILLON,CHATELAILLON-PLAGE,CHARENTE-MARITIME,-1.090989736597357,46.07853714219941
QUIBERON,QUIBERON,MORBIHAN,-3.118160276976785,47.48560436515137
GIMONT-CAHUZAC,GIMONT,GERS,0.867583714386745,43.63309623244655
SAINT-LO,SAINT-LO,MANCHE,-1.102947178681673,49.11459815333768
CHOISY-LE-ROI,CHOISY-LE-ROI,VAL-DE-MARNE,2.412118619716405,48.76258561829652
LA-CHAUX-DES-CROTENAY,CHAUX-DES-CROTENAY,JURA,5.943833304718496,46.65450363729537
IS-SUR-TILLE,MARCILLY-SUR-TILLE,COTE-D'OR,5.129777870847223,47.52023448752397
BAZIEGE,BAZIEGE,HAUTE-GARONNE,1.621469112724383,43.45312349065272
LURE,LURE,HAUTE-SAONE,6.477195804396802,47.68405459853941
SAINT-JULIEN-CLENAY,SAINT-JULIEN,COTE-D'OR,5.128141289419931,47.405732348938635
VERDUN,VERDUN,MEUSE,5.378755568857466,49.16551301257006
MARSEILLE-SAINT-CHARLES,MARSEILLE,BOUCHES-DU-RHONE,5.380843379830792,43.3032831626636
VALMY,VALMY,MARNE,4.788962277267343,49.08023051698906
ALET-LES-BAINS,ALET-LES-BAINS,AUDE,2.251998052127515,42.99727450737012
ATTICHY,JAULZY,OISE,3.044856797075439,49.4006331415976
TOURS,TOURS,INDRE-ET-LOIRE,0.695192977217624,47.388438587214054
AUXONNE,TILLENAY,COTE-D'OR,5.377225055529029,47.19256610539127
PONTCHARRA-SAINT-FORGEUX,VINDRY-SUR-TURDINE,RHONE,4.492874139535877,45.871505178111924
COUDRAY-MONTCEAUX,LE-COUDRAY-MONTCEAUX,ESSONNE,2.492520676729849,48.56615723437016
LE-GRAND-JARDIN,LISIEUX,CALVADOS,0.227291666955486,49.15045454580296
SAINT-CYR,SAINT-CYR-L'ECOLE,YVELINES,2.072735799113365,48.798613176484764
NARBONNE,NARBONNE,AUDE,3.008786200782202,43.193210182808116
BASSENS,BASSENS,GIRONDE,-0.522309489371856,44.90115223104535
MONTREJEAU-GOURDAN-POLIGNAN,GOURDAN-POLIGNAN,HAUTE-GARONNE,0.573211731271617,43.078110601964326
VILLENEUVE-LES-MAGUELONE,VILLENEUVE-LES-MAGUELONE,HERAULT,3.849918487029219,43.54375510740702
TERRASSON,TERRASSON-LAVILLEDIEU,DORDOGNE,1.300452199242479,45.13580461290423
GENLIS,GENLIS,COTE-D'OR,5.224098523191535,47.244349757484756
VIRY,VIRY,HAUTE-SAVOIE,6.03006274975377,46.124035235410346
PEILLE,PEILLE,ALPES-MARITIMES,7.380069988960343,43.791936473064396
SAINT-REMY-EN-L'EAU,SAINT-REMY-EN-L'EAU,OISE,2.426086461191058,49.468631616410335
FACTURE-BIGANOS,BIGANOS,GIRONDE,-0.966206293149982,44.63717129178578
SAINT-JACQUES-DE-LA-LANDE,SAINT-JACQUES-DE-LA-LANDE,ILLE-ET-VILAINE,-1.713744867447442,48.06757271989054
GRENOBLE-UNIVERSITE-GIERES,GIERES,ISERE,5.784641753561916,45.184967707601984
LUZY,LUZY,NIEVRE,3.969128076226552,46.7943472528084
FIGEAC,FIGEAC,LOT,2.036038501644137,44.60412369594922
LEZOUX,LEZOUX,PUY-DE-DOME,3.386064085489927,45.821112987613354
LE-STADE,COLOMBES,HAUTS-DE-SEINE,2.260875368745547,48.93119792775358
MORBIER,MORBIER,JURA,6.0177460320524,46.53929026402093
CHAMPAGNE-SUR-OISE,CHAMPAGNE-SUR-OISE,VAL-D'OISE,2.241409693547037,49.13551947940391
SAINT-GRATIEN,SAINT-GRATIEN,VAL-D'OISE,2.285157124100721,48.96387846079438
LUNAS,LUNAS,HERAULT,3.194890513421277,43.709542203879316
MEROUX,MEROUX-MOVAL,TERRITOIRE-DE-BELFORT,6.8986152656091,47.586796809773254
BILLY-MONTIGNY,BILLY-MONTIGNY,PAS-DE-CALAIS,2.912027846162156,50.41528974369777
JEANDELIZE,JEANDELIZE,MEURTHE-ET-MOSELLE,5.788966385138067,49.16357419821692
MENNETOU-SUR-CHER,MENNETOU-SUR-CHER,LOIR-ET-CHER,1.876751857359999,47.26893883665513
BOURGNEUF-EN-RETZ,VILLENEUVE-EN-RETZ,LOIRE-ATLANTIQUE,-1.955093984580618,47.04698051501943
CHALANDRAY,CHALANDRAY,VIENNE,-0.002797909664154,46.66450455548419
STRASBOURG-VILLE,STRASBOURG,BAS-RHIN,7.731594953278417,48.58287025491014
VIRIEU-LE-GRAND-BELLEY,VIRIEU-LE-GRAND,AIN,5.654725980428987,45.84924199087159
PIERRE-BUFFIERE,PIERRE-BUFFIERE,HAUTE-VIENNE,1.346345024380381,45.69989311225357
BLAGNY,BLAGNY,ARDENNES,5.189218780985274,49.61985028140475
ARGENTAN,MOULINS-SUR-ORNE,ORNE,-0.043834638492632,48.75597443299157
HASENRAIN,MULHOUSE,HAUT-RHIN,7.33091155410375,47.73613263189173
SEMUR-EN-AUXOIS,SEMUR-EN-AUXOIS,COTE-D'OR,4.341946096567425,47.48820611970223
BESANCON-MOUILLERE,BESANCON,DOUBS,6.034041759023006,47.24051893307606
PONTMORT,CHAMBARON-SUR-MORGE,PUY-DE-DOME,3.160108821953173,45.93973074577569
BECON-LES-BRUYERES,COURBEVOIE,HAUTS-DE-SEINE,2.268812548835781,48.90516953339948
JARVILLE-LA-MALGRANGE,JARVILLE-LA-MALGRANGE,MEURTHE-ET-MOSELLE,6.202962761753174,48.66998760751356
VERTOU,VERTOU,LOIRE-ATLANTIQUE,-1.477960707809942,47.18605510217721
AUFFAY,VAL-DE-SCIE,SEINE-MARITIME,1.098440484692693,49.71619084676501
SELOMMES,SELOMMES,LOIR-ET-CHER,1.193306201849907,47.750884609578925
GARNAY,GARNAY,EURE-ET-LOIR,1.345943393170927,48.7033345172712
AMBOISE,AMBOISE,INDRE-ET-LOIRE,0.981144860058096,47.421508738952035
SURY-LE-COMTAL,SURY-LE-COMTAL,LOIRE,4.182500701650796,45.529055122747025
GRETZ-ARMAINVILLIERS,GRETZ-ARMAINVILLIERS,SEINE-ET-MARNE,2.72930435756889,48.74481144043109
HAM-EN-ARTOIS,HAM-EN-ARTOIS,PAS-DE-CALAIS,2.466075551732472,50.589559825962844
LA-REDONNE-ENSUES,ENSUES-LA-REDONNE,BOUCHES-DU-RHONE,5.197596789801643,43.33435329028057
DERCY-MORTIERS,MORTIERS,AISNE,3.679065576660959,49.69079213870804
CHENEVIERES,CHENEVIERES,MEURTHE-ET-MOSELLE,6.632746442850364,48.519523575847124
AUBRIVES,AUBRIVES,ARDENNES,4.761766683434948,50.10432227905831
WACQUEMOULIN,WACQUEMOULIN,OISE,2.611669730158165,49.50289085206648
ARGENTAN,ARGENTAN,ORNE,-0.025596463224221,48.73832368544273
YTRAC,YTRAC,CANTAL,2.364531007995343,44.910556123694676
ANCERVILLE-GUE,ANCERVILLE,MEUSE,5.011229381005264,48.6162225595888
FAINS-LA-FOLIE,EOLE-EN-BEAUCE,EURE-ET-LOIR,1.647699524798858,48.223742482299464
MORANNES,MORANNES-SUR-SARTHE-DAUMERAY,MAINE-ET-LOIRE,-0.418122862095647,47.738861073425255
PARIS-BATIGNOLLES,PARIS,PARIS,2.308863379165705,48.89115496299491
L'AIGLE,L'AIGLE,ORNE,0.62003780324875,48.7665705811492
LA-FOUILLOUSE,LA-FOUILLOUSE,LOIRE,4.317339239343408,45.49747332023421
POLISOT,POLISOT,AUBE,4.384352001331836,48.07309328540291
DOMBLANS-VOITEUR,DOMBLANS,JURA,5.59759784914124,46.76208285779334
BEAUVOISIN,BEAUVOISIN,GARD,4.321314654976703,43.72450877614106
LES-ORMES-SUR-VIENNE,LES-ORMES,VIENNE,0.607910383068543,46.971756371385645
CASES-DE-PENE,ESPIRA-DE-L'AGLY,PYRENEES-ORIENTALES,2.793116620024166,42.77898338998102
LANDIVISIAU,LANDIVISIAU,FINISTERE,-4.08292718584242,48.49577732549493
ANICHE,ANICHE,NORD,3.252851334014792,50.32873857188257
SAINT-QUENTIN,SAINT-QUENTIN,AISNE,3.297098870120037,49.839760709390845
LA-TOUR-DU-PIN,LA-TOUR-DU-PIN,ISERE,5.450451660635005,45.55994702648007
ASSAT,ASSAT,PYRENEES-ATLANTIQUES,-0.29498936083813,43.254401679700926
BOLQUERE-EYNE,BOLQUERE,PYRENEES-ORIENTALES,2.084884891133535,42.49829560514377
SAINT-MICHEL-SUR-ORGE,SAINT-MICHEL-SUR-ORGE,ESSONNE,2.30709915778822,48.633968645205
JUSSEY,JUSSEY,HAUTE-SAONE,5.90047413273381,47.83715517781979
AUBIN-SAINT-VAAST,AUBIN-SAINT-VAAST,PAS-DE-CALAIS,1.970667038993278,50.39453048067372
FONTENAY-LE-COMTE,FONTENAY-LE-COMTE,VENDEE,-0.792834551515928,46.462471191902075
BERSAC,BERSAC-SUR-RIVALIER,HAUTE-VIENNE,1.432342536199712,46.08618159208703
PEILLON-STE-THECLE,PEILLON,ALPES-MARITIMES,7.366860146547884,43.7679262437941
ASSIER,ASSIER,LOT,1.869429048238437,44.67467122400689
ENTRAIGUES-SUR-LA-SORGUE,ENTRAIGUES-SUR-LA-SORGUE,VAUCLUSE,4.922475787253516,44.005387001593526
LACHAUD-CURMILHAC,VISSAC-AUTEYRAC,HAUTE-LOIRE,3.610659464854105,45.123283179625744
TEMPLEUVE,TEMPLEUVE-EN-PEVELE,NORD,3.176143582147327,50.5288769970153
SAVENNIERES-BEHUARD,SAVENNIERES,MAINE-ET-LOIRE,-0.654527295045953,47.38152499451488
EPERNON,EPERNON,EURE-ET-LOIR,1.681695340721524,48.605087016642926
VOVES,LES-VILLAGES-VOVEENS,EURE-ET-LOIR,1.622200291347836,48.27507793157768
ORIGNY-EN-THIERACHE,ORIGNY-EN-THIERACHE,AISNE,4.024297576660078,49.89068926048639
CHAMPIGNY-SUR-YONNE,CHAMPIGNY,YONNE,3.129359556934309,48.324420171004704
BOBIGNY,BOBIGNY,SEINE-SAINT-DENIS,2.431052115888343,48.91052248779573
SOMAIN,SOMAIN,NORD,3.272912807956583,50.35443988159286
PELTRE,PELTRE,MOSELLE,6.221716362377416,49.07396145550191
SAINT-AUBIN-DU-VIEIL-EVREUX,LE-VIEIL-EVREUX,EURE,1.210733941597797,48.99833773837171
OISSEL,TOURVILLE-LA-RIVIERE,SEINE-MARITIME,1.102929525618696,49.33119425728721
GRAND'COMBE-LA-PISE,LA-GRAND-COMBE,GARD,4.032588489702349,44.2097170527969
SAINT-PIERRE-SUR-DIVES,SAINT-PIERRE-EN-AUGE,CALVADOS,-0.040558107369552,49.02325439398692
VOYENNE,VOYENNE,AISNE,3.720663949765539,49.72623069198837
ORCHAMPS,ORCHAMPS,JURA,5.659086247852784,47.15020067481366
BEILLANT,SAINT-SEVER-DE-SAINTONGE,CHARENTE-MARITIME,-0.526396353790637,45.70108980651848
ETRICHE-CHATEAUNEUF,ETRICHE,MAINE-ET-LOIRE,-0.460619244938107,47.65667677103774
LIANCOURT-RANTIGNY,RANTIGNY,OISE,2.445441543358006,49.32516189953008
WALBOURG,WALBOURG,BAS-RHIN,7.809328235745368,48.885916360605734
MANDELIEU-LA-NAPOULE,MANDELIEU-LA-NAPOULE,ALPES-MARITIMES,6.94150442861314,43.52396771275616
ROISSY-EN-BRIE,ROISSY-EN-BRIE,SEINE-ET-MARNE,2.650477016233284,48.79562254504369
MAISSE,MAISSE,ESSONNE,2.393061282260811,48.393174013107334
CAGNES-SUR-MER,CAGNES-SUR-MER,ALPES-MARITIMES,7.148336597291083,43.65766293778494
PONT-MELVEZ,PONT-MELVEZ,COTES-D'ARMOR,-3.311372985807946,48.47012313136048
SAINT-ANDRE,LAMBERSART,NORD,3.034191483051031,50.65659450512642
DIARVILLE,HOUSSEVILLE,MEURTHE-ET-MOSELLE,6.126315067209317,48.397829059648124
MONTAIGU-VENDEE,MONTAIGU-VENDEE,VENDEE,-1.316396908806643,46.9837639132508
BRIENNE-LE-CHATEAU,BRIENNE-LE-CHATEAU,AUBE,4.532349899013344,48.39604854521854
CONFLANS-STE-HONORINE,CONFLANS-SAINTE-HONORINE,YVELINES,2.098539420110265,48.99710364626656
LASSERRE,MONCRABEAU,LOT-ET-GARONNE,0.367188297341272,44.06555400760665
GERZAT,GERZAT,PUY-DE-DOME,3.143096869688812,45.833312882972244
LANNION,LANNION,COTES-D'ARMOR,-3.460362272489274,48.72722615858606
SAINT-SEBASTIEN-PAS-ENCHANTES,SAINT-SEBASTIEN-SUR-LOIRE,LOIRE-ATLANTIQUE,-1.511147069114623,47.207052760047006
VERSAILLES-MATELOTS,VERSAILLES,YVELINES,2.095775460882699,48.79552324909166
LA-ROCHE-SUR-FORON,LA-ROCHE-SUR-FORON,HAUTE-SAVOIE,6.303725828021828,46.06749064106157
BOURG-EN-BRESSE,BOURG-EN-BRESSE,AIN,5.214555697548378,46.20045973444396
LONGPONT,LONGPONT,AISNE,3.230148701570269,49.272645674359715
DELUZ,DELUZ,DOUBS,6.19949665098765,47.29261556660638
AIRVAULT-GARE,AIRVAULT,DEUX-SEVRES,-0.145375927325575,46.80710706732838
NANTES,NANTES,LOIRE-ATLANTIQUE,-1.518765979566461,47.226238868091336
COLOMIERS,COLOMIERS,HAUTE-GARONNE,1.334473328210364,43.6034491010247
SAINT-CLOUD,SAINT-CLOUD,HAUTS-DE-SEINE,2.209983705809441,48.84049030729682
BONDY,BONDY,SEINE-SAINT-DENIS,2.478714466495549,48.8939012076903
DACHSTEIN,MOLSHEIM,BAS-RHIN,7.532650695702075,48.54274385104751
AX-LES-THERMES,AX-LES-THERMES,ARIEGE,1.83346662646096,42.724771434731764
SAVIGNY-LE-TEMPLE-NANDY,SAVIGNY-LE-TEMPLE,SEINE-ET-MARNE,2.583524582251346,48.5970370806154
SAINT-DENIS-DES-MURS,SAINT-DENIS-DES-MURS,HAUTE-VIENNE,1.551115443571073,45.78907725482234
PONT-DE-L'ARCHE,ALIZAY,EURE,1.159660444556483,49.316910719160795
DARSAC,VERNASSAL,HAUTE-LOIRE,3.737880881412502,45.141596161800805
JUZIERS,JUZIERS,YVELINES,1.845818060945136,48.99220680697608
DAOURS,AUBIGNY,SOMME,2.459621713897595,49.89955214784695
LA-MADELEINE,LA-MADELEINE,NORD,3.072112195212926,50.66075064520697
BEZIERS,BEZIERS,HERAULT,3.21957141341165,43.336016861538425
LA-HAIE-FOUASSIERE,LA-HAIE-FOUASSIERE,LOIRE-ATLANTIQUE,-1.392252826266998,47.16148711034788
NOUAN-LE-FUZELIER,NOUAN-LE-FUZELIER,LOIR-ET-CHER,2.032486738063988,47.53653451675315
BEAUTIRAN,BEAUTIRAN,GIRONDE,-0.450040817665555,44.701045740128066
LIMOGES-MONTJOVIS,LIMOGES,HAUTE-VIENNE,1.251596775957024,45.83843758054152
BAS-MONISTROL,BAS-EN-BASSET,HAUTE-LOIRE,4.139526499087438,45.29721132548249
HARGICOURT-PIERREPONT,TROIS-RIVIERES,SOMME,2.531831292120172,49.71365379571771
COIGNIERES,COIGNIERES,YVELINES,1.921580814767206,48.74379554346642
BRICON,BRICON,HAUTE-MARNE,4.97924536938223,48.087446851442174
MOOSCH,MOOSCH,HAUT-RHIN,7.05076456902281,47.86083143899345
MONTCHANIN,MONTCHANIN,SAONE-ET-LOIRE,4.481330517947978,46.75939369432185
LUCAY-LE-MALE,LUCAY-LE-MALE,INDRE,1.436029821249122,47.13305556489261
BANDOL,BANDOL,VAR,5.749815526229215,43.140491048348736
NOYAL-ACIGNE,NOYAL-SUR-VILAINE,ILLE-ET-VILAINE,-1.52841295004082,48.118894457412814
VONNAS,VONNAS,AIN,4.991896805339235,46.227242116261685
LA-BACHELLERIE,SAINT-RABIER,DORDOGNE,1.160167553540784,45.15108062574905
ASNIERES-LES-BOURGES,BOURGES,CHER,2.416482084621402,47.11905408942544
VANDIERES,VANDIERES,MEURTHE-ET-MOSELLE,6.03900429105896,48.95248679502622
SAINT-PIERRE-D'ALBIGNY,SAINT-PIERRE-D'ALBIGNY,SAVOIE,6.156333740100027,45.557165151897564
FOUGEROLLES,FOUGEROLLES-SAINT-VALBERT,HAUTE-SAONE,6.408212178322897,47.88816786855349
HAUBOURDIN,HAUBOURDIN,NORD,2.98961205988613,50.60664291744003
PONT-STE-MAXENCE,PONT-SAINTE-MAXENCE,OISE,2.602856468438373,49.309988250616065
MAGNAC-VICQ,VICQ-SUR-BREUILH,HAUTE-VIENNE,1.443594275433421,45.62927363526485
PONTIVY,PONTIVY,MORBIHAN,-2.965775460249527,48.0615601977653
ROSA-PARKS,PARIS,PARIS,2.3797957115818,48.89758531281426
THAON,THAON-LES-VOSGES,VOSGES,6.415969286832468,48.24468016503647
MIONNAY,MIONNAY,AIN,4.91976626334603,45.89672880466212
LUMBRES,LUMBRES,PAS-DE-CALAIS,2.119656584832316,50.700622768538665
HOMBOURG-BUDANGE,HOMBOURG-BUDANGE,MOSELLE,6.350766897687048,49.2824671530257
WALBACH,WINTZENHEIM,HAUT-RHIN,7.233704021874975,48.057922220345525
VESOUL,VESOUL,HAUTE-SAONE,6.152073277180682,47.61752703527606
CHATILLON-SUR-SEINE,CHATILLON-SUR-SEINE,COTE-D'OR,4.575398911895291,47.87533770637098
CHEVILLY,CHEVILLY,LOIRET,1.879300254130623,48.02648913514159
CHATELAUDREN-PLOUAGAT,CHATELAUDREN-PLOUAGAT,COTES-D'ARMOR,-2.974164934438718,48.533233396218996
AIX-EN-PROVENCE-MARCHANDISES,AIX-EN-PROVENCE,BOUCHES-DU-RHONE,5.361297371448405,43.49843577804239
PREMERY,PREMERY,NIEVRE,3.332931459801157,47.171232922615985
ANGOULEME,ANGOULEME,CHARENTE,0.16414524722233,45.65364279345685
PUTEAUX,PUTEAUX,HAUTS-DE-SEINE,2.233808729504566,48.88351576455218
BOSSEY-VEYRIER,ETREMBIERES,HAUTE-SAVOIE,6.181542318223384,46.159830365081774
DOURGES,DOURGES,PAS-DE-CALAIS,2.987020801896205,50.43219637796586
SERIFONTAINE,SERIFONTAINE,OISE,1.763928393006749,49.357294436674024
ZILLISHEIM,ZILLISHEIM,HAUT-RHIN,7.2952838596288,47.694482232398364
SEUGY,SEUGY,VAL-D'OISE,2.398158008359361,49.118901164745715
SENOZAN,SENOZAN,SAONE-ET-LOIRE,4.870697323543834,46.39138853749181
CLOYES,CLOYES-LES-TROIS-RIVIERES,EURE-ET-LOIR,1.243387797006062,47.99227491256414
LES-ECHETS,MIRIBEL,AIN,4.910745269670009,45.87449953647197
AVIGNONET,AVIGNONET-LAURAGAIS,HAUTE-GARONNE,1.788541540811148,43.363478295286
LIMOUX,LIMOUX,AUDE,2.223087178016785,43.05646966541196
L'ARBRESLE,EVEUX,RHONE,4.619148264726182,45.83331945489083
PONT-HEBERT,RAMPAN,MANCHE,-1.127081759870843,49.16193485949857
SCHOPPERTEN,SCHOPPERTEN,BAS-RHIN,7.055576639754776,48.945922397717084
VILLIERS-MONTBARBIN,CRECY-LA-CHAPELLE,SEINE-ET-MARNE,2.883149204996345,48.86325651023435
LIMOUX-FLASSIAN,LIMOUX,AUDE,2.218549786847058,43.06845459182889
IGNEY-AVRICOURT,AVRICOURT,MOSELLE,6.804840515668056,48.64634201852442
MEZIDON,MEZIDON-VALLEE-D'AUGE,CALVADOS,-0.075082372517223,49.07088262274481
ROSIERES,ROSIERES-EN-SANTERRE,SOMME,2.71132836787513,49.82273267045025
SAINT-JULIEN-DU-SAULT,SAINT-JULIEN-DU-SAULT,YONNE,3.303670571003013,48.027848551444485
PAGNY-SUR-MEUSE,PAGNY-SUR-MEUSE,MEUSE,5.733919080028878,48.696703195175445
BRAZEY-EN-PLAINE,BRAZEY-EN-PLAINE,COTE-D'OR,5.211806724733714,47.131778021198976
MONTAIGNAC-SAINT-HIPPOLYTE,MONTAIGNAC-SUR-DOUSTRE,CORREZE,1.97879848236201,45.35405232684415
HUNSPACH,HUNSPACH,BAS-RHIN,7.954017147393979,48.961462272109436
SAINT-OURS-LES-ROCHES,SAINT-OURS,PUY-DE-DOME,2.908442753072269,45.833788193653234
MUSEE-D'ORSAY,PARIS,PARIS,2.328549939017303,48.85993118576402
VIERZY,VIERZY,AISNE,3.277623645641786,49.29089353629163
RIXHEIM,RIXHEIM,HAUT-RHIN,7.396091642310116,47.752294752995354
AGEN,AGEN,LOT-ET-GARONNE,0.621048372800292,44.208341089900124
QUINTIN,SAINT-BRANDAN,COTES-D'ARMOR,-2.891700844368296,48.39735236712676
POINTE-DE-GRAVE,LE-VERDON-SUR-MER,GIRONDE,-1.065586765452165,45.5666680609116
TOURNUS,TOURNUS,SAONE-ET-LOIRE,4.90639983186675,46.56673691344488
STENAY,STENAY,MEUSE,5.170814631984934,49.493805074572684
VIROFLAY-RIVE-DROITE,VIROFLAY,YVELINES,2.168330429239693,48.80545011624403
MESSAC-GUIPRY,GUIPRY-MESSAC,ILLE-ET-VILAINE,-1.818552894324703,47.82231315304846
BARONCOURT,DOMMARY-BARONCOURT,MEUSE,5.699743195956633,49.28431643910143
LAISSAC,LAISSAC-SEVERAC-L'EGLISE,AVEYRON,2.82231186388015,44.3750538540899
CLERMONT-LA-ROTONDE,CLERMONT-FERRAND,PUY-DE-DOME,3.090602610395683,45.76791961678115
ROSHEIM,ROSHEIM,BAS-RHIN,7.491321398410758,48.505209749442734
DOUAI,DOUAI,NORD,3.090430914770062,50.37158212907979
INGRANDES-SUR-LOIRE,INGRANDES-LE-FRESNE-SUR-LOIRE,MAINE-ET-LOIRE,-0.92064029038065,47.40582089035482
LATOUR-DE-CAROL-ENVEITG,ENVEITG,PYRENEES-ORIENTALES,1.904435615665401,42.45891597043509
DUTTLENHEIM,DACHSTEIN,BAS-RHIN,7.566239496050476,48.54543654154971
VILLARS-LES-DOMBES,VILLARS-LES-DOMBES,AIN,5.028308326099552,46.00424712787144
FONTENAY-LE-FLEURY,FONTENAY-LE-FLEURY,YVELINES,2.041108118681261,48.807151101822356
LUZARCHES,LUZARCHES,VAL-D'OISE,2.421561278801477,49.11770271668709
AISEREY,AISEREY,COTE-D'OR,5.157576590444653,47.17074180793193
SISTERON,SISTERON,ALPES-DE-HAUTE-PROVENCE,5.947047136823874,44.189706319323065
MONTHERME,BOGNY-SUR-MEUSE,ARDENNES,4.740114617174918,49.866096283736084
COLOMBIERS,COLOMBIERS,HERAULT,3.140391822744457,43.31893977710763
LABARTHE-AVEZAC,AVEZAC-PRAT-LAHITTE,HAUTES-PYRENEES,0.361662204714232,43.08230065073437
CHAMPIGNEULLES,CHAMPIGNEULLES,MEURTHE-ET-MOSELLE,6.169216543608357,48.73509494287865
LUTTERBACH-(HAUT-RHIN),LUTTERBACH,HAUT-RHIN,7.276982614409168,47.758101692721695
ROMANECHE-THORINS,ROMANECHE-THORINS,RHONE,4.742187589001408,46.176273963655014
OULLINS,OULLINS,RHONE,4.813460489416504,45.71685327219127
NEUFCHATEAU,NEUFCHATEAU,VOSGES,5.690906679275268,48.35853250934354
CONDE-SUR-VIRE,CONDE-SUR-VIRE,MANCHE,-1.039980047765918,49.05125552578295
COUZE,LALINDE,DORDOGNE,0.703980133487489,44.83641138768512
GIVORS-CANAL,GIVORS,RHONE,4.772375239369936,45.59606795730501
VERSAILLES-CHANTIERS,VERSAILLES,YVELINES,2.136152834267719,48.79551512858427
MARIGNAC-SAINT-BEAT,MARIGNAC,HAUTE-GARONNE,0.651983192271137,42.91546574727395
LE-COTEAU,LE-COTEAU,LOIRE,4.08631855553161,46.023554212978496
PONT-D'AIN,PONT-D'AIN,AIN,5.334213116969928,46.05385683262983
SERDINYA,SERDINYA,PYRENEES-ORIENTALES,2.323221995415574,42.56698185636394
SAINT-AMAND-LES-EAUX,SAINT-AMAND-LES-EAUX,NORD,3.412495431096073,50.44598752949574
PONT-DE-LA-DEULE,FLERS-EN-ESCREBIEUX,NORD,3.084946919323701,50.39768903291043
ANGOULINS-SUR-MER,ANGOULINS,CHARENTE-MARITIME,-1.115623560111951,46.10794733842751
STE-LEOCADIE,SAINTE-LEOCADIE,PYRENEES-ORIENTALES,2.010769165615426,42.441308040980225
CHAULNES,CHAULNES,SOMME,2.802085456528031,49.80704259461086
MIRIBEL,MIRIBEL,AIN,4.953756089762523,45.82181668995889
ANNECY,ANNECY,HAUTE-SAVOIE,6.121832970715078,45.90221094284461
MEYRARGUES,MEYRARGUES,BOUCHES-DU-RHONE,5.539284286572694,43.644079505354135
MONTAIGUT,MONTAIGUT-LE-BLANC,CREUSE,1.733969543853879,46.136892801435906
ORLEANS,ORLEANS,LOIRET,1.90475970109187,47.90815419279802
SEVRES-VILLE-D'AVRAY,SEVRES,HAUTS-DE-SEINE,2.200787293018457,48.82741176034041
LA-JONCHERE,LA-JONCHERE-SAINT-MAURICE,HAUTE-VIENNE,1.482236597315255,45.99547345430206
MEZIN,MEZIN,LOT-ET-GARONNE,0.248974597042553,44.05928473340328
OBERMODERN,OBERMODERN-ZUTZENDORF,BAS-RHIN,7.547027621205904,48.84250786767418
PORT-DE-PILES,LA-CELLE-SAINT-AVANT,INDRE-ET-LOIRE,0.5986678528766,47.01026205394025
MOULINS-SUR-YEVRE,MOULINS-SUR-YEVRE,CHER,2.517275072753892,47.08252755038343
VIGNEUX-SUR-SEINE,VIGNEUX-SUR-SEINE,ESSONNE,2.414485371610876,48.7084287511915
JOIGNY-SUR-MEUSE,JOIGNY-SUR-MEUSE,ARDENNES,4.767798406916734,49.83304792527545
GRIGNY-CENTRE,GRIGNY,ESSONNE,2.394129417096676,48.65119762829812
BANASSAC-LA-CANOURGUE,BANASSAC-CANILHAC,LOZERE,3.196254083905296,44.44756428729797
RIMAUCOURT,RIMAUCOURT,HAUTE-MARNE,5.332839367117721,48.26385832796413
CHEPY-VALINES,CHEPY,SOMME,1.635877525001808,50.068273334840214
SAVERDUN,SAVERDUN,ARIEGE,1.570693505005694,43.2393788222438
AUBOUE,AUBOUE,MEURTHE-ET-MOSELLE,5.970192427814392,49.21595030308611
FRANCHEVILLE,FRANCHEVILLE,RHONE,4.770411272700129,45.73170828178038
VILLERS-BRETONNEUX,VILLERS-BRETONNEUX,SOMME,2.52158266337183,49.86262910170623
MAYET,MAYET,SARTHE,0.265937532744148,47.76008523771197
CONCARNEAU,CONCARNEAU,FINISTERE,-3.920653487296092,47.877753821531186
BUZANCAIS,BUZANCAIS,INDRE,1.416597864519496,46.88814364076068
MONTLUCON-EAU,MONTLUCON,ALLIER,2.591964369298358,46.36168535140353
BAILLEUL-SIR-BERTHOULT,BAILLEUL-SIR-BERTHOULT,PAS-DE-CALAIS,2.840839307618612,50.33448426394891
SAINT-MAUR-SUR-INDRE,SAINT-MAUR,INDRE,1.627111446648888,46.80269930355671
SAINT-SENOUX-PLECHATEL,SAINT-SENOUX,ILLE-ET-VILAINE,-1.766135330503265,47.89787749005208
SAINT-FLORENTIN-VERGIGNY,VERGIGNY,YONNE,3.729929252026178,47.98020249062703
TULLE,TULLE,CORREZE,1.757424216511593,45.25794001504676
LARDY,LARDY,ESSONNE,2.253571152085942,48.519964986339474
LE-VALDAHON,VALDAHON,DOUBS,6.34238015058726,47.149816892748554
ALENCON,ALENCON,ORNE,0.099146402339928,48.43394020457713
KRUTH,KRUTH,HAUT-RHIN,6.969472921578649,47.923391148754874
MAROMME,NOTRE-DAME-DE-BONDEVILLE,SEINE-MARITIME,1.050812936294812,49.47995060622689
LE-MOLAY-LITTRY,LE-MOLAY-LITTRY,CALVADOS,-0.881589184516523,49.24920849297646
BAILLARGUES,BAILLARGUES,HERAULT,4.006768360783083,43.653138822741845
LES-QUATRE-ROUTES,LE-VIGNON-EN-QUERCY,LOT,1.643741723887314,44.99766668078274
ESTREES-SAINT-DENIS,ESTREES-SAINT-DENIS,OISE,2.642715127062509,49.43788257800022
AIGREFEUILLE-LE-THOU,LE-THOU,CHARENTE-MARITIME,-0.952083708878203,46.09393484633778
GROSLAY,GROSLAY,VAL-D'OISE,2.353836106473294,48.9844996702509
LILLE-EUROPE,LILLE,NORD,3.075358680700009,50.63937158035179
SEVERAC-LE-CHATEAU,SEVERAC-D'AVEYRON,AVEYRON,3.056233833704843,44.32588340399582
CORCIEUX-VANEMONT,LA-HOUSSIERE,VOSGES,6.877630055927241,48.19841684438636
REMY,REMY,OISE,2.70574972068875,49.43317272238422
SAINT-PIAT,SAINT-PIAT,EURE-ET-LOIR,1.590248880831111,48.54288412127952
SAVONNIERES,SAVONNIERES,INDRE-ET-LOIRE,0.544098494950576,47.36062667812934
LYON-GORGE-DE-LOUP,LYON,RHONE,4.804524590633849,45.765956329548665
CHATELLERAULT,CHATELLERAULT,VIENNE,0.549511359941678,46.81853401630969
BARAQUEVILLE-CARCENAC-PEYRALES,BARAQUEVILLE,AVEYRON,2.428143927438019,44.270603189325136
COURBEVOIE,COURBEVOIE,HAUTS-DE-SEINE,2.248123472859284,48.898145474333724
CORMEILLES-EN-PARISIS,CORMEILLES-EN-PARISIS,VAL-D'OISE,2.193380215177233,48.968388207390454
FOS-VIGUERAT,FOS-SUR-MER,BOUCHES-DU-RHONE,4.837830676639272,43.458162704297315
THUES,THUES-ENTRE-VALLS,PYRENEES-ORIENTALES,2.222778080202633,42.522906676549844
BERNAY,BERNAY,EURE,0.595806572158335,49.08703884113328
CORNIL,CORNIL,CORREZE,1.697798774854842,45.21519625713731
SAUSSET-LES-PINS,SAUSSET-LES-PINS,BOUCHES-DU-RHONE,5.110071485855709,43.332982152777
AUTUN,AUTUN,SAONE-ET-LOIRE,4.292902253657597,46.95495665067907
SIORAC-EN-PERIGORD,SIORAC-EN-PERIGORD,DORDOGNE,0.987829145665422,44.81996737198574
VARENNES-SUR-ALLIER,VARENNES-SUR-ALLIER,ALLIER,3.394060932843521,46.31531678890195
AUTET,AUTET,HAUTE-SAONE,5.700661667009132,47.54129732337047
SAINTES,SAINTES,CHARENTE-MARITIME,-0.617587884909049,45.74784035534782
LA-FERTE-HAUTERIVE,LA-FERTE-HAUTERIVE,ALLIER,3.354438019044916,46.390185803516005
PRUNAY,PRUNAY,MARNE,4.183760460727639,49.19871245335
SAINT-MARTIN-DE-CRAU,SAINT-MARTIN-DE-CRAU,BOUCHES-DU-RHONE,4.800261847043873,43.62222528605967
FARBUS,FARBUS,PAS-DE-CALAIS,2.831068444424471,50.3577483374866
CREUTZWALD,CREUTZWALD,MOSELLE,6.673892209155985,49.19473919724611
BOIS-LE-ROI,BOIS-LE-ROI,SEINE-ET-MARNE,2.69055173862894,48.476397503236576
VERSAILLES-RIVE-DROITE,VERSAILLES,YVELINES,2.13569052240065,48.80960686623229
PORT-EDOUARD-HERRIOT,LYON,RHONE,4.848069789504199,45.72811804068342
LA-MOTHE-SAINT-HERAY,SAINTE-EANNE,DEUX-SEVRES,-0.129774274561548,46.38093567426709
QUILLAN,QUILLAN,AUDE,2.181744509481686,42.873609277848715
PONTRIEUX-HALTE,PONTRIEUX,COTES-D'ARMOR,-3.164222507725801,48.69806346759606
PIERREFITTE-STAINS,PIERREFITTE-SUR-SEINE,SEINE-SAINT-DENIS,2.373001354559722,48.96437437461674
COLOMBES,COLOMBES,HAUTS-DE-SEINE,2.25954079780269,48.923810540672356
STRASBOURG-VILLE,STRASBOURG,BAS-RHIN,7.734259299051056,48.58506336156198
JAUNAY-CLAN,JAUNAY-MARIGNY,VIENNE,0.381853882075925,46.68198061597681
VENISSIEUX-NORD,SAINT-PRIEST,RHONE,4.910924369072668,45.695887161525704
CHAMPAGNEY,CHAMPAGNEY,HAUTE-SAONE,6.701655766296653,47.70310904889356
LOUVROIL,LOUVROIL,NORD,3.952936580976273,50.2680647239787
FOLLIGNY,FOLLIGNY,MANCHE,-1.407073045906897,48.82959451174885
DERCY-FROIDMONT,DERCY,AISNE,3.692040868849259,49.70263602649007
TERRENOIRE,SAINT-ETIENNE,LOIRE,4.442503548289456,45.43500310430804
ANOR,ANOR,NORD,4.092890353525895,49.98498862662841
BOURNEZEAU,BOURNEZEAU,VENDEE,-1.177611060410453,46.651488845185106
SAINT-EMILION,SAINT-EMILION,GIRONDE,-0.159157372499572,44.88112135214965
MOURMELON-LE-PETIT,MOURMELON-LE-PETIT,MARNE,4.317833475946309,49.13130217130067
SEPT-SAULX,SEPT-SAULX,MARNE,4.256996396193811,49.15113148626445
LA-CELLE-CORREZE,LACELLE,CORREZE,1.82649066526703,45.64127225845143
VILLEFRANQUE,VILLEFRANQUE,PYRENEES-ATLANTIQUES,-1.456459173711385,43.43147515512119
CLAIRVAUX,LONGCHAMP-SUR-AUJON,AUBE,4.80213372779124,48.158314107439786
OULCHY-BRENY,BRENY,AISNE,3.352527882683758,49.1875213601501
BORDEAUX-BASTIDE,BORDEAUX,GIRONDE,-0.538969146326845,44.859147955141346
LE-BOUCHET,LA-ROCHE-RIGAULT,VIENNE,0.173178832579361,46.96872900737668
LE-SABLON,GRIGNY,RHONE,4.796488261870416,45.607467980877495
HESDIGNEUL,HESDIGNEUL-LES-BOULOGNE,PAS-DE-CALAIS,1.666817540767514,50.66096776465705
CAVAILLON-(MIN),CAVAILLON,VAUCLUSE,5.046659091199488,43.82538806376789
SCHIRMECK-LA-BROQUE,SCHIRMECK,BAS-RHIN,7.215942084030169,48.48000390764602
CANNES-MARCHANDISES,CANNES,ALPES-MARITIMES,6.977245954740099,43.54733946992869
BUZY-(MEUSE),BUZY-DARMONT,MEUSE,5.711115267260615,49.17210944741518
CHEILLY-LES-MARANGES,CHEILLY-LES-MARANGES,SAONE-ET-LOIRE,4.675645790792915,46.89258444391283
VILLIERS-SUR-MARNE-LE-PLESSIS-TREVISE,VILLIERS-SUR-MARNE,VAL-DE-MARNE,2.542603247392524,48.823117291772405
HIRSON,HIRSON,AISNE,4.084428325266086,49.91429746247123
PODENSAC,PODENSAC,GIRONDE,-0.358939698001225,44.64885184891111
CREST,CREST,DROME,5.01558883215303,44.73033017773909
GARCHES-MARNES-LA-COQUETTE,MARNES-LA-COQUETTE,HAUTS-DE-SEINE,2.186634102929027,48.837950561666695
LA-FOLIE-NANTERRE,NANTERRE,HAUTS-DE-SEINE,2.221413022163876,48.89876955406198
BRETEUIL,BRETEUIL,EURE,0.920511245410059,48.83150788915903
GAMBSHEIM,GAMBSHEIM,BAS-RHIN,7.879260591137476,48.69510389748331
AUDUN-LE-ROMAN,AUDUN-LE-ROMAN,MEURTHE-ET-MOSELLE,5.90217760556085,49.3658117451871
VERNET-D'ARIEGE,LE-VERNET,ARIEGE,1.611607072773937,43.18934614579822
VAUVERT,VAUVERT,GARD,4.270078432371114,43.69506047010821
BAUME-LES-DAMES,BAUME-LES-DAMES,DOUBS,6.359331703571241,47.35406376481064
MACHILLY,MACHILLY,HAUTE-SAVOIE,6.328385050923675,46.25277733637045
ROSIERES-AUX-SALINES,DOMBASLE-SUR-MEURTHE,MEURTHE-ET-MOSELLE,6.350395622522612,48.605339854216645
COSNE-SUR-LOIRE,COSNE-COURS-SUR-LOIRE,NIEVRE,2.932260348665754,47.413901352730996
GRANDPUITS-BAGNEUX,AUBEPIERRE-OZOUER-LE-REPOS,SEINE-ET-MARNE,2.940395649984255,48.59796225889293
AVIGNON-FONTCOUVERTE,AVIGNON,VAUCLUSE,4.833013884121501,43.93772005868086
CHAUMONT,CHAUMONT,HAUTE-MARNE,5.134189625704901,48.10953988226059
STE-GAUBURGE,SAINTE-GAUBURGE-SAINTE-COLOMBE,ORNE,0.42889187820659,48.7174251331736
GRENADE-SUR-L'ADOUR,GRENADE-SUR-L'ADOUR,LANDES,-0.424887041861246,43.777303771259746
GAZINET-CESTAS,CESTAS,GIRONDE,-0.699274977510004,44.77217336610326
CHAGNY,CHAGNY,SAONE-ET-LOIRE,4.748453193367109,46.90748655578193
DEULEMONT,QUESNOY-SUR-DEULE,NORD,2.993902419598765,50.716697992014026
LES-MOUTIERS-EN-RETZ,LES-MOUTIERS-EN-RETZ,LOIRE-ATLANTIQUE,-2.001416008442376,47.0619227003358
LA-CHAPELLE-SAINT-URSIN-MORTHOMIERS,LA-CHAPELLE-SAINT-URSIN,CHER,2.30166569805246,47.046894888472224
IS-SUR-TILLE,MARCILLY-SUR-TILLE,COTE-D'OR,5.129832199967969,47.52021534007557
JAVEL,PARIS,PARIS,2.276972522624144,48.84624503121708
COGNAC,COGNAC,CHARENTE,-0.325914220058967,45.68454005699418
NOINTEL-MOURS,NOINTEL,VAL-D'OISE,2.280531071997478,49.13259144140239
SAINT-CLEMENT-LARONXE,SAINT-CLEMENT,MEURTHE-ET-MOSELLE,6.608243170212739,48.531305690911516
CHAPEAUROUX,SAINT-BONNET-LAVAL,LOZERE,3.742013580195539,44.8378407627591
COBRIEUX,GENECH,NORD,3.219116975031333,50.54040920004633
TOURNEMIRE-ROQUEFORT,TOURNEMIRE,AVEYRON,3.016591363237482,43.96998189614436
NURIEUX,NURIEUX-VOLOGNAT,AIN,5.533214675860809,46.183944541283616
CRANSAC,CRANSAC,AVEYRON,2.271752441163691,44.522936850067055
BELLE-ISLE-BEGARD,LOUARGAT,COTES-D'ARMOR,-3.322777659728402,48.59356255918787
COURTENAY,COURTENAY,LOIRET,3.057087813065508,48.03665774449413
CHAMPTOCE-SUR-LOIRE,CHAMPTOCE-SUR-LOIRE,MAINE-ET-LOIRE,-0.870480106704938,47.41034143099891
BOULOURIS-SUR-MER,SAINT-RAPHAEL,VAR,6.807861152996983,43.41620609503745
LA-POINTE-BOUCHEMAINE,BOUCHEMAINE,MAINE-ET-LOIRE,-0.617585830099876,47.417094375766126
CLUSES,CLUSES,HAUTE-SAVOIE,6.582707514462019,46.061402280505185
GUERET,GUERET,CREUSE,1.879372546235722,46.17423336193868
BESSINES,BESSINES-SUR-GARTEMPE,HAUTE-VIENNE,1.377068005413378,46.12659603149818
MONTMOREAU,MONTMOREAU,CHARENTE,0.137983501504185,45.39819079001309
BONNIERES,BONNIERES-SUR-SEINE,YVELINES,1.58161111135634,49.03874367959271
CAVAILLON,CAVAILLON,VAUCLUSE,5.044680843290322,43.83250812262349
OSSUN,OSSUN,HAUTES-PYRENEES,-0.021336143397114,43.18329016572881
QUEDILLAC,QUEDILLAC,ILLE-ET-VILAINE,-2.145221664824248,48.24859752353942
FERE-CHAMPENOISE,FERE-CHAMPENOISE,MARNE,3.982709824342237,48.76217372230454
ESTERNAY,ESTERNAY,MARNE,3.562049601004477,48.73095043626965
CALLAC,CALLAC,COTES-D'ARMOR,-3.418548488597128,48.40682753963829
NIMES-PONT-DU-GARD,MANDUEL,GARD,4.505903653936226,43.815643628459576
PORT-D'ATELIER-AMANCE,FAVERNEY,HAUTE-SAONE,6.043474433363755,47.75865896332187
IMPHY,IMPHY,NIEVRE,3.259411125784636,46.9323116784127
PONT-SUR-YONNE,PONT-SUR-YONNE,YONNE,3.201645201502238,48.287315768993324
LA-POMME,MARSEILLE,BOUCHES-DU-RHONE,5.44133859765877,43.290550286222945
CAVAILLON,CAVAILLON,VAUCLUSE,5.044022155749948,43.83458136279735
LYCEE-HENRI-SELLIER,LIVRY-GARGAN,SEINE-SAINT-DENIS,2.515624361772269,48.91454184271352
STE-CHRISTIE,SAINTE-CHRISTIE,GERS,0.61840631843755,43.75788137792388
LUTZELHOUSE,MUHLBACH-SUR-BRUCHE,BAS-RHIN,7.294179308049222,48.51807404494722
LAMOTHE-LANDERRON,LAMOTHE-LANDERRON,GIRONDE,0.045140578137402,44.56272133449386
BOURG-SAINT-MAURICE,BOURG-SAINT-MAURICE,SAVOIE,6.7715124971297,45.618307167225964
ISSE,ISSE,LOIRE-ATLANTIQUE,-1.451032775630894,47.62683893148898
BABINIERE,LA-CHAPELLE-SUR-ERDRE,LOIRE-ATLANTIQUE,-1.544930611060151,47.25885861212914
DELLE,DELLE,TERRITOIRE-DE-BELFORT,7.010177121084168,47.505797259967956
MUNDOLSHEIM,MUNDOLSHEIM,BAS-RHIN,7.72128336654117,48.64480647493068
MOULINS-SUR-ALLIER,YZEURE,ALLIER,3.337996194581846,46.556595429011054
NEAU,NEAU,MAYENNE,-0.476530598995848,48.1575375108209
LILLE-PORTE-DE-DOUAI,LILLE,NORD,3.075284054981672,50.61207675491873
MONT-SUR-MEURTHE,MONT-SUR-MEURTHE,MEURTHE-ET-MOSELLE,6.450133611525778,48.560084588633046
DIRINON-LOPERHET,LOPERHET,FINISTERE,-4.285642326605409,48.392685659283
GRAND-QUEVILLY,LE-GRAND-QUEVILLY,SEINE-MARITIME,1.037040358719237,49.41198392189755
CLERMONT-LA-PARDIEU,CLERMONT-FERRAND,PUY-DE-DOME,3.134295625201945,45.76691187923342
MEZY,MEZY-MOULINS,AISNE,3.506036736540149,49.06682665545266
SAINT-GERMAIN-DU-PUY,SAINT-GERMAIN-DU-PUY,CHER,2.484452273135556,47.09632199886517
MARGUT-FROMY,FROMY,ARDENNES,5.257332839814516,49.59070957115903
GORGES,GORGES,LOIRE-ATLANTIQUE,-1.306026823214106,47.10029916391393
GAGNY,GAGNY,SEINE-SAINT-DENIS,2.526823122193611,48.88328737661013
SAINT-PIERRE-D'AURILLAC,SAINT-PIERRE-D'AURILLAC,GIRONDE,-0.187547654474234,44.57521874160931
LAVAL-DE-CERE,LAVAL-DE-CERE,LOT,1.931705708051534,44.951170797577724
DESVRES,DESVRES,PAS-DE-CALAIS,1.846332148897643,50.665333856749584
REIMS,REIMS,MARNE,4.024434919226614,49.25946798426691
LOUROUX-DE-BOUBLE,LOUROUX-DE-BOUBLE,ALLIER,2.984886163041501,46.224080830869276
MAURECOURT,ANDRESY,YVELINES,2.059879943892542,48.987078613205306
PLESTAN,PLESTAN,COTES-D'ARMOR,-2.442067636620874,48.42553840006436
CAPDENAC,CAPDENAC-GARE,AVEYRON,2.077408214377482,44.57865477582681
VELARS,VELARS-SUR-OUCHE,COTE-D'OR,4.927572017049529,47.32663400368374
CAULNES,CAULNES,COTES-D'ARMOR,-2.155478677951805,48.2843914107651
CHIRAC,BOURGS-SUR-COLAGNE,LOZERE,3.263898586997696,44.524376010759866
AIX-EN-PROVENCE,AIX-EN-PROVENCE,BOUCHES-DU-RHONE,5.317306755615249,43.455236570556686
SAULON,SAULON-LA-CHAPELLE,COTE-D'OR,5.103952656207275,47.22449702706597
ROCHY-CONDE,ROCHY-CONDE,OISE,2.172723743537332,49.398364318835135
BESSANCOURT,BESSANCOURT,VAL-D'OISE,2.209859681939533,49.035731366037
TRITH-SAINT-LEGER,TRITH-SAINT-LEGER,NORD,3.489208443596373,50.33168205864179
EPONE-MEZIERES,EPONE,YVELINES,1.808549128385776,48.96326024162365
SEVRAN-LIVRY,SEVRAN,SEINE-SAINT-DENIS,2.53467616246107,48.9362806402049
PORTES,PORTES-LES-VALENCE,DROME,4.874246002845219,44.87953725685093
MARTIGUES,MARTIGUES,BOUCHES-DU-RHONE,5.02505864722024,43.38757957683079
ROUESSE-VASSE,ROUESSE-VASSE,SARTHE,-0.200093332552867,48.1602602218494
LA-GARENNE-COLOMBES,COLOMBES,HAUTS-DE-SEINE,2.239809454532135,48.90969758477759
MIRECOURT,MIRECOURT,VOSGES,6.12914077829477,48.299854954820624
MARSEILLE-BLANCARDE,MARSEILLE,BOUCHES-DU-RHONE,5.407094172823087,43.29645454944402
LILLE-CHR,LILLE,NORD,3.033880299776282,50.614490676467405
VARANGEVILLE-SAINT-NICOLAS,VARANGEVILLE,MEURTHE-ET-MOSELLE,6.313158113570469,48.63533630189549
MONTIERCHAUME,MONTIERCHAUME,INDRE,1.797643888384134,46.85184045795991
HOMECOURT,HOMECOURT,MEURTHE-ET-MOSELLE,5.997872241481719,49.21819984213956
LA-HUME,GUJAN-MESTRAS,GIRONDE,-1.116034032456396,44.64002182461614
VRIGNE-MEUSE,VRIGNE-MEUSE,ARDENNES,4.843348320878918,49.70088831696133
HOFFEN,HOFFEN,BAS-RHIN,7.933334342280364,48.93122038223287
SAINT-RAMBERT-EN-BUGEY,SAINT-RAMBERT-EN-BUGEY,AIN,5.439242836530275,45.947525236632266
LA-VERRIERE,LA-VERRIERE,YVELINES,1.94386690800612,48.75545694012282
NEXON,NEXON,HAUTE-VIENNE,1.178309543374612,45.68907647955986
PONT-A-VENDIN,VENDIN-LE-VIEIL,PAS-DE-CALAIS,2.878316010976143,50.48101595672629
BERTRY,BERTRY,NORD,3.449024670182102,50.091126642705575
PLEYBER-CHRIST,PLEYBER-CHRIST,FINISTERE,-3.883086229756259,48.50747856463624
ROMBAS-CLOUANGE,ROMBAS,MOSELLE,6.099224950443746,49.25598422432133
SAINT-LEU-D'ESSERENT,SAINT-LEU-D'ESSERENT,OISE,2.418271593338085,49.21443254592998
BANTZENHEIM,BANTZENHEIM,HAUT-RHIN,7.505385239937565,47.811588974683396
COUSANCE,COUSANCE,JURA,5.3866411616541,46.53478844418376
LAPEYROUSE,LAPEYROUSE,PUY-DE-DOME,2.894294848585823,46.22309281286563
LES-COQUETIERS,VILLEMOMBLE,SEINE-SAINT-DENIS,2.498467846586029,48.89231807239319
VIRY-CHATILLON,VIRY-CHATILLON,ESSONNE,2.386823087795419,48.67612207544676
LANDEBIA,LANDEBIA,COTES-D'ARMOR,-2.331300984369982,48.50718444179737
PONTHIERRY-PRINGY,SAINT-FARGEAU-PONTHIERRY,SEINE-ET-MARNE,2.545060680109201,48.53499652365479
LUSIGNAN,LUSIGNAN,VIENNE,0.116562176116646,46.435540278870064
MARLIEUX-CHATILLON,MARLIEUX,AIN,5.073418433535314,46.063977896289906
CUBZAC-LES-PONTS,CUBZAC-LES-PONTS,GIRONDE,-0.458798428127971,44.9731491953204
SILLE-LE-GUILLAUME,SILLE-LE-GUILLAUME,SARTHE,-0.128880940359664,48.18166721450334
MULHOUSE-MUSEES-(TRAM/TRAIN),MULHOUSE,HAUT-RHIN,7.298675911955275,47.75015974020797
SAINT-NABORD,SAINT-NABORD,VOSGES,6.581372646613417,48.0456542685454
SAINT-FLORENTIN-VERGIGNY,VERGIGNY,YONNE,3.730960975499897,47.980410691581746
BASSE-HAM,BASSE-HAM,MOSELLE,6.234898195489142,49.38057079790666
SAINT-GEOURS,SAINT-GEOURS-DE-MAREMNE,LANDES,-1.241071350268976,43.67127697552571
FREISTROFF,FREISTROFF,MOSELLE,6.491308617048276,49.27740256657128
GUILLERVAL,GUILLERVAL,ESSONNE,2.058978482949175,48.37361195544384
WALLERS,WALLERS,NORD,3.393640834061122,50.38458898670618
CESSIEU,CESSIEU,ISERE,5.376503013725852,45.560946177685025
SAINT-AMAND-MONTROND-ORVAL,ORVAL,CHER,2.485791477260844,46.72643246817583
LE-DOUHET-ECOYEUX,LE-DOUHET,CHARENTE-MARITIME,-0.559544832069206,45.813563943665976
CONDOM,CONDOM,GERS,0.36549130005738,43.96216203659582
AILLY-SUR-NOYE,AILLY-SUR-NOYE,SOMME,2.364295000500494,49.75486539962855
NESLE,NESLE,SOMME,2.909003683132353,49.7640751454266
BAR-LE-DUC,BAR-LE-DUC,MEUSE,5.167193337889746,48.77367615307599
VOREY,VOREY,HAUTE-LOIRE,3.910845069786845,45.183917174735306
GIEVRES,GIEVRES,LOIR-ET-CHER,1.668036905347221,47.279033660953836
GIVORS-CANAL,GIVORS,RHONE,4.77260110284703,45.596071011323396
EMPALOT,TOULOUSE,HAUTE-GARONNE,1.427807263285348,43.56951314577459
DREUIL-LES-AMIENS,DREUIL-LES-AMIENS,SOMME,2.228186020967347,49.91535661056301
ROSULT,ROSULT,NORD,3.348301824455115,50.456479064497294
SAINT-ANDRE-LE-GAZ,SAINT-ANDRE-LE-GAZ,ISERE,5.52473658763692,45.543937042220996
TROUVILLE-DEAUVILLE,DEAUVILLE,CALVADOS,0.084249132581918,49.35961153422813
AUXERRE-SAINT-GERVAIS,AUXERRE,YONNE,3.585464507772017,47.79761112367383
FERRIERE-LA-GRANDE,FERRIERE-LA-GRANDE,NORD,4.000900568769875,50.25451274873495
CLERAC-CHARENTE,CLERAC,CHARENTE-MARITIME,-0.225789042171448,45.19132375598026
VULAINES-SUR-SEINE-SAMOREAU,VULAINES-SUR-SEINE,SEINE-ET-MARNE,2.753071315575744,48.43056863999238
MONTVILLE,ESLETTES,SEINE-MARITIME,1.069874551174672,49.5512072804505
LE-BOUSQUET-D'ORB,LE-BOUSQUET-D'ORB,HERAULT,3.168927392137638,43.691098536008155
BEAU-MARAIS,CALAIS,PAS-DE-CALAIS,1.899167319606589,50.945374237372256
BACOUEL,BACOUEL-SUR-SELLE,SOMME,2.193484241391459,49.83164196675783
DRAP-CANTARON,CANTARON,ALPES-MARITIMES,7.316939479711958,43.75988022243699
PLERGUER,PLERGUER,ILLE-ET-VILAINE,-1.850553974849737,48.53148389771887
DANNEMARIE-VELESMES,DANNEMARIE-SUR-CRETE,DOUBS,5.873778668862695,47.20387321386446
SAINT-GERMAIN-DES-FOSSES,SAINT-GERMAIN-DES-FOSSES,ALLIER,3.430507768733191,46.20901169096101
PONT-REMY,PONT-REMY,SOMME,1.898939345567899,50.04724458212341
SAINT-ETIENNE-LA-TERRASSE,SAINT-ETIENNE,LOIRE,4.379503128451234,45.46473450079108
SAINT-DALMAS-DE-TENDE,TENDE,ALPES-MARITIMES,7.585771131238855,44.05650060863687
MERU,MERU,OISE,2.1323187163077,49.23247991646353
ROSCOFF,ROSCOFF,FINISTERE,-3.98283581320845,48.72064886373147
ORGERES,ORGERES-EN-BEAUCE,EURE-ET-LOIR,1.679214807872474,48.14574374349675
GUINGAMP,GUINGAMP,COTES-D'ARMOR,-3.143272301851309,48.55551057499482
SOMAIN,SOMAIN,NORD,3.279705326446376,50.35539709287167
SUIPPES,SUIPPES,MARNE,4.543216720152278,49.12006402563912
VALENTON,VALENTON,VAL-DE-MARNE,2.458903978195572,48.75903275384466
CLERES,CLERES,SEINE-MARITIME,1.106643442215298,49.59933791321532
DIVES-CABOURG,DIVES-SUR-MER,CALVADOS,-0.10768360318535,49.28657302870108
LA-MARCHE,LA-MARCHE,NIEVRE,3.039523193719547,47.13976742721954
MASSERAC,MASSERAC,LOIRE-ATLANTIQUE,-1.913873068532598,47.6746637776041
HOMBOURG-HAUT,HOMBOURG-HAUT,MOSELLE,6.77429829221759,49.12615707140362
CHANAC,ESCLANEDES,LOZERE,3.345563721851413,44.4740883799819
JESSAINS,JESSAINS,AUBE,4.583271713436319,48.28456110565843
LONGROY-GAMACHES,LONGROY,SEINE-MARITIME,1.552527458135907,49.982041058675236
CUERS-PIERREFEU,CUERS,VAR,6.085667620378097,43.236360429974035
CLISSON,CLISSON,LOIRE-ATLANTIQUE,-1.28640768160279,47.08599734750532
HABSHEIM,HABSHEIM,HAUT-RHIN,7.418284187622341,47.737707520560846
LE-VAL-D'OR,SAINT-CLOUD,HAUTS-DE-SEINE,2.216607395910575,48.85691460436024
GOUSSAINVILLE,GOUSSAINVILLE,VAL-D'OISE,2.464145013775797,49.024352868208844
CALAIS-FRETHUN,FRETHUN,PAS-DE-CALAIS,1.812465843119202,50.901607278499874
REMOULINS-PONT-DU-GARD,REMOULINS,GARD,4.568512128266995,43.93793239441576
METZ-VILLE,METZ,MOSELLE,6.177442838036328,49.10898911419044
CERONS,CERONS,GIRONDE,-0.340829735297604,44.632159173017854
UCHAUD,UCHAUD,GARD,4.267364832101653,43.75797924386263
THONON-LES-BAINS,THONON-LES-BAINS,HAUTE-SAVOIE,6.482718549845309,46.369193044334956
SAULIEU,SAULIEU,COTE-D'OR,4.235869427228799,47.283046495542564
SAINT-CERGUES-LES-VOIRONS,SAINT-CERGUES,HAUTE-SAVOIE,6.303318787769152,46.2272535831692
MULLERHOF,URMATT,BAS-RHIN,7.312616500561601,48.52473877313215
BAISIEUX,BAISIEUX,NORD,3.234698972261435,50.61859900486093
MANTES-STATION,MANTES-LA-JOLIE,YVELINES,1.71578351799244,48.98348946229686
SAINT-MARTIN-D'ETAMPES,ETAMPES,ESSONNE,2.14530897698044,48.4273872831252
MONTFORT-LE-GESNOIS,MONTFORT-LE-GESNOIS,SARTHE,0.406533379951194,48.040585156941496
MIRAUMONT,MIRAUMONT,SOMME,2.734761223883659,50.09574294466118
CROS-DE-CAGNES,CAGNES-SUR-MER,ALPES-MARITIMES,7.167135261292968,43.66051083800892
KUNTZIG,KUNTZIG,MOSELLE,6.234602192195888,49.34993757027724
MINIAC,MINIAC-MORVAN,ILLE-ET-VILAINE,-1.914912870784899,48.53148250249677
DREUX,DREUX,EURE-ET-LOIR,1.391676047782534,48.74298202366002
BAGNEAUX-SUR-LOING,BAGNEAUX-SUR-LOING,SEINE-ET-MARNE,2.703400730744868,48.23049418737917
CORGOLOIN,CORGOLOIN,COTE-D'OR,4.917058362420628,47.084012893430376
CAZERES-SUR-GARONNE,CAZERES,HAUTE-GARONNE,1.082082945305665,43.2126944588755
PARIS-BERCY,PARIS,PARIS,2.385020824629119,48.840056742386324
SAINT-LAURENT-GAINNEVILLE,SAINT-LAURENT-DE-BREVEDENT,SEINE-MARITIME,0.252273664330009,49.528513789799675
LES-QUATRE-ROUES,PRUNIERS-EN-SOLOGNE,LOIR-ET-CHER,1.702453687596139,47.33240828006836
BEAUVOIR-SUR-NIORT,BEAUVOIR-SUR-NIORT,DEUX-SEVRES,-0.468771957598848,46.17676200989479
CHAMONIX-MONT-BLANC,CHAMONIX-MONT-BLANC,HAUTE-SAVOIE,6.873950536358757,45.92246907642051
SAINT-FELIU-D'AVALL,SAINT-FELIU-D'AVALL,PYRENEES-ORIENTALES,2.737890732080577,42.67731335432461
LES-CAUQUILLOUS,LAVAUR,TARN,1.754566424314565,43.73413477690476
VIVIEZ-DECAZEVILLE,VIVIEZ,AVEYRON,2.218316324853336,44.55595253532143
DIEMERINGEN,DIEMERINGEN,BAS-RHIN,7.185182476605121,48.94096956044831
SAINT-LAURENT-(JURA),SAINT-LAURENT-EN-GRANDVAUX,JURA,5.951141050754158,46.57476575676705
DIEUPENTALE,DIEUPENTALE,TARN-ET-GARONNE,1.275970205126188,43.86534515610148
ANGERVILLE,ANGERVILLE,ESSONNE,2.002985423153945,48.31036081579418
PARIS-SAINT-LAZARE,PARIS,PARIS,2.3256978017617,48.87684876001768
MAZINGARBE,MAZINGARBE,PAS-DE-CALAIS,2.700505767812215,50.46089616785513
GIVORS,GIVORS,RHONE,4.766022094433548,45.585145214104514
BOUZONVILLE,BOUZONVILLE,MOSELLE,6.529139172868558,49.289873677431316
ROMANS-BOURG-DE-PEAGE,ROMANS-SUR-ISERE,DROME,5.049639169736672,45.04899423794729
MANTES-LA-JOLIE,MANTES-LA-JOLIE,YVELINES,1.703938722931357,48.98941752668638
CLONAS,CLONAS-SUR-VAREZE,ISERE,4.772085768522904,45.414602966326804
SAINT-SEBASTIEN-FRENE-ROND,SAINT-SEBASTIEN-SUR-LOIRE,LOIRE-ATLANTIQUE,-1.496049443604204,47.19082056272342
VENIZEL,VENIZEL,AISNE,3.396663247810074,49.36749861277327
SAINT-MASMES,SAINT-MASMES,MARNE,4.268390666431735,49.3134022390633
SOUVIGNY,SOUVIGNY,ALLIER,3.190404924894053,46.531259378140156
ERDRE-ACTIVE,LA-CHAPELLE-SUR-ERDRE,LOIRE-ATLANTIQUE,-1.544620038000279,47.28298910738411
VIADUC-STE-MARIE,LES-HOUCHES,HAUTE-SAVOIE,6.785041167358493,45.897090475300146
CAP-D'AIL,CAP-D'AIL,ALPES-MARITIMES,7.394093476592502,43.72061321511636
FELLERING,FELLERING,HAUT-RHIN,6.986995428994838,47.897703270414546
MEUDON-VAL-FLEURY,MEUDON,HAUTS-DE-SEINE,2.241247259528088,48.80787932421281
ACHEUX-FRANLEU,CHEPY,SOMME,1.657174350378938,50.08247940983747
FOS-MERIQUETTE,FOS-SUR-MER,BOUCHES-DU-RHONE,4.914448906941662,43.45505361627028
MARMAGNE-SOUS-CREUSOT,MARMAGNE,SAONE-ET-LOIRE,4.35958701997464,46.83355436615936
GENNEVILLIERS,GENNEVILLIERS,HAUTS-DE-SEINE,2.307259455389398,48.93386360474658
SAINT-BRICE-SUR-VIENNE,SAINT-BRICE-SUR-VIENNE,HAUTE-VIENNE,0.952252729453219,45.87811742813138
SAILLANS,SAILLANS,DROME,5.194783939213946,44.69443147257503
L'ESCARENE,L'ESCARENE,ALPES-MARITIMES,7.352028086651033,43.839631442020284
MEZIDON,MEZIDON-VALLEE-D'AUGE,CALVADOS,-0.074439183829277,49.07068696758813
JARNAC,MAINXE-GONDEVILLE,CHARENTE,-0.177767829814888,45.671115928219415
LE-DORAT,LE-DORAT,HAUTE-VIENNE,1.079358669207679,46.21097510473997
BUSSEAU-SUR-CREUSE,AHUN,CREUSE,2.023844364955577,46.12303673780821
LUC-PRIMAUBE,LUC-LA-PRIMAUBE,AVEYRON,2.554709662483429,44.29215515184133
ETIGNY-VERON,ETIGNY,YONNE,3.290101250941349,48.1385252622032
SEVRAN-BEAUDOTTES,SEVRAN,SEINE-SAINT-DENIS,2.524800187218361,48.945901249638524
PRE-EN-PAIL,PRE-EN-PAIL-SAINT-SAMSON,MAYENNE,-0.204384012977636,48.45791108441943
JALONS-LES-VIGNES,JALONS,MARNE,4.18793918511172,49.01173369676589
CHAMP-DE-COURSES-D'ENGHIEN,SOISY-SOUS-MONTMORENCY,VAL-D'OISE,2.29208498204663,48.97963342222922
MIRAMAS,MIRAMAS,BOUCHES-DU-RHONE,4.999682893584165,43.58092507982593
PRAYE-SOUS-VAUDEMONT,PRAYE,MEURTHE-ET-MOSELLE,6.100933289876392,48.43255232896136
ALES,ALES,GARD,4.084967396108715,44.12803162747341
MOULIS-LISTRAC,MOULIS-EN-MEDOC,GIRONDE,-0.74467050609378,45.08398014047938
SAINCAIZE,SAINCAIZE-MEAUCE,NIEVRE,3.07162376413755,46.93127033070911
MONSEMPRON-LIBOS,MONSEMPRON-LIBOS,LOT-ET-GARONNE,0.943445225212706,44.48811150501302
LECELLES,LECELLES,NORD,3.403718496274773,50.466288242717546
PICON-BUSSERINE,MARSEILLE,BOUCHES-DU-RHONE,5.393237246267672,43.33133282560854
NEVERS-LE-BANLAY,NEVERS,NIEVRE,3.165035741905773,47.0065893582654
BENA-FANES,ENVEITG,PYRENEES-ORIENTALES,1.916981946065481,42.457976190250115
SAINT-GILLES,WINTZENHEIM,HAUT-RHIN,7.261258648265159,48.07593688423623
OUDON,OUDON,LOIRE-ATLANTIQUE,-1.292323782330653,47.3431984973829
BORDEAUX-SAINT-JEAN,BORDEAUX,GIRONDE,-0.555977516187792,44.82592310199666
DOULON,NANTES,LOIRE-ATLANTIQUE,-1.518465546878543,47.226537871418145
LAVAVEIX-LES-MINES,LAVAVEIX-LES-MINES,CREUSE,2.089200138178173,46.07889918154853
LILLERS,LILLERS,PAS-DE-CALAIS,2.479393393503667,50.56097959829487
LA-FRAYERE,CANNES,ALPES-MARITIMES,6.972185860221419,43.55806008474517
MAUZE,MAUZE-SUR-LE-MIGNON,DEUX-SEVRES,-0.673751780430037,46.19973329084157
STEINBOURG,STEINBOURG,BAS-RHIN,7.415056377008995,48.76354364840649
AIFFRES,AIFFRES,DEUX-SEVRES,-0.422715857962189,46.28338647208715
THOUROTTE,THOUROTTE,OISE,2.881821659905954,49.47543325910284
GERMAINE,GERMAINE,MARNE,4.022858782942289,49.12805579944981
ESQUELBECQ,ESQUELBECQ,NORD,2.412241153319143,50.888919605915895
ZU-RHEIN,MULHOUSE,HAUT-RHIN,7.317323496658664,47.7435477256613
BRION-MONTREAL-LA-CLUSE,BRION,AIN,5.558456483655577,46.175692902381236
AGDE,AGDE,HERAULT,3.466942106026499,43.317520257371385
CHABONS,CHABONS,ISERE,5.428172701615482,45.43768770216143
MANOIS,MANOIS,HAUTE-MARNE,5.364701402401587,48.27418909909771
MARTIGUES,MARTIGUES,BOUCHES-DU-RHONE,5.025492060648398,43.39197035136487
FORS,FORS,DEUX-SEVRES,-0.406650762545785,46.23422955091696
THENISSEY,THENISSEY,COTE-D'OR,4.622913908240606,47.49460857303555
LA-FERTE-ALAIS,LA-FERTE-ALAIS,ESSONNE,2.352035820662094,48.48477733181462
ISLES-ARMENTIERES,ISLES-LES-MELDEUSES,SEINE-ET-MARNE,3.007121670847977,48.99798873657706
BALEYCOURT,VERDUN,MEUSE,5.308422752858975,49.13551799214641
INGERSHEIM-CITE-SCOLAIRE,TURCKHEIM,HAUT-RHIN,7.298140764984852,48.08886133409908
ALBI-MADELEINE,ALBI,TARN,2.141024616633945,43.938620340854015
SAINT-CHRISTOPHE,SAINT-CHRISTOPHE-VALLON,AVEYRON,2.407481693607086,44.464787751590286
BETHENIVILLE,BETHENIVILLE,MARNE,4.363370788478176,49.29220874495941
SAINT-LEONARD,SAINT-LEONARD,VOSGES,6.94155588516474,48.21658082934316
STRASBOURG-CRONENBOURG,STRASBOURG,BAS-RHIN,7.728295910670465,48.60056992440477
PEREIRE-LEVALLOIS,PARIS,PARIS,2.297946221609722,48.885306590229135
LA-HISSE,SAINT-SAMSON-SUR-RANCE,COTES-D'ARMOR,-2.003131989956737,48.496070506893915
LES-BONS-PERES,ROUSIES,NORD,4.010861743910406,50.279801417371175
VILLERS-LES-POTS,VILLERS-LES-POTS,COTE-D'OR,5.348341966349595,47.206438928878384
SAINT-ETIENNE-DU-ROUVRAY,SAINT-ETIENNE-DU-ROUVRAY,SEINE-MARITIME,1.109585806286143,49.3771268079681
POLIENAS,POLIENAS,ISERE,5.473680116735924,45.25588485875957
TRILPORT,TRILPORT,SEINE-ET-MARNE,2.949478849751468,48.96019105647409
ROUGEBARRE,MARCQ-EN-BARUL,NORD,3.105847130233249,50.65429044322478
GERGY,GERGY,SAONE-ET-LOIRE,4.939804112771591,46.87701744681137
PARIS-GARE-DE-LYON,PARIS,PARIS,2.375645285904874,48.84431152436104
NIOLON,LE-ROVE,BOUCHES-DU-RHONE,5.257005477918977,43.34011565878121
LA-PLAINE-STADE-DE-FRANCE,SAINT-DENIS,SEINE-SAINT-DENIS,2.362965044158142,48.918255958873715
SALLELES-D'AUDE,SALLELES-D'AUDE,AUDE,2.946155642460429,43.26239184401905
BISCHHEIM,SCHILTIGHEIM,BAS-RHIN,7.74183761330786,48.61190337769995
MONISTROL-D'ALLIER,MONISTROL-D'ALLIER,HAUTE-LOIRE,3.649860179389542,44.96959700426065
SAINT-GERMAIN-LES-BELLES,SAINT-GERMAIN-LES-BELLES,HAUTE-VIENNE,1.479392791496565,45.61025864207874
PONT-AUDEMER,PONT-AUDEMER,EURE,0.51464195375008,49.35199663574239
CHEDDE,PASSY,HAUTE-SAVOIE,6.719875125684913,45.92632023306807
VIVOIN-BEAUMONT,VIVOIN,SARTHE,0.144908578210272,48.23019899107596
MESSEMPRE,PURE,ARDENNES,5.164127915872865,49.676840328434906
REMIREMONT,REMIREMONT,VOSGES,6.598352080436954,48.016831250313956
CERCOTTES,CERCOTTES,LOIRET,1.884867480995751,47.98548594489561
SAINT-RAMBERT-D'ALBON,SAINT-RAMBERT-D'ALBON,DROME,4.809705244545719,45.29981303378477
POMPADOUR,ARNAC-POMPADOUR,CORREZE,1.387230190785224,45.39519304516893
LA-BARRE-ORMESSON,DEUIL-LA-BARRE,VAL-D'OISE,2.315824843537354,48.96687196526681
CIZE-BOLOZON,BOLOZON,AIN,5.453749653654721,46.21366129732592
PRADES-MOLITG-LES-BAINS,PRADES,PYRENEES-ORIENTALES,2.429417896972623,42.61704961880252
LENS,AVION,PAS-DE-CALAIS,2.834951582378574,50.42324507192143
SAINT-OMER,SAINT-OMER,PAS-DE-CALAIS,2.267119256493968,50.753963943321615
GUILLAUCOURT,GUILLAUCOURT,SOMME,2.634820287609759,49.8450059798228
MONTBRISON,MONTBRISON,LOIRE,4.078542943275632,45.60453350000632
NONANT-LE-PIN,NONANT-LE-PIN,ORNE,0.219878751289123,48.703756536568214
KESKASTEL,KESKASTEL,BAS-RHIN,7.049041898103694,48.965393607993505
LE-MANS,LE-MANS,SARTHE,0.194090806361883,47.99501903643902
SAINT-GERMAIN-DU-PUY,SAINT-GERMAIN-DU-PUY,CHER,2.484636534563115,47.0964466767649
HATRIZE,HATRIZE,MEURTHE-ET-MOSELLE,5.906485182260786,49.19255447743192
KERHUON,LE-RELECQ-KERHUON,FINISTERE,-4.38823263180559,48.409605201316694
PONTCHAILLOU,RENNES,ILLE-ET-VILAINE,-1.691801073204263,48.11826355636143
PORTETS,PORTETS,GIRONDE,-0.425408145119522,44.69292541617282
TRIE-CHATEAU,TRIE-CHATEAU,OISE,1.818143929978403,49.28265560153135
DIE,DIE,DROME,5.362579975522965,44.75837755770769
ANGERS-SAINT-SERGE,ECOUFLANT,MAINE-ET-LOIRE,-0.523059024775471,47.498794691277546
PENTHIEVRE,SAINT-PIERRE-QUIBERON,MORBIHAN,-3.133098836385785,47.55778349965939
MENTON,MENTON,ALPES-MARITIMES,7.492432887755912,43.773815736196276
MONT-LOUIS-LA-CABANASSE,LA-CABANASSE,PYRENEES-ORIENTALES,2.113228039685357,42.50196419459359
GAURIAGUET,GAURIAGUET,GIRONDE,-0.399167473147403,45.05452289293042
VERNOUILLET-VERNEUIL,VERNEUIL-SUR-SEINE,YVELINES,1.98310692496165,48.98136837007953
BOUCHAIN,NEUVILLE-SUR-ESCAUT,NORD,3.331897602202126,50.278036903655895
LA-CRAU,LA-CRAU,VAR,6.068743100580353,43.14487223857758
CHATEAUNEUF-SUR-CHARENTE,CHATEAUNEUF-SUR-CHARENTE,CHARENTE,-0.050141989389213,45.5998615968412
SURGERES,SURGERES,CHARENTE-MARITIME,-0.762032698442091,46.11335235759794
VOUZIERS,VOUZIERS,ARDENNES,4.705851241346434,49.38948151612966
SAULNES,SAULNES,MEURTHE-ET-MOSELLE,5.829186647878633,49.531453251696185
VOIVRES,VOIVRES-LES-LE-MANS,SARTHE,0.085242272357547,47.93036225071098
CUINCHY,CUINCHY,PAS-DE-CALAIS,2.74371760990485,50.52217060298634
STE-MARGUERITE,COMINES,NORD,3.009210140330278,50.740839489626424
STRASBOURG-PORT-DU-RHIN,STRASBOURG,BAS-RHIN,7.794637563830641,48.57436622421724
GARDONNE,GARDONNE,DORDOGNE,0.331967638905795,44.834667775010615
ALBI,ALBI,TARN,2.137784640369475,43.9223469965895
SAINT-HILAIRE-DE-CHALEONS,SAINT-HILAIRE-DE-CHALEONS,LOIRE-ATLANTIQUE,-1.866933861993372,47.1063239848601
XEUILLEY,XEUILLEY,MEURTHE-ET-MOSELLE,6.10196933206363,48.56967428043808
SAINT-DIE-DES-VOSGES,SAINT-DIE-DES-VOSGES,VOSGES,6.950498210083727,48.28142701610043
VERMENTON,VERMENTON,YONNE,3.731979248429206,47.660552490719915
LESTELLE,LESTELLE-DE-SAINT-MARTORY,HAUTE-GARONNE,0.91231192650531,43.11845691787538
NOIZAY,NOIZAY,INDRE-ET-LOIRE,0.89641539992827,47.409731141772575
MONTEREAU,MONTEREAU-FAULT-YONNE,SEINE-ET-MARNE,2.941286736785207,48.37977615028311
SAINT-DENIS-DE-PILE,SAINT-DENIS-DE-PILE,GIRONDE,-0.197951644416328,44.97850876383457
LE-RAINCY-VILLEMOMBLE-MONTFERMEIL,LE-RAINCY,SEINE-SAINT-DENIS,2.512558758919036,48.889144189236625
REIGNIER,REIGNIER-ESERY,HAUTE-SAVOIE,6.267359175403358,46.12560763172893
SEON-SAINT-HENRY,MARSEILLE,BOUCHES-DU-RHONE,5.339985969506922,43.36228527404814
RUSS-HERSBACH,WISCHES,BAS-RHIN,7.251692730094511,48.49814216698774
NOGENT-LE-ROTROU,NOGENT-LE-ROTROU,EURE-ET-LOIR,0.810167196602151,48.32568335262978
CROIX-L'ALLUMETTE,CROIX,NORD,3.151866679185366,50.68726440720281
SAINT-MACAIRE,SAINT-MACAIRE,GIRONDE,-0.226970506769867,44.56850752642389
PORT-BRILLET,PORT-BRILLET,MAYENNE,-0.973958871553682,48.11065466447289
THIERS,THIERS,PUY-DE-DOME,3.543281416041616,45.86120498207434
BOEN,BOEN-SUR-LIGNON,LOIRE,4.004874632380937,45.74124081414264
MORCENX,MORCENX-LA-NOUVELLE,LANDES,-0.908558703134243,44.034004086989654
ISTRES,ISTRES,BOUCHES-DU-RHONE,4.980264822479767,43.51545289418477
LE-TEIL,LE-TEIL,ARDECHE,4.686544297614275,44.55262971161194
LA-HAYE-DESCARTES,DESCARTES,INDRE-ET-LOIRE,0.694590822673771,46.9747053371242
SERQUEUX,SERQUEUX,SEINE-MARITIME,1.539636249870964,49.63134675123876
LA-POTERIE,RENNES,ILLE-ET-VILAINE,-1.630584094846585,48.09198766148978
GRETZ-ARMAINVILLIERS,GRETZ-ARMAINVILLIERS,SEINE-ET-MARNE,2.728781958676127,48.74522534922617
EPINAL,EPINAL,VOSGES,6.441268708020519,48.177961987709935
FONTPEDROUSE-SAINT-THOMAS-LES-BAINS,FONTPEDROUSE,PYRENEES-ORIENTALES,2.188619483352488,42.51369874778453
ALENCON,ALENCON,ORNE,0.098299743264175,48.43773547317855
MEULAN-HARDRICOURT,HARDRICOURT,YVELINES,1.901980044049688,49.00576758290243
BEAUVAIS,BEAUVAIS,OISE,2.088712582634814,49.42634799732189
PONT-A-VENDIN,VENDIN-LE-VIEIL,PAS-DE-CALAIS,2.879299714551066,50.473239582653136
RANSPACH,RANSPACH,HAUT-RHIN,7.012646752152496,47.88162503676015
SAINT-JULIEN-MONTRICHER,SAINT-JULIEN-MONT-DENIS,SAVOIE,6.414442944779405,45.246323996931075
CERCY-LA-TOUR,CERCY-LA-TOUR,NIEVRE,3.644990367153794,46.857803247890246
BLAINVILLE-DAMELEVIERES,DAMELEVIERES,MEURTHE-ET-MOSELLE,6.38521142559936,48.565698686736546
MORHANGE,MORHANGE,MOSELLE,6.659189552261831,48.936755008072495
BARR,BARR,BAS-RHIN,7.456999566070088,48.40328808516546
INGWILLER,INGWILLER,BAS-RHIN,7.47674515511438,48.872010852923545
MOTTEVILLE,MOTTEVILLE,SEINE-MARITIME,0.849963370549557,49.6365363273068
COUHE-VERAC,VALENCE-EN-POITOU,VIENNE,0.244912132992897,46.30679512769684
AMAGNE-LUCQUY,LUCQUY,ARDENNES,4.474645310200697,49.52381973695728
ALENCON,ALENCON,ORNE,0.098202852249119,48.43935805136752
BAYONNE,BAYONNE,PYRENEES-ATLANTIQUES,-1.47066304089878,43.49694782534664
USSEL,USSEL,CORREZE,2.314468195874998,45.557468511900595
LEUCATE-LA-FRANQUI,LEUCATE,AUDE,3.012754203691728,42.93265437530484
LA-COURONNE,LA-COURONNE,CHARENTE,0.101374335126247,45.604899250412586
SAINT-LAURENT-DU-VAR,SAINT-LAURENT-DU-VAR,ALPES-MARITIMES,7.194463169121656,43.662271915301304
SAINT-HILAIRE,SAINT-HILAIRE-SUR-HELPE,NORD,3.913289822507938,50.13217595242648
MARCHEPRIME,MARCHEPRIME,GIRONDE,-0.853747624467541,44.69053899851707
LEFOREST,LEFOREST,PAS-DE-CALAIS,3.060051873061844,50.42729369814148
FEUQUIERES-FRESSENNEVILLE,FEUQUIERES-EN-VIMEU,SOMME,1.58916384132379,50.06341295024145
CHAMBLY,CHAMBLY,OISE,2.240471809084233,49.1634568044194
MANDUEL-REDESSAN,MANDUEL,GARD,4.479351522598788,43.82634078935127
VIRY-NOUREUIL,VIRY-NOUREUIL,AISNE,3.250090386626722,49.62730354937344
IS-SUR-TILLE,MARCILLY-SUR-TILLE,COTE-D'OR,5.129832199967969,47.52021534007557
BONNEMAIN,BONNEMAIN,ILLE-ET-VILAINE,-1.765085143486323,48.47629730968967
CRETEIL-POMPADOUR,CRETEIL,VAL-DE-MARNE,2.435515276534495,48.771239125875155
AUBERGENVILLE-ELISABETHVILLE,AUBERGENVILLE,YVELINES,1.848450617082139,48.97211162611124
L'AIGUILLE,BOSMIE-L'AIGUILLE,HAUTE-VIENNE,1.205107561655246,45.77832183238097
MONTROUGE-CHATILLON,CHATILLON,HAUTS-DE-SEINE,2.302389503171902,48.808893775572265
RIOM-CHATEL-GUYON,RIOM,PUY-DE-DOME,3.121138530418133,45.88996059116421
MEHUN-SUR-YEVRE,MEHUN-SUR-YEVRE,CHER,2.207220712559196,47.139409350562005
SAINT-AUNES,SAINT-AUNES,HERAULT,3.963258236281296,43.63539371862417
MONTLUCON-VILLE,MONTLUCON,ALLIER,2.596196458997838,46.33767237806594
GUNSBACH-GRIESBACH,GRIESBACH-AU-VAL,HAUT-RHIN,7.173816631821866,48.04161748447335
PORTE-PUYMORENS,PORTA,PYRENEES-ORIENTALES,1.824842262173849,42.538959362402785
LOUHOSSOA,LOUHOSSOA,PYRENEES-ATLANTIQUES,-1.362398085576867,43.30568083956216
MORIERES-LES-AVIGNON,MORIERES-LES-AVIGNON,VAUCLUSE,4.908363202175189,43.94144966813656
BERLAIMONT,BERLAIMONT,NORD,3.808909545062166,50.19821011578526
MENDE,MENDE,LOZERE,3.501918908967538,44.52241170756253
KRIMMERI-MEINAU,STRASBOURG,BAS-RHIN,7.752139972162632,48.56391789468617
PRISSE-LA-CHARRIERE,PLAINE-D'ARGENSON,DEUX-SEVRES,-0.493543774892709,46.15267068098848
FERE-CHAMPENOISE,FERE-CHAMPENOISE,MARNE,3.983633027098256,48.762414686213496
JONCHERY-SUR-VESLE,JONCHERY-SUR-VESLE,MARNE,3.819584568195741,49.29000036950183
VINCA,VINCA,PYRENEES-ORIENTALES,2.526939017959618,42.64773531675156
UCKANGE,UCKANGE,MOSELLE,6.156190363131994,49.30344104441216
CHAMPAGNE-ARDENNE,BEZANNES,MARNE,3.993655995605394,49.21455924201552
MAGENTA,PARIS,PARIS,2.358372303710827,48.880337247960775
CHAMOUSSET,CHAMOUSSET,SAVOIE,6.205101602032683,45.55748096061991
MAREIL-MARLY,MAREIL-MARLY,YVELINES,2.079043720705496,48.88079697768339
SAINT-NOM-LA-BRETECHE-FORET-DE-MARLY,L'ETANG-LA-VILLE,YVELINES,2.050733554631808,48.866634515145755
SAINT-SATURNIN-D'AVIGNON,SAINT-SATURNIN-LES-AVIGNON,VAUCLUSE,4.935187772099089,43.95311455468068
EURVILLE-BIENVILLE,EURVILLE-BIENVILLE,HAUTE-MARNE,5.044745010027194,48.58231410602889
CAMPAGNAC-SAINT-GENIEZ,CAMPAGNAC,AVEYRON,3.066230308233966,44.42200009117782
SERRES,SERRES,HAUTES-ALPES,5.71837772479829,44.42414709266119
LES-ABRETS-FITILIEU,LES-ABRETS-EN-DAUPHINE,ISERE,5.575375257196813,45.54224893358837
GIRONCOURT-HOUECOURT,GIRONCOURT-SUR-VRAINE,VOSGES,5.921475513700222,48.31045388262746
TOURNAY,TOURNAY,HAUTES-PYRENEES,0.238950526372041,43.1835043179058
LONGUYON,LONGUYON,MEURTHE-ET-MOSELLE,5.604711003477768,49.44444504384556
GENERAC,GENERAC,GARD,4.343418417650327,43.73239501999224
SAINT-ROCH-(SOMME),AMIENS,SOMME,2.283688026612019,49.89323836277332
CAUDRY,CAUDRY,NORD,3.409086323027404,50.1113782514685
AUMALE,AUMALE,SEINE-MARITIME,1.756413677139292,49.76501021704837
VARENNES-SUR-FOUZON,VAL-FOUZON,INDRE,1.614584534849485,47.2144220139427
TRAPPES-MARCHANDISES,TRAPPES,YVELINES,1.992061127825842,48.76995775918314
CIRES-LES-MELLO,CIRES-LES-MELLO,OISE,2.360280451577405,49.2714904533875
TOULON,TOULON,VAR,5.929717733657508,43.12858683541123
SERQUIGNY,SERQUIGNY,EURE,0.718682267650932,49.10807248523253
PENNE,PENNE-D'AGENAIS,LOT-ET-GARONNE,0.802760749654419,44.37989434175241
SAINT-GILDAS-DES-BOIS,SAINT-GILDAS-DES-BOIS,LOIRE-ATLANTIQUE,-2.044122473099628,47.51643540736758
BREAUTE-BEUZEVILLE,BREAUTE,SEINE-MARITIME,0.416915530228295,49.60345308049904
MARMAGNE-SOUS-CREUSOT,MARMAGNE,SAONE-ET-LOIRE,4.35959914021374,46.8335510062794
SAINT-OUEN-L'AUMONE-LIESSE,SAINT-OUEN-L'AUMONE,VAL-D'OISE,2.128452787001785,49.033892952000414
FLAXLANDEN,ZILLISHEIM,HAUT-RHIN,7.305014958140137,47.699075547741586
MONTFORT-L'AMAURY-MERE,MERE,YVELINES,1.815590858818974,48.802738230652054
PETIT-JOUY-LES-LOGES,LES-LOGES-EN-JOSAS,YVELINES,2.146851066296696,48.77040097495269
LOISON-SOUS-LENS,LOISON-SOUS-LENS,PAS-DE-CALAIS,2.85871245656636,50.43733161955527
MULHOUSE-VILLE,MULHOUSE,HAUT-RHIN,7.343678088066524,47.74235758221867
CASTRES,CASTRES,TARN,2.231152059073858,43.599117635871735
GUNDERSHOFFEN,GUNDERSHOFFEN,BAS-RHIN,7.653248991210234,48.90524038784375
ARS-SUR-MOSELLE,ARS-SUR-MOSELLE,MOSELLE,6.077933144586186,49.07423808913142
PERTUIS,PERTUIS,VAUCLUSE,5.503648973811172,43.684422146424524
VILLENEUVE-LE-ROI,VILLENEUVE-LE-ROI,VAL-DE-MARNE,2.426928989786292,48.73821835231162
MARNE-LA-VALLEE-CHESSY,CHESSY,SEINE-ET-MARNE,2.782694949997957,48.87003411396622
LE-PERRAY,LE-PERRAY-EN-YVELINES,YVELINES,1.856482220506106,48.69298365102392
MONTROND-LES-BAINS,MONTROND-LES-BAINS,LOIRE,4.2491860944893,45.64439824458051
TARARE,TARARE,RHONE,4.439388291600868,45.889669739763235
LA-BOISSIERE,CONCARNEAU,FINISTERE,-3.904128244634578,47.91889896209298
SENAS,SENAS,BOUCHES-DU-RHONE,5.073227644115169,43.74089310906697
DOULON,NANTES,LOIRE-ATLANTIQUE,-1.5154587803424,47.233603405361904
FLAMBOIN-GOUAIX,GOUAIX,SEINE-ET-MARNE,3.294810316646262,48.472520891870005
PARIS-TOLBIAC,PARIS,PARIS,2.37641320306158,48.83061225253158
CHEVAIGNE,CHEVAIGNE,ILLE-ET-VILAINE,-1.630925579837672,48.20905987621851
VAUCELLES,TAVERNY,VAL-D'OISE,2.229793890295861,49.02159087977371
BLANQUEFORT,BLANQUEFORT,GIRONDE,-0.623774102350654,44.91756827628922
JONCHEREY,JONCHEREY,TERRITOIRE-DE-BELFORT,6.999789707654572,47.52481432980353
THOIRY,THOIRY,AIN,5.979943793446231,46.23095157795035
CHATILLON-SUR-LOIRE,BRIARE,LOIRET,2.777395286631359,47.60906896040327
THEILLAY,THEILLAY,LOIR-ET-CHER,2.044669956824546,47.317435780561375
SAINT-MARTORY,SAINT-MARTORY,HAUTE-GARONNE,0.933013488355592,43.13829662344726
LESPARRE,LESPARRE-MEDOC,GIRONDE,-0.945384784475426,45.3035111303514
BRELIDY-PLOUEC,PLOUEC-DU-TRIEUX,COTES-D'ARMOR,-3.196262281923392,48.66919617633935
CHEMILLY-APPOIGNY,CHEMILLY-SUR-YONNE,YONNE,3.554346505051524,47.897342980683455
CHATEAUDUN,CHATEAUDUN,EURE-ET-LOIR,1.338379095861212,48.07318380474969
MARLY-LES-VALENCIENNES,MARLY,NORD,3.535189707711709,50.3482728036862
SAINT-GENIES-DE-MALGOIRES,SAINT-GENIES-DE-MALGOIRES,GARD,4.214922021943824,43.950116086569786
VIAS,VIAS,HERAULT,3.427679448690574,43.319209650907055
MARVEJOLS,MARVEJOLS,LOZERE,3.281142663772214,44.54467010094681
FUTUROSCOPE,CHASSENEUIL-DU-POITOU,VIENNE,0.378103406681546,46.66982364367344
VALMONDOIS,BUTRY-SUR-OISE,VAL-D'OISE,2.201990239256097,49.09156460439162
COURTALAIN-SAINT-PELLERIN,COMMUNE-NOUVELLE-D'ARROU,EURE-ET-LOIR,1.126829727299309,48.07356453513559
CHAZAY-MARCILLY,MARCILLY-D'AZERGUES,RHONE,4.725381631650007,45.873104810081706
GOURLAND,GRACES,COTES-D'ARMOR,-3.166769486434044,48.56111050629811
CLION-SUR-SEUGNE,CLION,CHARENTE-MARITIME,-0.502132202455627,45.47851429383561
SAINT-PRIEST,SAINT-PRIEST,RHONE,4.935082496993137,45.68619945489965
SAINT-ROME-DE-CERNON,SAINT-ROME-DE-CERNON,AVEYRON,2.967445456514812,44.013993469293446
MONTBIZOT,MONTBIZOT,SARTHE,0.190914668124834,48.15133012551761
GILLEY,GILLEY,DOUBS,6.492516253612154,47.05031863967397
MASSY-PALAISEAU,PALAISEAU,ESSONNE,2.254682428866152,48.72350896026942
PARIS-AUSTERLITZ-SOUTERRAIN,PARIS,PARIS,2.367037639567501,48.84049521424752
CHAMPS-SAINT-BRIS,CHAMPS-SUR-YONNE,YONNE,3.603700203046033,47.7386232916123
EBERSVILLER,EBERSVILLER,MOSELLE,6.411341740804892,49.27475951002998
VENISSIEUX,VENISSIEUX,RHONE,4.888899756674495,45.704811666744185
STE-GENEVIEVE-DES-BOIS,SAINTE-GENEVIEVE-DES-BOIS,ESSONNE,2.311349268650718,48.652126468780416
LUCE,LUCE,EURE-ET-LOIR,1.453018308838864,48.43670752102672
VAUDAGNE,LES-HOUCHES,HAUTE-SAVOIE,6.772718953597742,45.9088333354493
ANSTAING,ANSTAING,NORD,3.193058529003587,50.60461729251908
SAINT-OUEN-L'AUMONE-EGLISE,SAINT-OUEN-L'AUMONE,VAL-D'OISE,2.103636686072468,49.03928027866388
CHANGIS-SAINT-JEAN,CHANGIS-SUR-MARNE,SEINE-ET-MARNE,3.025347777327805,48.95916369096754
AUDRIEU,AUDRIEU,CALVADOS,-0.595249263722527,49.216318490815695
VILLEDIEU-LES-POELES,VILLEDIEU-LES-POELES-ROUFFIGNY,MANCHE,-1.225272555906044,48.834229680085095
SAINT-BERON-LA-BRIDOIRE,SAINT-BERON,SAVOIE,5.731846117319325,45.50400115855712
LE-CREUSOT-MONTCEAU-MONTCHANIN,ECUISSES,SAONE-ET-LOIRE,4.50064960662506,46.76533453918298
ARPAJON,ARPAJON,ESSONNE,2.240991107437124,48.58603053676793
LES-ANCIZES-SAINT-GEORGES,LES-ANCIZES-COMPS,PUY-DE-DOME,2.834827212339965,45.93132255784207
MILHAC-D'AUBEROCHE,BASSILLAC-ET-AUBEROCHE,DORDOGNE,0.918111452134353,45.129003315514105
LA-ROCHELLE-PALLICE,LA-ROCHELLE,CHARENTE-MARITIME,-1.221605394994009,46.15989944340473
CORSEUL-LANGUENAN,LANGUENAN,COTES-D'ARMOR,-2.141517033211617,48.49595578157557
DOMENE,DOMENE,ISERE,5.829111418584144,45.201642077395775
TOURNES,TOURNES,ARDENNES,4.627943655912601,49.793232912357084
BON-ENCONTRE,BOE,LOT-ET-GARONNE,0.661067236183136,44.17457928223537
ISSY,ISSY-LES-MOULINEAUX,HAUTS-DE-SEINE,2.259486994204301,48.81996502716657
BRANDERION,BRANDERION,MORBIHAN,-3.194929491101136,47.78234896492175
VINCEY,PORTIEUX,VOSGES,6.335742699948293,48.34329216369199
SAINT-MEDARD-DE-GUIZIERES,SAINT-MEDARD-DE-GUIZIERES,GIRONDE,-0.048395764469039,45.015509528318155
CAUDERAN-MERIGNAC,BORDEAUX,GIRONDE,-0.627445536319426,44.84255397243456
ONZAIN-CHAUMONT-SUR-LOIRE,VEUZAIN-SUR-LOIRE,LOIR-ET-CHER,1.186124412116244,47.49181168698501
BORNEL-BELLE-EGLISE,BORNEL,OISE,2.207101582693562,49.19454069581452
COUSSAC-BONNEVAL,COUSSAC-BONNEVAL,HAUTE-VIENNE,1.311166875374606,45.50753132485294
SAINT-ETIENNE-DE-MONTLUC,SAINT-ETIENNE-DE-MONTLUC,LOIRE-ATLANTIQUE,-1.78582059219356,47.274743472717994
LE-CENDRE-ORCET,LE-CENDRE,PUY-DE-DOME,3.188612056172235,45.72393096751502
RAI-AUBE,RAI,ORNE,0.553722542868911,48.74376298436858
LAGNY-THORIGNY,THORIGNY-SUR-MARNE,SEINE-ET-MARNE,2.70396715179194,48.88211331373947
MONTBAZON,MONTBAZON,INDRE-ET-LOIRE,0.721463142318136,47.2917127564174
ROPPENHEIM,BEINHEIM,BAS-RHIN,8.062358557900676,48.851226656772084
MONTEREAU,VARENNES-SUR-SEINE,SEINE-ET-MARNE,2.934890007975593,48.38007498211493
VILLIERS-SAINT-GEORGES,VILLIERS-SAINT-GEORGES,SEINE-ET-MARNE,3.412834906996417,48.65019009530268
VERSAILLES-MATELOTS,VERSAILLES,YVELINES,2.096901709300268,48.79554109377443
ISSOIRE,ISSOIRE,PUY-DE-DOME,3.254208169172224,45.54410777430989
HOELSCHLOCH,SURBOURG,BAS-RHIN,7.831675226651149,48.91627697145677
LE-BOSQUET,CANNES,ALPES-MARITIMES,6.982257923482912,43.550725530415555
MOUANS-SARTOUX,MOUANS-SARTOUX,ALPES-MARITIMES,6.974387833892344,43.6202661356587
SAINT-YRIEIX,SAINT-YRIEIX-LA-PERCHE,HAUTE-VIENNE,1.205694843375046,45.519049662187314
SAINT-HILAIRE-ST-NAZAIRE,SAINT-HILAIRE-DU-ROSIER,ISERE,5.243897687873892,45.07152379259458
AULNOYE-AYMERIES,AULNOYE-AYMERIES,NORD,3.843683630210112,50.19717322440107
SAINT-AVRE-LA-CHAMBRE,SAINT-AVRE,SAVOIE,6.303406681231636,45.352757170793396
GUIGNICOURT,VILLENEUVE-SUR-AISNE,AISNE,3.961335731591036,49.43440304172821
FELLETIN,FELLETIN,CREUSE,2.169456195182989,45.88650240885839
CULMONT-CHALINDREY,CHALINDREY,HAUTE-MARNE,5.448167554514215,47.80671574883246
SAINT-HILAIRE-AU-TEMPLE,SAINT-HILAIRE-AU-TEMPLE,MARNE,4.379403411513751,49.05571428739564
ROSNY-BOIS-PERRIER,ROSNY-SOUS-BOIS,SEINE-SAINT-DENIS,2.481478166402765,48.88247987492721
SAINT-LEU-LA-FORET,SAINT-LEU-LA-FORET,VAL-D'OISE,2.242717056237729,49.01541026276837
LEXOS,VAREN,TARN-ET-GARONNE,1.886266293554495,44.142185505430454
AMIFONTAINE,AMIFONTAINE,AISNE,3.910682169327863,49.484696626763025
CENON,CENON,GIRONDE,-0.533609161141981,44.855856098578435
SAINT-GERMAIN-ST-REMY,SAINT-GERMAIN-SUR-AVRE,EURE-ET-LOIR,1.256292124313499,48.758914576709124
MONTBARREY,MONTBARREY,JURA,5.63696028235218,47.03595789195915
BELVEZET,MONT-LOZERE-ET-GOULET,LOZERE,3.751807473339702,44.56175524510515
AURILLAC,AURILLAC,CANTAL,2.436202111452767,44.92128287269628
MEUNG-SUR-LOIRE,MEUNG-SUR-LOIRE,LOIRET,1.691830031501516,47.82999942870646
MUHLBACH-SUR-MUNSTER,MUHLBACH-SUR-MUNSTER,HAUT-RHIN,7.087636083352972,48.02448731356157
LA-VILLETTE-SAINT-PREST,SAINT-PREST,EURE-ET-LOIR,1.523025386051404,48.48261879661532
LA-CHAPELLE-SUR-LOIRE,LA-CHAPELLE-SUR-LOIRE,INDRE-ET-LOIRE,0.21864433916433,47.25125666828695
LISLE-SUR-TARN,LISLE-SUR-TARN,TARN,1.808445804445401,43.85699726914997
DUPPIGHEIM,DUPPIGHEIM,BAS-RHIN,7.587072359646609,48.54404266185156
CORREZE,SAINT-PRIESAINT-DE-GIMEL,CORREZE,1.879639494361449,45.32876581451238
GIVORS-CANAL,GIVORS,RHONE,4.7717712481504,45.59602665061307
BOUFFEMONT-MOISSELLES,BOUFFEMONT,VAL-D'OISE,2.322968171577075,49.04519005770302
MONTESCOURT,MONTESCOURT-LIZEROLLES,AISNE,3.251936978207889,49.738090356394565
NOISY-LE-SEC,NOISY-LE-SEC,SEINE-SAINT-DENIS,2.46053811074278,48.89662942959558
LE-TEICH,LE-TEICH,GIRONDE,-1.02560772982549,44.63235011251188
COLMAR-SAINT-JOSEPH,COLMAR,HAUT-RHIN,7.344998805877574,48.081830719450615
VOLVIC,VOLVIC,PUY-DE-DOME,3.003424660759702,45.86473005056438
NICE-VILLE,NICE,ALPES-MARITIMES,7.261742357128731,43.70479288120297
IWUY,IWUY,NORD,3.330420094018675,50.226267859212776
SAUJON,SAUJON,CHARENTE-MARITIME,-0.930419852300245,45.66696039861186
VIRIEU-SUR-BOURBRE,VAL-DE-VIRIEU,ISERE,5.471451660227618,45.491251882818005
BENING,BENING-LES-SAINT-AVOLD,MOSELLE,6.827858767336503,49.138501550369526
LEZIGNAN-LA-CEBE,LEZIGNAN-LA-CEBE,HERAULT,3.435022042211497,43.494151265277814
LA-CELLE-SAINT-CLOUD,LA-CELLE-SAINT-CLOUD,YVELINES,2.138194315944331,48.842665067365125
VALENCIENNES,VALENCIENNES,NORD,3.518515366298679,50.3659654003862
LANCEY,VILLARD-BONNOT,ISERE,5.880868045948992,45.23453734722773
SAINT-DIZIER,SAINT-DIZIER,HAUTE-MARNE,4.951079373888255,48.641753751106705
DOUZILLAC,DOUZILLAC,DORDOGNE,0.417067509018416,45.079332312145596
MONTOIRE-SUR-LE-LOIR,MONTOIRE-SUR-LE-LOIR,LOIR-ET-CHER,0.869810956512988,47.758065743759516
ARC-ET-SENANS,ARC-ET-SENANS,DOUBS,5.775479568412113,47.03147753322004
PANTIN,PANTIN,SEINE-SAINT-DENIS,2.400433570791011,48.898081816083256
GRESY-SUR-AIX,GRESY-SUR-AIX,SAVOIE,5.921914496750757,45.72413350210002
ETAMPES,ETAMPES,ESSONNE,2.157742823779261,48.43612239795101
MONTBRE,MONTBRE,MARNE,4.038904570928977,49.19364797467818
PONTFAVERGER,PONTFAVERGER-MORONVILLIERS,MARNE,4.320139560417969,49.3024773354827
MISEREY-SALINES,MISEREY-SALINES,DOUBS,5.963636396251362,47.2858209149037
YERRES,YERRES,ESSONNE,2.481357750858454,48.70617437531325
LA-BASTIDE-SAINT-LAURENT-LES-BAINS,LA-BASTIDE-PUYLAURENT,LOZERE,3.903944888252394,44.59337699579299
BOLBEC-NOINTOT,BOLBEC,SEINE-MARITIME,0.484986711748194,49.59160906018728
VIVONNE,VIVONNE,VIENNE,0.265134204186525,46.426482815041005
MOTHERN,MOTHERN,BAS-RHIN,8.161849013795889,48.934930651836964
PORNICHET,PORNICHET,LOIRE-ATLANTIQUE,-2.344704844934861,47.27066127767772
PREIGNAC,PREIGNAC,GIRONDE,-0.302331668131004,44.57831945261781
LUC-EN-DIOIS,LUC-EN-DIOIS,DROME,5.454832629017519,44.61403808852461
MONTIVILLIERS,MONTIVILLIERS,SEINE-MARITIME,0.189389053119932,49.54285747182162
MESVES-BULCY,MESVES-SUR-LOIRE,NIEVRE,3.00650889658292,47.242133845059584
DIRINON-LOPERHET,LOPERHET,FINISTERE,-4.285756623569624,48.39276192472316
SECLIN,SECLIN,NORD,3.034959124045115,50.54769139704771
SAINT-CYR,SAINT-CYR-L'ECOLE,YVELINES,2.073118293820027,48.798855476988486
VAUX-EN-BUGEY,VAUX-EN-BUGEY,AIN,5.342149851150576,45.92655897555944
PORT-LA-NOUVELLE,PORT-LA-NOUVELLE,AUDE,3.038711639289963,43.01986737903757
ROUMAZIERES-LOUBERT,TERRES-DE-HAUTE-CHARENTE,CHARENTE,0.57881093188247,45.88935397042813
VILLEFRANCHE-SUR-CHER,VILLEFRANCHE-SUR-CHER,LOIR-ET-CHER,1.768504119815024,47.29494249838341
REGNY,REGNY,LOIRE,4.215337566332648,45.98762679101134
CONCHIL-LE-TEMPLE,CONCHIL-LE-TEMPLE,PAS-DE-CALAIS,1.660959193069648,50.36210328864531
LAVANNES-CAUREL,CAUREL,MARNE,4.145357680512822,49.31532967150995
CARMAUX,CARMAUX,TARN,2.151892510951,44.04885485361095
PLENEE-JUGON,PLENEE-JUGON,COTES-D'ARMOR,-2.354648763203393,48.37664297834418
CONLIE,CONLIE,SARTHE,-0.010955510941006,48.127224276091155
RABASTENS-COUFFOULEUX,COUFOULEUX,TARN,1.73146579760068,43.81990951111939
SAINT-MARCEL,MARSEILLE,BOUCHES-DU-RHONE,5.467151073817465,43.28831342757475
CEYZERIAT,CEYZERIAT,AIN,5.325714964198832,46.183333329044686
MARGAUX,MARGAUX-CANTENAC,GIRONDE,-0.685429458288948,45.03585421890331
ETALANS,ETALANS,DOUBS,6.270665680069556,47.15598364925356
MARSSAC-SUR-TARN,MARSSAC-SUR-TARN,TARN,2.026894992903473,43.915017080362055
PERSAN-BEAUMONT,PERSAN,VAL-D'OISE,2.2787859638815,49.14827872914821
NEUVILLE-AUX-BOIS,NEUVILLE-AUX-BOIS,LOIRET,2.058897684244644,48.0707534219727
CROIX-WASQUEHAL,WASQUEHAL,NORD,3.138716972159806,50.67914456808907
LONGUEAU,BOVES,SOMME,2.352175074136352,49.86378875504405
RONCQ,RONCQ,NORD,3.118565945703599,50.749249877310234
PIERRELATTE,PIERRELATTE,DROME,4.703944257544838,44.37464620538406
SAINT-AIGULIN-LA-ROCHE-CHALAIS,SAINT-AIGULIN,CHARENTE-MARITIME,-0.019192014902316,45.1572333305456
BARONCOURT,DOMMARY-BARONCOURT,MEUSE,5.70521469970164,49.27994118456005
SEVERAC,SEVERAC,LOIRE-ATLANTIQUE,-2.072787144848598,47.54983414389597
VENDEUVRE-JORT,VENDEUVRE,CALVADOS,-0.088571740492798,48.97817201289052
FLEURANCE,FLEURANCE,GERS,0.656385858366217,43.852370625753075
FOS-COUSSOUL,FOS-SUR-MER,BOUCHES-DU-RHONE,4.904849298453765,43.47455074855669
MARCELCAVE,MARCELCAVE,SOMME,2.582196652970227,49.85315465670388
STRASBOURG-ROETHIG,LINGOLSHEIM,BAS-RHIN,7.694915442232285,48.5633039400603
MAROLLES-EN-HUREPOIX,MAROLLES-EN-HUREPOIX,ESSONNE,2.291189878826282,48.56353449595023
SAINT-OMER-EN-CHAUSSEE,SAINT-OMER-EN-CHAUSSEE,OISE,1.996937424089691,49.53018327274132
BARSAC,BARSAC,GIRONDE,-0.320676943169895,44.603962005552916
MASSY-PALAISEAU,MASSY,ESSONNE,2.263746454477757,48.72987680899496
FROMENTAL,FROMENTAL,HAUTE-VIENNE,1.434917653629542,46.17320437330627
ARGENTEUIL,ARGENTEUIL,VAL-D'OISE,2.257503373403379,48.9471544554575
BEAULIEU-SUR-MER,BEAULIEU-SUR-MER,ALPES-MARITIMES,7.331806521641647,43.70668194849984
ENGHIEN-LES-BAINS,ENGHIEN-LES-BAINS,VAL-D'OISE,2.306453598474992,48.97323447038807
FRETIN,FRETIN,NORD,3.148901426869477,50.56074515954315
FREJUS,FREJUS,VAR,6.732965742289674,43.43186448702527
ASPRES-SUR-BUECH,ASPRES-SUR-BUECH,HAUTES-ALPES,5.754332493593342,44.519379509523155
HERCHIES,HERCHIES,OISE,2.011149327294811,49.487873637729614
FORBACH,FORBACH,MOSELLE,6.901095783296949,49.189473137383715
VERNAISON,VERNAISON,RHONE,4.813521758992947,45.645514011538495
VIRE,VIRE-NORMANDIE,CALVADOS,-0.882776027541695,48.846447589013074
SILLE-LE-GUILLAUME,SAINT-REMY-DE-SILLE,SARTHE,-0.097951400609911,48.18111079913861
WIHR-AU-VAL-SOULTZBACH-LES-BAINS,WIHR-AU-VAL,HAUT-RHIN,7.209782690819298,48.04613656163483
GRAVIGNY-BALIZY,LONGJUMEAU,ESSONNE,2.317930000476833,48.68519000053006
VIDAUBAN,VIDAUBAN,VAR,6.433371018012588,43.432173803299214
BOUVINES,CYSOING,NORD,3.202238270963352,50.57459818259859
DREUX,DREUX,EURE-ET-LOIR,1.370482748921555,48.73106052651336
LE-PLESSIS-CHENET,LE-COUDRAY-MONTCEAUX,ESSONNE,2.479575387206125,48.573786219925275
FONTENOY-SUR-MOSELLE,FONTENOY-SUR-MOSELLE,MEURTHE-ET-MOSELLE,5.981240576927045,48.71242321001076
STAINS,STAINS,SEINE-SAINT-DENIS,2.377883537272118,48.95927069489273
CHAMPAGNE-ARDENNE,BEZANNES,MARNE,3.995694331850647,49.21368002011414
FRETEVAL-MOREE,FRETEVAL,LOIR-ET-CHER,1.211608068881622,47.891918788893165
LOMME,LILLE,NORD,3.011139351510248,50.64377009407773
RANGUIN,MOUGINS,ALPES-MARITIMES,6.969385661888861,43.569088238569556
MONTROC-LE-PLANET,CHAMONIX-MONT-BLANC,HAUTE-SAVOIE,6.934410352799012,45.99610123418571
BYANS,BYANS-SUR-DOUBS,DOUBS,5.852088069196292,47.11832925172662
HOCHFELDEN,HOCHFELDEN,BAS-RHIN,7.572162441093835,48.755137916528135
REICHSHOFFEN-USINES,REICHSHOFFEN,BAS-RHIN,7.652436617456791,48.91943284002208
AIX-LES-BAINS-LE-REVARD,AIX-LES-BAINS,SAVOIE,5.908901294915313,45.688112428031324
AIX-LES-BAINS-LE-REVARD,AIX-LES-BAINS,SAVOIE,5.908892281827733,45.68821941185765
VERVINS,VERVINS,AISNE,3.893379399194967,49.83006081663903
LES-AUBRAIS-ORLEANS,FLEURY-LES-AUBRAIS,LOIRET,1.906180921730926,47.926275249867174
MURAT,MURAT,CANTAL,2.869632362496703,45.109055864544665
ONDRES,ONDRES,LANDES,-1.456896038241611,43.568787790173175
RASSUEN,ISTRES,BOUCHES-DU-RHONE,4.97296294189413,43.49679703645579
ANNAPPES,VILLENEUVE-D'ASCQ,NORD,3.146351026241638,50.622876232702744
PITHIVIERS,PITHIVIERS,LOIRET,2.246653885888747,48.17833032242162
COMMENTRY,COMMENTRY,ALLIER,2.747704418236566,46.29873767530418
NOIRETABLE,NOIRETABLE,LOIRE,3.761191342112098,45.81601494704283
BARTENHEIM,BARTENHEIM,HAUT-RHIN,7.487634905148902,47.63490670376327
DOMFRONT,DOMFRONT-EN-CHAMPAGNE,SARTHE,0.02615649626639,48.10776080791002
PARTHENAY,PARTHENAY,DEUX-SEVRES,-0.239097845413404,46.646623997834205
VERNEUIL-SUR-AVRE,VERNEUIL-D'AVRE-ET-D'ITON,EURE,0.929326148683417,48.74272317931935
SAINT-LOTHAIN,SAINT-LOTHAIN,JURA,5.643810199795414,46.82310722917793
LE-CROISIC,LE-CROISIC,LOIRE-ATLANTIQUE,-2.506895318720328,47.28976224201512
GRESSWILLER,GRESSWILLER,BAS-RHIN,7.42442392943557,48.533185884953646
TOURNES,TOURNES,ARDENNES,4.627943655912601,49.793232912357084
RIOM-CHATEL-GUYON,RIOM,PUY-DE-DOME,3.120954983054932,45.88979622425908
SARLAT,SARLAT-LA-CANEDA,DORDOGNE,1.218473948248141,44.877475178977484
ALLAND'HUY,ALLAND'HUY-ET-SAUSSEUIL,ARDENNES,4.555346189941514,49.511368621731805
WIZERNES,WIZERNES,PAS-DE-CALAIS,2.229123687212228,50.70531256788087
CIRY-LE-NOBLE,CIRY-LE-NOBLE,SAONE-ET-LOIRE,4.299610871448938,46.604063976569954
ASPRES-SUR-BUECH,ASPRES-SUR-BUECH,HAUTES-ALPES,5.754737548287199,44.51887419082761
SAINT-GILLES-DU-GARD,SAINT-GILLES,GARD,4.431863732269444,43.67099106868398
BELLEVILLE-VENDEE,BELLEVIGNY,VENDEE,-1.434609949205068,46.788322662319686
NOMAIN-OUVIGNIES,NOMAIN,NORD,3.230767343182578,50.50630334669699
VENDENHEIM,VENDENHEIM,BAS-RHIN,7.718218127488554,48.66540400117573
VAUMOISE,COYOLLES,AISNE,2.988488393716951,49.23368839146981
BOURGES,BOURGES,CHER,2.394323091295934,47.09461813661659
SAINT-VICTOR-THIZY,SAINT-VICTOR-SUR-RHINS,LOIRE,4.281196242917453,46.00228968421425
BREUILLET-BRUYERES-LE-CHATEL,BREUILLET,ESSONNE,2.191610679522858,48.577254746375345
CRAVANT-BAZARNES,BAZARNES,YONNE,3.680855844379947,47.679545214866515
NOTRE-DAME-DE-BRIANCON,LA-LECHERE,SAVOIE,6.468704614901503,45.53933536334153
LA-VARENNE-CHENNEVIERES,SAINT-MAUR-DES-FOSSES,VAL-DE-MARNE,2.513000203890139,48.79451937231734
NICE-SAINT-AUGUSTIN,NICE,ALPES-MARITIMES,7.216446678038527,43.670674336256205
LONGUEVILLE,LONGUEVILLE,SEINE-ET-MARNE,3.248786566166764,48.514782273818554
LYON-VAISE,LYON,RHONE,4.803463671227938,45.78017749357846
CHAMBOURG,CHAMBOURG-SUR-INDRE,INDRE-ET-LOIRE,0.9654243523727,47.18165119449651
PATAY,PATAY,LOIRET,1.699937510826667,48.049414991103056
FLORANGE,FLORANGE,MOSELLE,6.113757793187395,49.33037307317541
BRIARE,BRIARE,LOIRET,2.7336930262485,47.64646201241365
MARCHEZAIS-BROUE,BROUE,EURE-ET-LOIR,1.513661379138585,48.7683066391684
PONT-DE-L'ALMA,PARIS,PARIS,2.300381827113453,48.86246272798137
ECHIROLLES,ECHIROLLES,ISERE,5.719928252527468,45.15277648368396
ORTHEZ,ORTHEZ,PYRENEES-ATLANTIQUES,-0.767248033233532,43.4840576350703
CROIX-SAINTE,MARTIGUES,BOUCHES-DU-RHONE,5.01971020428391,43.408881137966134
HYMONT-MATTAINCOURT,HYMONT,VOSGES,6.146589814151718,48.27044863675517
LA-CHAPELLE-LA-REINE,LA-CHAPELLE-LA-REINE,SEINE-ET-MARNE,2.567472797272151,48.3220645289376
LA-VANCELLE,KINTZHEIM,BAS-RHIN,7.34634820775523,48.27695021439834
HACHETTE,LOCQUIGNOL,NORD,3.743209619904144,50.15820001748976
MIRAMAS,MIRAMAS,BOUCHES-DU-RHONE,4.998792596074934,43.580978723590526
PONT-CARDINET,PARIS,PARIS,2.314071416178038,48.88751952557368
CULMONT-CHALINDREY,CULMONT,HAUTE-MARNE,5.443749963710532,47.80960156265851
AVESNELLES,AVESNELLES,NORD,3.946104821951606,50.11977556237729
CHOLET,CHOLET,MAINE-ET-LOIRE,-0.870296423545569,47.06618658131302
VRAINCOURT-VIEVILLE,VRAINCOURT,HAUTE-MARNE,5.123890814608322,48.23687562456275
REMILLY,REMILLY,MOSELLE,6.394345586280259,49.01466094107639
MONTABARD,MONTABARD,ORNE,-0.096206720247502,48.81617987941231
SAINT-CLAUDE,SAINT-CLAUDE,JURA,5.860136354027906,46.389928864056245
ESCHES,ESCHES,OISE,2.170617493219589,49.21248581843525
SAINT-HILAIRE-DE-RIEZ,SAINT-HILAIRE-DE-RIEZ,VENDEE,-1.949563777771351,46.716638184040235
RUFFEC,RUFFEC,CHARENTE,0.190190433044826,46.030631454150175
CESSON-SEVIGNE,CESSON-SEVIGNE,ILLE-ET-VILAINE,-1.602579702384093,48.11257394590477
MOHON,CHARLEVILLE-MEZIERES,ARDENNES,4.732672601969852,49.753068017671595
REVIGNY,REVIGNY-SUR-ORNAIN,MEUSE,4.985835511229858,48.82402651318643
EMERAINVILLE-PONTAULT-COMBAULT,EMERAINVILLE,SEINE-ET-MARNE,2.617509201759023,48.80640786419705
SAINT-SULPICE-AUTEUIL,SAINT-SULPICE,OISE,2.116130156618064,49.34736621410171
SAINT-MARCEL-EN-DOMBES,SAINT-MARCEL,AIN,4.977986862920747,45.95061360872407
SIBELIN,SOLAIZE,RHONE,4.844880392281987,45.652733178612266
VILLEPERDUE,VILLEPERDUE,INDRE-ET-LOIRE,0.633680639387541,47.20196092222494
LES-MOUSSOUX,CHAMONIX-MONT-BLANC,HAUTE-SAVOIE,6.85756771646658,45.91621088758126
LES-ARDOINES,VITRY-SUR-SEINE,VAL-DE-MARNE,2.409733390091427,48.78101578405993
L'ESTAQUE,MARSEILLE,BOUCHES-DU-RHONE,5.321365695857461,43.363795215107366
LUS-LA-CROIX-HAUTE,LUS-LA-CROIX-HAUTE,DROME,5.697075587759043,44.67041983913662
MUNCHHAUSEN,MUNCHHAUSEN,BAS-RHIN,8.141046499310965,48.92393158704121
MOULINS-SUR-ALLIER,YZEURE,ALLIER,3.33831749651396,46.5587421520745
FOS-MOLE-CENTRAL,FOS-SUR-MER,BOUCHES-DU-RHONE,4.86999835033828,43.41049270838802
CORBEHEM,CORBEHEM,PAS-DE-CALAIS,3.040504265536794,50.34299930559739
LANGRES,LANGRES,HAUTE-MARNE,5.336121359432057,47.88206215858669
MONTENDRE,MONTENDRE,CHARENTE-MARITIME,-0.396140374234311,45.28054616702834
BAZEILLES,BAZEILLES,ARDENNES,4.986271337925847,49.6719657259352
SALLANCHES-COMBLOUX-MEGEVE,SALLANCHES,HAUTE-SAVOIE,6.63649948695067,45.93577791732538
COMMERCY,COMMERCY,MEUSE,5.588524217206084,48.76592141350516
SANTEUIL-LE-PERCHAY,SANTEUIL,VAL-D'OISE,1.949101836775275,49.12405278609706
NERPUY,NAINTRE,VIENNE,0.525671146669689,46.78345981424409
LE-MEE,LE-MEE-SUR-SEINE,SEINE-ET-MARNE,2.622362332021146,48.54106553995727
FONTAINES-D'OZILLAC,FONTAINES-D'OZILLAC,CHARENTE-MARITIME,-0.384150518489945,45.388325247539576
SAINT-ETIENNE-LE-CLAPIER,SAINT-ETIENNE,LOIRE,4.378403509631388,45.43669852056117
VICHY,VICHY,ALLIER,3.43072483612765,46.12683921223093
HIRSON-ECOLES,HIRSON,AISNE,4.086000106405374,49.92932208305819
BOUAYE,BOUAYE,LOIRE-ATLANTIQUE,-1.681009432067846,47.137978792687676
LA-CROIX-DU-PRINCE,PAU,PYRENEES-ATLANTIQUES,-0.378991277654811,43.28580945036737
GRISOLLES,GRISOLLES,TARN-ET-GARONNE,1.302086225353943,43.827394407591115
PLAISIR-LES-CLAYES,PLAISIR,YVELINES,1.957493331910228,48.830997705038726
CHANTENAY,NANTES,LOIRE-ATLANTIQUE,-1.594917252652802,47.1970064456963
BOIGNEVILLE,BOIGNEVILLE,ESSONNE,2.379038997367991,48.34215966984908
CLERMONT-DE-L'OISE,CLERMONT,OISE,2.417217353304942,49.38565247605914
BOVES,BOVES,SOMME,2.398094911803031,49.8464769166293
TRICOT,TRICOT,OISE,2.581532342952444,49.56104227001924
REVIN,REVIN,ARDENNES,4.642915600499463,49.93940438289336
BETHUNE-RIVAGE,BETHUNE,PAS-DE-CALAIS,2.647080447195465,50.533700850565964
STE-PAZANNE,SAINTE-PAZANNE,LOIRE-ATLANTIQUE,-1.813772952906982,47.10556403817486
PEYREHORADE,PEYREHORADE,LANDES,-1.115361130275228,43.54680048723023
MYENNES,MYENNES,NIEVRE,2.93132553153053,47.45029414690045
LA-BASTIDE-SAINT-LAURENT-LES-BAINS,LA-BASTIDE-PUYLAURENT,LOZERE,3.903831857199111,44.59267783357963
SAUMUR,SAUMUR,MAINE-ET-LOIRE,-0.071468930477049,47.268670793243174
PIERRE-BENITE,PIERRE-BENITE,RHONE,4.824858620753108,45.70654417252499
MONT-DE-TERRE,LILLE,NORD,3.096842870771378,50.61747476247216
AIGUES-MORTES,AIGUES-MORTES,GARD,4.191091756201102,43.57088039271484
BARBENTANE-ROGNONAS,BARBENTANE,BOUCHES-DU-RHONE,4.782764958344966,43.89664869302909
MONTREUIL,VERSAILLES,YVELINES,2.15132568052432,48.806465799538934
BUSSIERE-GALANT,BUSSIERE-GALANT,HAUTE-VIENNE,1.028716612888773,45.60889995469641
GOMMIERS,TERMINIERS,EURE-ET-LOIR,1.700330460336401,48.08956697136819
TONNEINS,TONNEINS,LOT-ET-GARONNE,0.31424443366033,44.392745967827516
LE-BLANC-MESNIL,LE-BLANC-MESNIL,SEINE-SAINT-DENIS,2.477352075523793,48.93214794166505
HYMONT-MATTAINCOURT,HYMONT,VOSGES,6.140157550557562,48.27073902797104
MARIGNIER,MARIGNIER,HAUTE-SAVOIE,6.506267431148229,46.08888626603907
CATTENIERES,CATTENIERES,NORD,3.333515255751367,50.12835052655963
FOUCART-ALVIMARE,FOUCART,SEINE-MARITIME,0.597040774447286,49.60829267694682
AUMONT-AUBRAC,PEYRE-EN-AUBRAC,LOZERE,3.283356515388857,44.71819524766465
PUY-GUILLAUME,PUY-GUILLAUME,PUY-DE-DOME,3.473928982927906,45.95753518403893
CAEN,CAEN,CALVADOS,-0.348219668959411,49.176483611248514
ARQUES-(PAS-DE-CALAIS),ARQUES,PAS-DE-CALAIS,2.302450987758433,50.72817744715358
PRESLES-COURCELLES,PRESLES,VAL-D'OISE,2.287901978158134,49.11345994243122
RETIERS,RETIERS,ILLE-ET-VILAINE,-1.389795493132067,47.91327245102402
NYERS,NYER,PYRENEES-ORIENTALES,2.263025997094444,42.54164503823846
LA-NORVILLE-SAINT-GERMAIN-LES-ARPAJON,LA-NORVILLE,ESSONNE,2.267487134649648,48.591691751296445
SOLFERINO,SOLFERINO,LANDES,-0.916308236086949,44.145491646972204
SAINT-PRIEST-TAURION,SAINT-PRIEST-TAURION,HAUTE-VIENNE,1.400669819851664,45.887222335894755
MONTPAON,FONDAMENTE,AVEYRON,3.109694918299909,43.868444642010424
SAVERNE,SAVERNE,BAS-RHIN,7.362064585704122,48.74464267560709
ZOUFFTGEN-(IE),ZOUFFTGEN,MOSELLE,6.129087542059962,49.45545408846772
FLAVY-LE-MARTEL,FLAVY-LE-MARTEL,AISNE,3.190748290287538,49.7187021304641
SERMAISE,SERMAISE,ESSONNE,2.068711556072385,48.53547028542868
SAINT-ELOY,SAINT-ELOY-LES-MINES,PUY-DE-DOME,2.835030711589848,46.169785752753754
LES-TINES,CHAMONIX-MONT-BLANC,HAUTE-SAVOIE,6.899188118399411,45.95080962972507
HOENHEIM-TRAM,HNHEIM,BAS-RHIN,7.758131558822099,48.628759388264264
VILLAINES,VILLAINES-SOUS-BOIS,VAL-D'OISE,2.349391049822035,49.07861560140032
BIACHE-SAINT-VAAST,BIACHE-SAINT-VAAST,PAS-DE-CALAIS,2.940997644790628,50.316280109440925
KERHOSTIN,SAINT-PIERRE-QUIBERON,MORBIHAN,-3.136514310995024,47.53629242755505
LANDRY,LANDRY,SAVOIE,6.733473556930917,45.57403174012078
NOISY-LE-SEC,NOISY-LE-SEC,SEINE-SAINT-DENIS,2.45992179728448,48.89675042911374
CHATEAU-CHINON,CHATEAU-CHINON-(CAMPAGNE),NIEVRE,3.926178092229213,47.07185440026569
IS-SUR-TILLE,MARCILLY-SUR-TILLE,COTE-D'OR,5.129777870847223,47.52023448752397
CHAMP-DE-MARS-TOUR-EIFFEL,PARIS,PARIS,2.287661980210214,48.85382608574039
SAINT-GILLES-CROIX-DE-VIE,SAINT-GILLES-CROIX-DE-VIE,VENDEE,-1.941609608187195,46.696491785801165
LONGUEVILLE,LONGUEVILLE,SEINE-ET-MARNE,3.250354020039758,48.513466492488654
L'ESTAQUE,MARSEILLE,BOUCHES-DU-RHONE,5.321378031505878,43.363795125943106
HERBLAY,HERBLAY-SUR-SEINE,VAL-D'OISE,2.161872775865862,48.990322193724175
CHEMIN-PESEUX,PESEUX,JURA,5.344425867939907,46.99475783909085
BAZOCHES,BAZOCHES-ET-SAINT-THIBAUT,AISNE,3.616467770361404,49.305274498556166
ROSNY-SOUS-BOIS,ROSNY-SOUS-BOIS,SEINE-SAINT-DENIS,2.486053771443001,48.87051086552947
ELOYES,ELOYES,VOSGES,6.59997034529485,48.087125849744865
ONNAING,ONNAING,NORD,3.60137914801559,50.3920291158138
LA-GARDE,LA-GARDE,VAR,6.010088274585391,43.11864738966461
ABANCOURT,ABANCOURT,OISE,1.774718285053579,49.68553371297622
VALENCE,ALIXAN,DROME,4.978549257404847,44.99274215354382
ROQUEFORT-(LANDES),ROQUEFORT,LANDES,-0.32504553826494,44.039325246507865
GIRONDE,GIRONDE-SUR-DROPT,GIRONDE,-0.091953787971817,44.58299090218213
COURSAN,COURSAN,AUDE,3.051416551996191,43.23418716654783
BOUCOIRAN,BOUCOIRAN-ET-NOZIERES,GARD,4.18754351808406,43.99273014025837
MOUROUX,MOUROUX,SEINE-ET-MARNE,3.044047451591068,48.81347015023518
HEILLY,HEILLY,SOMME,2.540395372875266,49.94382816531326
TEILLE,TEILLE,SARTHE,0.191517320153433,48.1813892187838
ETRECHY,ETRECHY,ESSONNE,2.19360515789254,48.492275105306405
LOUVRES,LOUVRES,VAL-D'OISE,2.502681038602271,49.04998445076471
PENNE,PENNE-D'AGENAIS,LOT-ET-GARONNE,0.79911677740077,44.37674412103538
BRION-MONTREAL-LA-CLUSE,BRION,AIN,5.558441193876042,46.17569128346321
JONCET,SERDINYA,PYRENEES-ORIENTALES,2.311245947030554,42.561539114650905
ALIXAN-CHATEAUNEUF-D'ISERE,CHATEAUNEUF-SUR-ISERE,DROME,4.988404541869791,45.00213922647198
TRONSANGES,TRONSANGES,NIEVRE,3.053982608953191,47.11312698272247
PRECY-SUR-OISE,PRECY-SUR-OISE,OISE,2.376953455328803,49.203501298737045
SAINT-DIE-DES-VOSGES,SAINT-DIE-DES-VOSGES,VOSGES,6.94717370791528,48.282120288797906
TROYES,SAINT-JULIEN-LES-VILLAS,AUBE,4.091767915224051,48.26960987416348
PORT-SAINT-LOUIS-DU-RHONE,PORT-SAINT-LOUIS-DU-RHONE,BOUCHES-DU-RHONE,4.804363369361556,43.39891441299268
ACHERES-VILLE,ACHERES,YVELINES,2.077781536261871,48.970114458751645
DANNEMARIE,DANNEMARIE,HAUT-RHIN,7.125321504403092,47.62764248459723
BELFORT,BELFORT,TERRITOIRE-DE-BELFORT,6.855518836923356,47.62962842293642
DOMPIERRE-SEPT-FONS,DOMPIERRE-SUR-BESBRE,ALLIER,3.675343009355433,46.52641660175006
VOUJEAUCOURT,VOUJEAUCOURT,DOUBS,6.770008290026753,47.47894451459476
MANTES-LA-JOLIE,MANTES-LA-VILLE,YVELINES,1.70309309052191,48.989085133393594
TRELAZE,TRELAZE,MAINE-ET-LOIRE,-0.469567830097351,47.452849454429284
SAINT-GAUDENS,SAINT-GAUDENS,HAUTE-GARONNE,0.728631549972755,43.1047116609694
BOISSY-L'AILLERIE,BOISSY-L'AILLERIE,VAL-D'OISE,2.024992371835797,49.07580982720981
DIEMERINGEN,DIEMERINGEN,BAS-RHIN,7.184733758034072,48.94083173304142
SAINT-PIERRE-DE-CHIGNAC,SAINT-PIERRE-DE-CHIGNAC,DORDOGNE,0.85708060093846,45.12347104277347
VIROFLAY-RIVE-GAUCHE,VIROFLAY,YVELINES,2.171520002305991,48.8005737573124
LISIEUX,LISIEUX,CALVADOS,0.230480535139116,49.13833836091847
CHASSENEUIL-(VIENNE),CHASSENEUIL-DU-POITOU,VIENNE,0.37290077344052,46.65191701703638
BEUVRAGES,BEUVRAGES,NORD,3.505854793654777,50.389514020355094
THIAVILLE,THIAVILLE-SUR-MEURTHE,MEURTHE-ET-MOSELLE,6.810414357035961,48.413727359479
BAYEUX,BAYEUX,CALVADOS,-0.698300893971391,49.26958107576529
SAINT-GERMAIN-AU-MONT-D'OR,SAINT-GERMAIN-AU-MONT-D'OR,RHONE,4.804518977167889,45.888540119601046
VOLVIC,VOLVIC,PUY-DE-DOME,2.99867906229565,45.86777595338548
ETAIS-(GS),ETAIS-LA-SAUVIN,YONNE,3.344528456693853,47.498666659413956
LE-HAVRE-GRAVILLE,LE-HAVRE,SEINE-MARITIME,0.161551148840385,49.49990190084749
MALESHERBES,LE-MALESHERBOIS,LOIRET,2.40099439248392,48.29341001336288
MONTLAUR,MONTLAUR,HAUTE-GARONNE,1.578728505246302,43.47474448691258
PONT-DE-LIGNON,BEAUZAC,HAUTE-LOIRE,4.137456811955177,45.25981324098422
BUEIL,BUEIL,EURE,1.44379094005207,48.92509435202495
SAINT-QUENTIN-EN-YVELINES,MONTIGNY-LE-BRETONNEUX,YVELINES,2.044365664932942,48.787365657631234
LES-RAMASSIERS,TOULOUSE,HAUTE-GARONNE,1.352765431547052,43.602518852973404
LENTILLY,LENTILLY,RHONE,4.667205453902536,45.821806043831806
CLACY-MONS,CLACY-ET-THIERRET,AISNE,3.576634965867545,49.54375630988866
BEAULIEU-LE-COUDRAY,LE-COUDRAY,EURE-ET-LOIR,1.514923700425223,48.425837269935855
MOUY-BURY,BURY,OISE,2.326570137374303,49.32054635326035
PLOUHARNEL-CARNAC,PLOUHARNEL,MORBIHAN,-3.11838614250868,47.604321433014995
EZE,EZE,ALPES-MARITIMES,7.357169142675404,43.72224347830295
BORAN-SUR-OISE,BORAN-SUR-OISE,OISE,2.362764104585043,49.167044991880324
PONTORSON-MONT-SAINT-MICHEL,PONTORSON,MANCHE,-1.504908810054122,48.55243177361564
BUZY-EN-BEARN,BUZY,PYRENEES-ATLANTIQUES,-0.456818633841091,43.14667688630999
MESVRES,MESVRES,SAONE-ET-LOIRE,4.244709727961873,46.86293850590604
RIXHEIM,RIXHEIM,HAUT-RHIN,7.399542952229912,47.75126463742996
COMBS-LA-VILLE-QUINCY,COMBS-LA-VILLE,SEINE-ET-MARNE,2.54704224181887,48.66864679123076
CHATEAU-THIERRY,CHATEAU-THIERRY,AISNE,3.409738322821553,49.03782614971172
SAINT-ANDRE-DE-CORCY,SAINT-ANDRE-DE-CORCY,AIN,4.948707636273644,45.925981717567566
CUGAND,CUGAND,VENDEE,-1.253460161353398,47.05830362769608
CHAUMONT,CHAUMONT,HAUTE-MARNE,5.10906827225772,48.1119332578839
VALLEROY-MOINEVILLE,VALLEROY,MEURTHE-ET-MOSELLE,5.934437034177994,49.20508780036244
PORT-STE-MARIE,PORT-SAINTE-MARIE,LOT-ET-GARONNE,0.388545716635139,44.250464514429325
SAINT-SULPICE,SAINT-SULPICE-LA-POINTE,TARN,1.681196438908496,43.775630391901124
LOOS-EN-GOHELLE,LENS,PAS-DE-CALAIS,2.792160590965308,50.437819114223956
CONFLANS-JARNY,JARNY,MEURTHE-ET-MOSELLE,5.868148235454816,49.1666621733777
POUGUES-LES-EAUX,POUGUES-LES-EAUX,NIEVRE,3.093935198617941,47.076783868711495
VERBERIE,VERBERIE,OISE,2.745804967507698,49.3199613885081
LA-ROCHE-EN-BRENIL,LA-ROCHE-EN-BRENIL,COTE-D'OR,4.17015819244852,47.385206129666805
HIRSON,HIRSON,AISNE,4.084730086619008,49.91456205465362
VILLENEUVE-SUR-ALLIER,VILLENEUVE-SUR-ALLIER,ALLIER,3.246865273621824,46.65911911232658
LA-CHAPELLE-CENTRE,LA-CHAPELLE-SUR-ERDRE,LOIRE-ATLANTIQUE,-1.548008411184202,47.29780936176806
EPINAY-SUR-ORGE,EPINAY-SUR-ORGE,ESSONNE,2.32963171849958,48.66870545710936
VARADES-SAINT-FLORENT-LE-VIEIL,LOIREAUXENCE,LOIRE-ATLANTIQUE,-1.019757190898349,47.37440465988891
GAP,GAP,HAUTES-ALPES,6.085343549432018,44.56368066281374
EPEHY,EPEHY,SOMME,3.133336324692209,50.00793445259912
LEZIGNAN-(AUDE),LEZIGNAN-CORBIERES,AUDE,2.770291282453083,43.20006037775123
CHATEAULIN,CHATEAULIN,FINISTERE,-4.094446373150009,48.20142818283691
ASCQ,VILLENEUVE-D'ASCQ,NORD,3.15976822699323,50.62195275849584
HYERES,HYERES,VAR,6.124240371340878,43.10866063770032
SARREINSMING,SARREINSMING,MOSELLE,7.11212841482189,49.08611001608264
CHATILLON-SUR-INDRE,CHATILLON-SUR-INDRE,INDRE,1.171048691962509,46.99214170777599
ALBERTVILLE,ALBERTVILLE,SAVOIE,6.372548716712411,45.66916626382764
SAINT-OUEN-DU-BREUIL,SAINT-OUEN-DU-BREUIL,SEINE-MARITIME,1.010813291247209,49.6407701420497
MARSAC,MARSAC,CREUSE,1.585709851392756,46.094218181141514
GUDMONT,GUDMONT-VILLIERS,HAUTE-MARNE,5.140977831506596,48.33833971036188
BONSON,BONSON,LOIRE,4.21636058621463,45.5223184083818
MERIEL,MERIEL,VAL-D'OISE,2.205014084606336,49.0772421084486
AIRE-SUR-L'ADOUR,AIRE-SUR-L'ADOUR,LANDES,-0.256344052110299,43.707238775840736
PLOUVARA-PLERNEUF,PLOUVARA,COTES-D'ARMOR,-2.89239580302299,48.50863007517779
HESDIN,HESDIN,PAS-DE-CALAIS,2.035297449002732,50.37830124171442
CHABRIS,CHABRIS,INDRE,1.646079774361345,47.255100199984426
VILLENNES-SUR-SEINE,VILLENNES-SUR-SEINE,YVELINES,1.999664247353981,48.939500312166594
MUTZIG,MUTZIG,BAS-RHIN,7.462406503086941,48.533593276976994
LA-FRETTE-MONTIGNY,LA-FRETTE-SUR-SEINE,VAL-D'OISE,2.180065905880359,48.98019761511587
ENNEVELIN,TEMPLEUVE-EN-PEVELE,NORD,3.158767104451293,50.549523320480006
BAYONNE-ALLEES-MARINES,BAYONNE,PYRENEES-ATLANTIQUES,-1.483773076251879,43.49748307437902
L'ARGENTIERE-LES-ECRINS,L'ARGENTIERE-LA-BESSEE,HAUTES-ALPES,6.556249737151195,44.79098320934446
LYON-GUILLOTIERE,LYON,RHONE,4.84515837978365,45.74395955827666
CHAUMONT-EN-VEXIN,CHAUMONT-EN-VEXIN,OISE,1.87274012538591,49.26122040204954
HEYRIEUX,GRENAY,ISERE,5.056036580334189,45.65756700808129
MIGNALOUX-NOUAILLE,MIGNALOUX-BEAUVOIR,VIENNE,0.411829367284135,46.526077356674804
MONT-NOTRE-DAME,MONT-NOTRE-DAME,AISNE,3.576725498089148,49.296823850725474
PARTHENAY,PARTHENAY,DEUX-SEVRES,-0.239423232706813,46.6469941564911
L'ABBAYE,LIVRY-GARGAN,SEINE-SAINT-DENIS,2.516927947616403,48.92233695494781
NEUVILLE-UNIVERSITE,NEUVILLE-SUR-OISE,VAL-D'OISE,2.078363401418651,49.014391328537435
DISTROFF,DISTROFF,MOSELLE,6.260227352042514,49.335095397692164
DOUAI,DOUAI,NORD,3.090940541981852,50.37461380619924
LA-GRANDE-PAROISSE,LA-GRANDE-PAROISSE,SEINE-ET-MARNE,2.897226810098953,48.37876500728777
SARRALBE,SARRALBE,MOSELLE,7.036295700186401,49.00077683351729
DRUYE,DRUYE,INDRE-ET-LOIRE,0.533822558376341,47.30636201128594
FLAMBOIN-GOUAIX,GOUAIX,SEINE-ET-MARNE,3.287283383626792,48.4725532460354
SAINT-AMAND-DE-VENDOME,SAINT-AMAND-LONGPRE,LOIR-ET-CHER,1.011973870796805,47.69303595599551
RODEZ,RODEZ,AVEYRON,2.580264604321567,44.36265275693039
LAILLE,GUICHEN,ILLE-ET-VILAINE,-1.74943485888762,47.97104695918046
THEZY-GLIMONT,THEZY-GLIMONT,SOMME,2.435843586481389,49.81178157822017
TOUET-DE-L'ESCARENE,TOUET-DE-L'ESCARENE,ALPES-MARITIMES,7.3646684919829,43.84703661020427
PARAY-LE-MONIAL,PARAY-LE-MONIAL,SAONE-ET-LOIRE,4.113797115799167,46.44698018163388
CARHAIX,CARHAIX-PLOUGUER,FINISTERE,-3.563916929202896,48.27645974077854
MENTON-GARAVAN,MENTON,ALPES-MARITIMES,7.516005489849121,43.784880281124074
DORLISHEIM,DORLISHEIM,BAS-RHIN,7.493034019441705,48.52464790963129
DOMMARTIN-LISSIEU,DOMMARTIN,RHONE,4.734074413989939,45.839999367586906
LUTTERBACH-TRAM-TRAIN,LUTTERBACH,HAUT-RHIN,7.276642521680638,47.7581417489987
SAINT-VARENT,SAINT-VARENT,DEUX-SEVRES,-0.224148987227961,46.88931062006557
RAMBOUILLET,RAMBOUILLET,YVELINES,1.831365471508512,48.64330050790358
ROYE-(SOMME),ROYE,SOMME,2.786552725796768,49.705002902113705
OLORON-STE-MARIE,OLORON-SAINTE-MARIE,PYRENEES-ATLANTIQUES,-0.612202258968699,43.19475600274593
LORCY,CORBEILLES,LOIRET,2.551283001492116,48.066084769647986
BRUMATH,BRUMATH,BAS-RHIN,7.700197614664152,48.7329995411152
THANN-SAINT-JACQUES,THANN,HAUT-RHIN,7.093342642302613,47.81324746539905
SAINT-HILAIRE-AU-TEMPLE,SAINT-HILAIRE-AU-TEMPLE,MARNE,4.379296411934363,49.0559028184936
HEILLES-MOUCHY,HEILLES,OISE,2.273568340506388,49.34022305051906
BOURG-EN-BRESSE,BOURG-EN-BRESSE,AIN,5.216110623445346,46.19572681480001
VAUCRESSON,VAUCRESSON,HAUTS-DE-SEINE,2.152457655505388,48.836743107448
VAUX-SUR-SEINE,VAUX-SUR-SEINE,YVELINES,1.963181108519656,49.00727114981752
SAINT-AMAND-LES-EAUX,SAINT-AMAND-LES-EAUX,NORD,3.416959351030055,50.44403982935466
NIMES,NIMES,GARD,4.366218272451483,43.83252873429654
DONCHERY,DONCHERY,ARDENNES,4.874829747177437,49.6983163493635
NEUVES-MAISONS,NEUVES-MAISONS,MEURTHE-ET-MOSELLE,6.10895543091296,48.61485029393445
LALINDE,LALINDE,DORDOGNE,0.742924824689509,44.83950516099694
VIGNORY,VIGNORY,HAUTE-MARNE,5.124169179576557,48.27058134112792
BERGERAC,BERGERAC,DORDOGNE,0.489255942648414,44.857181326922856
BOIS-COLOMBES,BOIS-COLOMBES,HAUTS-DE-SEINE,2.27245533273744,48.913671453994574
BEAUNE,BEAUNE,COTE-D'OR,4.848573032292899,47.022702194436846
SENNECEY-LE-GRAND,SENNECEY-LE-GRAND,SAONE-ET-LOIRE,4.87453569580977,46.640641464084545
LABEGE-VILLAGE,LABEGE,HAUTE-GARONNE,1.532903995918895,43.53048110945656
NANGIS,NANGIS,SEINE-ET-MARNE,3.012973972585151,48.561264266580295
VERSIGNY,VERSIGNY,AISNE,3.433566294954427,49.657346063806905
NEUILLY-LES-DIJON,NEUILLY-CRIMOLOIS,COTE-D'OR,5.11098084105131,47.281633488275936
VIRE,VIRE-NORMANDIE,CALVADOS,-0.910638052403238,48.8462666479729
BANTZENHEIM,BANTZENHEIM,HAUT-RHIN,7.506783121750866,47.8120371290251
LA-VEUVE,LA-VEUVE,MARNE,4.323629130883944,49.02154237363691
NANTEUIL-SAACY,SAACY-SUR-MARNE,SEINE-ET-MARNE,3.220217021680595,48.9739617204389
CHALONNES,CHALONNES-SUR-LOIRE,MAINE-ET-LOIRE,-0.743796705302478,47.34278743126005
PLANES,PLANES,PYRENEES-ORIENTALES,2.136887780352252,42.50103720180767
LARAGNE,LARAGNE-MONTEGLIN,HAUTES-ALPES,5.819952452629614,44.316548033661626
LA-FERTE-SOUS-JOUARRE,LA-FERTE-SOUS-JOUARRE,SEINE-ET-MARNE,3.125913137284532,48.950957378630235
MORCENX,MORCENX-LA-NOUVELLE,LANDES,-0.908365475875456,44.03398052873855
VOIRON,VOIRON,ISERE,5.595495375221777,45.363529700218024
SAINT-CHELY-D'APCHER,SAINT-CHELY-D'APCHER,LOZERE,3.270797800665272,44.80169452565202
PERRIGNIER,PERRIGNIER,HAUTE-SAVOIE,6.425947054459164,46.30417766520806
METZ-VILLE,METZ,MOSELLE,6.177376700521011,49.109047707663684
PIERRELAYE,PIERRELAYE,VAL-D'OISE,2.153765360895035,49.019370518636116
MASSY-EUROPE,MASSY,ESSONNE,2.272607085867197,48.725405053687275
FEURS,FEURS,LOIRE,4.230653566369019,45.74406891460365
SARRE-UNION,SARRE-UNION,BAS-RHIN,7.084947036223359,48.93586133744758
PEROLS,PEROLS-SUR-VEZERE,CORREZE,1.977687227245846,45.58480449106402
SULLY-SUR-LOIRE,SULLY-SUR-LOIRE,LOIRET,2.369459358034141,47.759800350075466
KILSTETT,KILSTETT,BAS-RHIN,7.855196999735624,48.679576553372144
VANVES-MALAKOFF,VANVES,HAUTS-DE-SEINE,2.291884534098069,48.81820275404127
FRANOIS,FRANOIS,DOUBS,5.93184604552049,47.22558033049808
GUIMILIAU,GUIMILIAU,FINISTERE,-3.998945077365134,48.48522674981521
BRIANCON,BRIANCON,HAUTES-ALPES,6.632590100904112,44.88961277723656
CHATEAU-ARNOUX-SAINT-AUBAN,CHATEAU-ARNOUX-SAINT-AUBAN,ALPES-DE-HAUTE-PROVENCE,5.99738902632121,44.06103192413043
CUSSET,CUSSET,ALLIER,3.457902251870886,46.13898730548321
ABBEVILLE,ABBEVILLE,SOMME,1.824299979139242,50.1019712052704
COULOMMIERS,COULOMMIERS,SEINE-ET-MARNE,3.08196720068987,48.80771929181312
COUSSEY,COUSSEY,VOSGES,5.687579796656098,48.40132672222825
BARENTON-BUGNY,BARENTON-BUGNY,AISNE,3.655987974675679,49.63058522655168
JOINVILLE,JOINVILLE,HAUTE-MARNE,5.144114026022076,48.44433716708518
CONCHES,CONCHES-EN-OUCHE,EURE,0.937936701488137,48.96215407348989
LAMONZIE-SAINT-MARTIN,LAMONZIE-SAINT-MARTIN,DORDOGNE,0.380488706369801,44.8434364489837
OUGES,OUGES,COTE-D'OR,5.072215648113942,47.25631293079287
SILLERY,SILLERY,MARNE,4.144199780709627,49.20332579990567
MAULDE-MORTAGNE,MORTAGNE-DU-NORD,NORD,3.443184869526689,50.496948473911736
SAINT-FLOUR-CHAUDES-AIGUES,SAINT-FLOUR,CANTAL,3.106143478141462,45.03497152028242
MIRECOURT,MIRECOURT,VOSGES,6.128989839330902,48.29961812645255
PICQUIGNY,PICQUIGNY,SOMME,2.143290023735589,49.94614977548918
COLLONGES-FONTAINES,COLLONGES-AU-MONT-D'OR,RHONE,4.846431670967375,45.828936836344326
CHAVILLE-VELIZY,VIROFLAY,YVELINES,2.184449022369839,48.79954704619592
PRIN-DEYRANCON,PRIN-DEYRANCON,DEUX-SEVRES,-0.63647243701305,46.21900408049304
PONT-CARDINET,PARIS,PARIS,2.314726585480233,48.88786803138204
LOURCHES,RULX,NORD,3.343477954901035,50.31061442370389
CARQUEFOU,CARQUEFOU,LOIRE-ATLANTIQUE,-1.491540096944802,47.27691218565225
PARIS-AUSTERLITZ-SOUTERRAIN,PARIS,PARIS,2.367037639567501,48.84049521424752
PARIS-VAUGIRARD,PARIS,PARIS,2.316170554884684,48.83753005935873
BAULE,BAULE,LOIRET,1.667899003999119,47.81148702670024
SARCELLES-SAINT-BRICE,SAINT-BRICE-SOUS-FORET,VAL-D'OISE,2.36848907128339,48.99521236875985
AUTREY-LES-GRAY,AUTREY-LES-GRAY,HAUTE-SAONE,5.483289848019719,47.47500905408718
RUFFEY,RUFFEY-LES-ECHIREY,COTE-D'OR,5.079175945213073,47.37048889594592
LES-MAIS,CALLAC,COTES-D'ARMOR,-3.382819243663268,48.42624066188454
CARENTAN,CARENTAN-LES-MARAIS,MANCHE,-1.242069292807631,49.30175533362343
MERENS-LES-VALS,MERENS-LES-VALS,ARIEGE,1.83733661606178,42.65936456855758
MONTLUEL,MONTLUEL,AIN,5.058616223665426,45.84807684968764
BRASSAC-LES-MINES-STE-FLORINE,BRASSAC-LES-MINES,PUY-DE-DOME,3.330155917792313,45.414079259619086
PINS-JUSTARET,PINS-JUSTARET,HAUTE-GARONNE,1.399731478520375,43.478891437269915
CLELLES-MENS,CLELLES,ISERE,5.605804968359903,44.82699348583543
LUDRES,LUDRES,MEURTHE-ET-MOSELLE,6.169946093243105,48.62154755201888
BREUILLET-VILLAGE,BREUILLET,ESSONNE,2.171429856330237,48.564764334717566
STRAZEELE,STRAZEELE,NORD,2.630935112868321,50.71350179346863
SAINT-MAMMES,SAINT-MAMMES,SEINE-ET-MARNE,2.814555363396877,48.38159397621057
PORT-VENDRES,PORT-VENDRES,PYRENEES-ORIENTALES,3.102682609531887,42.51337430079546
CHEVRIERES,CHEVRIERES,OISE,2.68284442052235,49.337433650529036
VIERZON-FORGES,VIERZON,CHER,2.09583755617808,47.21413101276714
MAREIL-SUR-MAULDRE,MAREIL-SUR-MAULDRE,YVELINES,1.871552843730546,48.8936706358685
LE-TOEC,TOULOUSE,HAUTE-GARONNE,1.40152581770267,43.59552142796994
TGV-HAUTE-PICARDIE,ABLAINCOURT-PRESSOIR,SOMME,2.832038909165286,49.857763360724036
PONT-DU-CHATEAU,PONT-DU-CHATEAU,PUY-DE-DOME,3.237824469550855,45.78847594749263
FROUARD,FROUARD,MEURTHE-ET-MOSELLE,6.144387716094652,48.755587520907866
SATHONAY-RILLIEUX,RILLIEUX-LA-PAPE,RHONE,4.87537131717332,45.819823378104495
CHAMARANDE,CHAMARANDE,ESSONNE,2.214081367581303,48.51320317645819
DOUZIES,MAUBEUGE,NORD,3.930649723603976,50.27512788883874
BOISSET,BOISSET,CANTAL,2.249573618534337,44.78563288456739
CORBEIL-ESSONNES,CORBEIL-ESSONNES,ESSONNE,2.47468704724485,48.616815244185844
LEMPDES-(HAUTE-LOIRE),LEMPDES-SUR-ALLAGNON,HAUTE-LOIRE,3.271429342401075,45.38244171193367
HAGUENAU,HAGUENAU,BAS-RHIN,7.782164542433258,48.81337875664766
NEUVES-MAISONS,NEUVES-MAISONS,MEURTHE-ET-MOSELLE,6.10794856321343,48.61484494869073
ENNEZAT-CLERLANDE,ENNEZAT,PUY-DE-DOME,3.217009689572511,45.91608105370416
WESSERLING,FELLERING,HAUT-RHIN,6.997713951654126,47.889893218166925
LA-CLAYETTE-BAUDEMONT,BAUDEMONT,SAONE-ET-LOIRE,4.298400545470132,46.28819138501796
SAINT-JOSEPH-LE-CASTELLAS,MARSEILLE,BOUCHES-DU-RHONE,5.37755047553472,43.35193036556906
TARASCON,TARASCON,BOUCHES-DU-RHONE,4.65779203971903,43.801275854283546
L'ISLE-FONTAINE-DE-VAUCLUSE,L'ISLE-SUR-LA-SORGUE,VAUCLUSE,5.047518472991605,43.91716989770138
LAROQUEBROU,LAROQUEBROU,CANTAL,2.192861260123337,44.96407265711421
PONT-DE-CLAIX,LE-PONT-DE-CLAIX,ISERE,5.700137857147273,45.124556547623314
EPINAY-VILLETANEUSE,EPINAY-SUR-SEINE,SEINE-SAINT-DENIS,2.328532607427186,48.95796204386307
VIC-LE-COMTE,VIC-LE-COMTE,PUY-DE-DOME,3.206926245053712,45.66492815795635
COUZON-AU-MONT-D'OR,COUZON-AU-MONT-D'OR,RHONE,4.829284936846395,45.84867672036676
FEUQUEROLLES,FEUQUIERES-EN-VIMEU,SOMME,1.605334122132453,50.06482552069153
BAVAY,BAVAY,NORD,3.780442493881741,50.296731641744
SAINT-MARTIN-DU-MONT,SAINT-MARTIN-DU-MONT,AIN,5.303176213411802,46.09586466972748
BAINVILLE-SUR-MADON,BAINVILLE-SUR-MADON,MEURTHE-ET-MOSELLE,6.09954060367336,48.58599515017656
CHAMPBENOISAINT-POIGNY,POIGNY,SEINE-ET-MARNE,3.287148323732938,48.54548709575709
MENARS,MENARS,LOIR-ET-CHER,1.405640971899316,47.64502956628932
LA-VILLE-GOZET,MONTLUCON,ALLIER,2.591782416405334,46.34978956745922
DOMPIERRE,DOMPIERRE-SUR-HELPE,NORD,3.871447513718091,50.14620866159239
BADAN,GRIGNY,RHONE,4.78416873681048,45.60272792627221
SAINT-AMOUR,SAINT-AMOUR,JURA,5.334079345285624,46.43309508855478
LAPEYROUSE,LAPEYROUSE,PUY-DE-DOME,2.893826665140213,46.22672641227878
NAJAC,NAJAC,AVEYRON,1.976477863897994,44.22243921196413
LUNERY,LUNERY,CHER,2.275121559043326,46.93504115876785
SAINT-GEORGES-DE-COMMIERS,SAINT-GEORGES-DE-COMMIERS,ISERE,5.701065889466308,45.043812384307145
LA-BERNERIE-EN-RETZ,LA-BERNERIE-EN-RETZ,LOIRE-ATLANTIQUE,-2.033746379782045,47.083155834972025
NEUFCHATEAU,NEUFCHATEAU,VOSGES,5.690054119401399,48.35823429538989
CROUY,CROUY,AISNE,3.356971247776012,49.40374049325243
GRENOBLE,GRENOBLE,ISERE,5.718515336422927,45.182109650519095
MONTS,MONTS,INDRE-ET-LOIRE,0.65475724609017,47.281723052293934
MERTZWILLER,MERTZWILLER,BAS-RHIN,7.678279658108219,48.87217402963079
MORVILLARS,MORVILLARS,TERRITOIRE-DE-BELFORT,6.935477042539166,47.54965868649208
LE-BURG,VARETZ,CORREZE,1.429694582784343,45.216284496291834
CAMBRAI-ANNEXE,CAMBRAI,NORD,3.255242634335578,50.17668424992567
CHAMPAGNOLE,CHAMPAGNOLE,JURA,5.910072631614371,46.749442278854836
LAVAUFRANCHE,LAVAUFRANCHE,CREUSE,2.270264486589525,46.3212777096265
MONTGERON-CROSNE,MONTGERON,ESSONNE,2.460602648420521,48.709077058336696
BOLOGNE,BOLOGNE,HAUTE-MARNE,5.134440394643822,48.19872102229766
VIEUX-THANN,VIEUX-THANN,HAUT-RHIN,7.120561396535635,47.80531453060606
BUSSAC,BUSSAC-FORET,CHARENTE-MARITIME,-0.368017790595321,45.21191098374495
CASTELSARRASIN,CASTELSARRASIN,TARN-ET-GARONNE,1.114425960626738,44.04039402747942
SAINT-OUEN,SAINT-OUEN-SUR-SEINE,SEINE-SAINT-DENIS,2.322511500997242,48.90524671472524
PUGET-VILLE,PUGET-VILLE,VAR,6.138071300395092,43.28270763328318
RENNES,RENNES,ILLE-ET-VILAINE,-1.672881285302788,48.10311582578676
L'ESTAQUE,MARSEILLE,BOUCHES-DU-RHONE,5.321378031505878,43.363795125943106
LANDERNEAU,LANDERNEAU,FINISTERE,-4.256576427625531,48.45374715117324
BROYE,SAINT-SYMPHORIEN-DE-MARMAGNE,SAONE-ET-LOIRE,4.295032727384662,46.86227823083895
SAINT-CLAIR-LES-ROCHES,SAINT-CLAIR-DU-RHONE,ISERE,4.769865613059207,45.45025702124897
JUAN-LES-PINS,ANTIBES,ALPES-MARITIMES,7.1116630547827,43.57102644650271
LE-GRAU-DU-ROI,LE-GRAU-DU-ROI,GARD,4.140573057483806,43.53706983053373
ROUMAZIERES-LOUBERT,TERRES-DE-HAUTE-CHARENTE,CHARENTE,0.578899583313921,45.889191634944915
COUDEKERQUE-BRANCHE,COUDEKERQUE-BRANCHE,NORD,2.373900549542658,51.02017660292432
CHATILLON-D'AZERGUES,CHATILLON,RHONE,4.645186321129995,45.87517293010993
SUCE-SUR-ERDRE,SUCE-SUR-ERDRE,LOIRE-ATLANTIQUE,-1.530637455853912,47.34270309289346
RUMILLY,RUMILLY,HAUTE-SAVOIE,5.948156673869637,45.862896285726
VOREPPE,VOREPPE,ISERE,5.632502398249643,45.2897933085749
EPLUCHES,SAINT-OUEN-L'AUMONE,VAL-D'OISE,2.123061762756988,49.05535242750229
MARMANDE,MARMANDE,LOT-ET-GARONNE,0.168080472582615,44.503203095516575
CONDAT-LE-LARDIN,LE-LARDIN-SAINT-LAZARE,DORDOGNE,1.226449372516202,45.12665773700414
LES-MUREAUX,LES-MUREAUX,YVELINES,1.922768734332168,48.995285236579285
SEVERAC-LE-CHATEAU,SEVERAC-D'AVEYRON,AVEYRON,3.056473841236677,44.32599083217543
ALAI,TASSIN-LA-DEMI-LUNE,RHONE,4.771826833320993,45.75190056833365
SAINT-LAURENT-D'AIGOUZE,SAINT-LAURENT-D'AIGOUZE,GARD,4.193010328022383,43.63914459623065
LA-JARRIE,LA-JARRIE,CHARENTE-MARITIME,-1.025928331147898,46.12147060836764
AULNAY-SOUS-BOIS,AULNAY-SOUS-BOIS,SEINE-SAINT-DENIS,2.494055734855631,48.932208386386094
SAINT-GEORGES-DE-RENEINS,SAINT-GEORGES-DE-RENEINS,RHONE,4.718750400651635,46.06206242033645
LA-MADELEINE,LA-MADELEINE,NORD,3.061333307597586,50.660646535544785
STRASBOURG-VILLE,STRASBOURG,BAS-RHIN,7.731594953278417,48.58287025491014
MALAUSE,MALAUSE,TARN-ET-GARONNE,0.971649434844218,44.08808979904511
SAONE,SAONE,DOUBS,6.101612875909963,47.20970012019143
TRAPPES,TRAPPES,YVELINES,2.007320035731464,48.775053259812324
CHATEAUNEUF-SUR-CHER,CHATEAUNEUF-SUR-CHER,CHER,2.311632018518727,46.855766563737156
LA-COURONNE-CARRO,MARTIGUES,BOUCHES-DU-RHONE,5.051828514747201,43.33995107043
AVALLON,AVALLON,YONNE,3.912692787059527,47.49583531306605
PETIT-QUEVILLY,LE-PETIT-QUEVILLY,SEINE-MARITIME,1.055420562082986,49.42717928143552
CHATEAUNEUF-SUR-LOIRE,CHATEAUNEUF-SUR-LOIRE,LOIRET,2.226890967059251,47.868736929208545
MEZERIAT,MEZERIAT,AIN,5.046778286049959,46.234982852558495
PORT-STE-MARIE,PORT-SAINTE-MARIE,LOT-ET-GARONNE,0.38929808582223,44.250456733278234
CHATEAU-GAILLARD,SANTILLY,EURE-ET-LOIR,1.912264497709663,48.140442250309974
VENERQUE-LE-VERNET,VERNET,HAUTE-GARONNE,1.425899142829474,43.433318075568145
HAYANGE,HAYANGE,MOSELLE,6.073248831500282,49.330594136241984
MULHOUSE-DORNACH-(TRAM/TRAIN),MULHOUSE,HAUT-RHIN,7.309312740114582,47.74641907554669
MONETEAU-GURGY,MONETEAU,YONNE,3.580031272750154,47.8507529836946
PAIMPOL,PAIMPOL,COTES-D'ARMOR,-3.046020468525522,48.77663514565281
BELLEVILLE-SUR-SAONE,BELLEVILLE-EN-BEAUJOLAIS,RHONE,4.728863851523365,46.1119110973601
PLOUARET-TREGOR,LE-VIEUX-MARCHE,COTES-D'ARMOR,-3.457983953556017,48.606290948971115
SAINT-ROCH-(SOMME),AMIENS,SOMME,2.283469712395204,49.893141071352986
SAINT-LEON-SUR-L'ISLE,SAINT-LEON-SUR-L'ISLE,DORDOGNE,0.492393736576139,45.123254805200325
ERAGNY-NEUVILLE,ERAGNY,VAL-D'OISE,2.090693441119665,49.01807541544188
CRECHES-SUR-SAONE,CRECHES-SUR-SAONE,SAONE-ET-LOIRE,4.784192910496286,46.24614606788354
COLTAINVILLE,COLTAINVILLE,EURE-ET-LOIR,1.582540248899913,48.489401884573184
VIEVOLA,TENDE,ALPES-MARITIMES,7.563037296893532,44.11237966122452
SAINT-BLAISE-LA-ROCHE-POUTAY,SAINT-BLAISE-LA-ROCHE,BAS-RHIN,7.165571428718571,48.407715325539854
MENNESSIS,MENNESSIS,AISNE,3.270235364802346,49.692176557029384
ARNEKE,ARNEKE,NORD,2.408173440631014,50.83081761670071
LESQUIN,LESQUIN,NORD,3.118755929274787,50.589998491922394
JONZAC,JONZAC,CHARENTE-MARITIME,-0.441990254629341,45.43868717338337
LA-HUTTE-COULOMBIERS,FRESNAY-SUR-SARTHE,SARTHE,0.104261655412172,48.30100235542934
LE-MERIDIEN,CHARBONNIERES-LES-BAINS,RHONE,4.748267623974998,45.7689133390078
SAVIGNY-SUR-ORGE,SAVIGNY-SUR-ORGE,ESSONNE,2.350700447795131,48.67447164259944
QUIMPER,QUIMPER,FINISTERE,-4.092232861763613,47.9948237414113
CHARMONT,CHARMONT-SOUS-BARBUISE,AUBE,4.173755529094502,48.403205538126784
SAINT-CYPRIEN-EN-DORDOGNE,SAINT-CYPRIEN,DORDOGNE,1.043594147913342,44.86332595028344
LIVRY-GARGAN,LES-PAVILLONS-SOUS-BOIS,SEINE-SAINT-DENIS,2.516725418406955,48.90767694942742
ROUILLE,ROUILLE,VIENNE,0.041896403862968,46.418749776034865
ROMILLY-SUR-SEINE,ROMILLY-SUR-SEINE,AUBE,3.728722213291402,48.513931997995826
HERICOURT,HERICOURT,HAUTE-SAONE,6.769379068466185,47.572909400117844
TREBES,TREBES,AUDE,2.434688831720839,43.20554776894618
SIMIANE,SIMIANE-COLLONGUE,BOUCHES-DU-RHONE,5.425818535192259,43.43473227186193
LAISSEY,LAISSEY,DOUBS,6.233693701063549,47.29914191592695
MILLY-SUR-THERAIN,MILLY-SUR-THERAIN,OISE,1.988638832384276,49.50386308300202
SAIN-BEL,SAIN-BEL,RHONE,4.601696786719716,45.81131820303853
SAINT-LAURENT-DE-LA-PREE,SAINT-LAURENT-DE-LA-PREE,CHARENTE-MARITIME,-1.02863401853472,45.9937452820728
NERAC,NERAC,LOT-ET-GARONNE,0.335501463381548,44.13143491307024
CARCASSONNE,CARCASSONNE,AUDE,2.352986949598741,43.21826921559891
ARRAS,ARRAS,PAS-DE-CALAIS,2.781966934851946,50.28649576680664
BAIGTS-DE-BEARN,BAIGTS-DE-BEARN,PYRENEES-ATLANTIQUES,-0.845909744914407,43.510308751630454
POIX-TERRON,POIX-TERRON,ARDENNES,4.636807636125961,49.650586484650105
QUEMENEVEN,QUEMENEVEN,FINISTERE,-4.085804996612713,48.11563521669611
SALOME,SALOME,NORD,2.835891433734821,50.54133466245365
PONTCHARRA-SUR-BREDA-ALLEVARD,PONTCHARRA,ISERE,6.00771208061662,45.43408981286293
PENHOET,SAINT-NAZAIRE,LOIRE-ATLANTIQUE,-2.200785505885233,47.29047012989129
LYON-PART-DIEU,LYON,RHONE,4.860200803130667,45.76054053999095
AUBAZINE-SAINT-HILAIRE,SAINT-HILAIRE-PEYROUX,CORREZE,1.641852270895048,45.1817867684608
BUSIGNY,BUSIGNY,NORD,3.445911192196971,50.03964988498478
TARASCON-SUR-ARIEGE,TARASCON-SUR-ARIEGE,ARIEGE,1.599986444337187,42.849488340290144
REMISE-A-JORELLE,BONDY,SEINE-SAINT-DENIS,2.485832518295548,48.89286804531261
GARDANNE,GARDANNE,BOUCHES-DU-RHONE,5.463066937600604,43.456060550262265
LA-MOTHE-ACHARD,LES-ACHARDS,VENDEE,-1.658030677879772,46.606836768165
VILLIERS-NEAUPHLE-PONTCHARTRAIN,VILLIERS-SAINT-FREDERIC,YVELINES,1.877545105122548,48.81527539849273
HERBITZHEIM,HERBITZHEIM,BAS-RHIN,7.080044235721791,49.013910736907036
COMPANS,COMPANS,SEINE-ET-MARNE,2.665193676704041,48.99145892447891
LA-REOLE,LA-REOLE,GIRONDE,-0.030795563825907,44.57976680184522
OSSES-SAINT-MARTIN-D'ARROSSA,SAINT-MARTIN-D'ARROSSA,PYRENEES-ATLANTIQUES,-1.304959311352246,43.23531217340688
COULIBOEUF,MORTEAUX-COULIBUF,CALVADOS,-0.09829564495577,48.92358252889923
GESTEL,GESTEL,MORBIHAN,-3.44324095590144,47.803068578129064
LUCHE,LUCHE-THOUARSAIS,DEUX-SEVRES,-0.315248192741423,46.907937533352985
BAUD,LANGUIDIC,MORBIHAN,-3.073717475533749,47.87200576208017
FEPIN,FEPIN,ARDENNES,4.725812200721467,50.02375575619918
OLLIOULES-SANARY-SUR-MER,OLLIOULES,VAR,5.825090288335952,43.12242680804686
LUANT,LUANT,INDRE,1.591407084682672,46.73804442540411
CLION-SUR-INDRE,CLION,INDRE,1.238724741367318,46.945200927145365
BLAISY-BAS,BLAISY-BAS,COTE-D'OR,4.741442157912561,47.373258348235915
PARAY-LE-MONIAL,PARAY-LE-MONIAL,SAONE-ET-LOIRE,4.115790189568985,46.44617297006666
MONTAUDRAN,TOULOUSE,HAUTE-GARONNE,1.480582915769503,43.57325594002159
BAVAY,BAVAY,NORD,3.780555135382695,50.29690932962144
LUCHON,BAGNERES-DE-LUCHON,HAUTE-GARONNE,0.596736402237768,42.79727275671695
LIMAY,LIMAY,YVELINES,1.747299431394006,48.984242390536664
HOERDT,HRDT,BAS-RHIN,7.7797685201344,48.70309760982452
CHAMPAGNE,CHAMPAGNE,SARTHE,0.336034717275254,48.01999207493511
WITTRING,WITTRING,MOSELLE,7.140819812049893,49.055958481804154
CAUSSADE,CAUSSADE,TARN-ET-GARONNE,1.533047244838831,44.16128580816961
DREUX,DREUX,EURE-ET-LOIR,1.36657308615931,48.72968627977277
LIVRY-SUR-SEINE,LIVRY-SUR-SEINE,SEINE-ET-MARNE,2.678950684970236,48.51037289873945
BOIS-COLOMBES,BOIS-COLOMBES,HAUTS-DE-SEINE,2.272569987445096,48.913399517369236
ITEUIL,ITEUIL,VIENNE,0.316918460854919,46.48421650972457
BOUSSY-SAINT-ANTOINE,BOUSSY-SAINT-ANTOINE,ESSONNE,2.531116871671902,48.68174962531153
MONDOUBLEAU,MONDOUBLEAU,LOIR-ET-CHER,0.892337520623995,47.98426119421903
BOUY,BOUY,MARNE,4.353159140006062,49.09120996227449
MONTRY-CONDE,MONTRY,SEINE-ET-MARNE,2.826401469990249,48.89084863209177
LA-ROCHE-MAURICE,LA-ROCHE-MAURICE,FINISTERE,-4.205224627646214,48.47408756928626
DINGE,DINGE,ILLE-ET-VILAINE,-1.68583203080833,48.350707672331545
PONT-DE-ROIDE,PONT-DE-ROIDE-VERMONDANS,DOUBS,6.766646182060988,47.38318933023025
BEINHEIM-EMBRANCHEMENT,BEINHEIM,BAS-RHIN,8.07742828347306,48.87188174536525
LANDAS,LANDAS,NORD,3.290156478308408,50.468752121849114
HALSOU-LARRESSORE,HALSOU,PYRENEES-ATLANTIQUES,-1.428102997622267,43.37828240296839
BEAUCAIRE-MARCHANDISES,BEAUCAIRE,GARD,4.623845865005631,43.80768655242276
MER,MER,LOIR-ET-CHER,1.506291655453843,47.70594157519026
NIEDERBRONN-LES-BAINS,NIEDERBRONN-LES-BAINS,BAS-RHIN,7.633761577554735,48.952343834316274
WIMILLE-WIMEREUX,WIMILLE,PAS-DE-CALAIS,1.613739796070267,50.764180866760626
CHARMES,CHARMES,VOSGES,6.301733373092041,48.378685295827026
SAINT-GEORGES-DE-LUZENCON,SAINT-GEORGES-DE-LUZENCON,AVEYRON,2.983520239749485,44.066053581309056
NUITS-SOUS-RAVIERES,NUITS,YONNE,4.21125944802094,47.729784550261755
ANDRESY,ANDRESY,YVELINES,2.049102056308881,48.974783703213305
ORMOY-VILLERS,ORMOY-VILLERS,OISE,2.837270197544007,49.20030985584815
OYONNAX,OYONNAX,AIN,5.653142488148597,46.25955306243293
HERICY,HERICY,SEINE-ET-MARNE,2.760790270292531,48.44270678491386
LE-BRUEL,ESCLANEDES,LOZERE,3.358285462411876,44.48120990149364
ATHIS-MONS,ATHIS-MONS,ESSONNE,2.402101452555594,48.71125468767963
CLERES,BEAUTOT,SEINE-MARITIME,1.046092453274377,49.632948061013444
LUNEL-VIEL,LUNEL-VIEL,HERAULT,4.09361390027053,43.68112696285351
LA-MOTTE-STE-ROSSELINE,LA-MOTTE,VAR,6.514909433623959,43.48065342240392
YVETOT,YVETOT,SEINE-MARITIME,0.750127475011409,49.62220857990937
SAINT-MARTIN-LE-BEAU,SAINT-MARTIN-LE-BEAU,INDRE-ET-LOIRE,0.905859176101644,47.355075610579306
ESTISSAC,ESTISSAC,AUBE,3.802414541228782,48.274286236155824
AIGUEBELLE,VAL-D'ARC,SAVOIE,6.306820208917644,45.543891485387576
DRUSENHEIM,DRUSENHEIM,BAS-RHIN,7.94772836798574,48.76599900112702
PROUVY-THIANT,PROUVY,NORD,3.459326618700148,50.31625428283117
LONGWY,LONGWY,MEURTHE-ET-MOSELLE,5.769063219490987,49.513019055374734
AMBRONAY-PRIAY,AMBRONAY,AIN,5.338096365361949,46.011532101209326
MAGNEUX-COURLANDON,MAGNEUX,MARNE,3.733829606171373,49.30993983854904
CONFLANS-FIN-D'OISE,CONFLANS-SAINTE-HONORINE,YVELINES,2.07503728058043,48.991929538078026
CREPIEUX-LA-PAPE,RILLIEUX-LA-PAPE,RHONE,4.892579585676238,45.80367773368057
VIC-SUR-AISNE,RESSONS-LE-LONG,AISNE,3.115802987804937,49.39661863388725
ILLIERS-COMBRAY,ILLIERS-COMBRAY,EURE-ET-LOIR,1.244991738182824,48.30423923863092
LA-GOUESNIERE-CANCALE,SAINT-MELOIR-DES-ONDES,ILLE-ET-VILAINE,-1.905891460997182,48.614414370580015
ECOUEN-EZANVILLE,EZANVILLE,VAL-D'OISE,2.363180961506846,49.02256855914811
DRANCY,DRANCY,SEINE-SAINT-DENIS,2.455728744770558,48.93258830270887
VAYRAC,VAYRAC,LOT,1.706369220262521,44.95012834321699
SAILLAGOUSE,SAILLAGOUSE,PYRENEES-ORIENTALES,2.032188215121434,42.45673980815688
BISCHOFFSHEIM,BISCHOFFSHEIM,BAS-RHIN,7.497956250479541,48.48701434522969
FAREMOUTIERS-POMMEUSE,POMMEUSE,SEINE-ET-MARNE,2.993256450830373,48.80860544657548
VERSAILLES-RIVE-GAUCHE,VERSAILLES,YVELINES,2.129015398019133,48.80026061606698
LE-MANS,LE-MANS,SARTHE,0.19373767827699,47.99496278334028
CHELLES-GOURNAY,CHELLES,SEINE-ET-MARNE,2.582709500637213,48.87414942148909
CHARBONNIERES-LES-BAINS,CHARBONNIERES-LES-BAINS,RHONE,4.735719610608164,45.782298760340325
CHATEAU-ARNOUX-SAINT-AUBAN,CHATEAU-ARNOUX-SAINT-AUBAN,ALPES-DE-HAUTE-PROVENCE,5.997672021535323,44.06150235786747
LE-BUET,VALLORCINE,HAUTE-SAVOIE,6.920548372764412,46.01917242108535
ATTIN-GARAGE,ATTIN,PAS-DE-CALAIS,1.754868026531428,50.48110783335011
LENS,LENS,PAS-DE-CALAIS,2.827218591200356,50.42697806792896
ILLFURTH,ILLFURTH,HAUT-RHIN,7.268794462672753,47.676683871162425
LA-CHAPELLE-D'AMBES,AMBES,GIRONDE,-0.548422829629837,45.00496338992943
DUNKERQUE,DUNKERQUE,NORD,2.364678910284624,51.034645417513985
REMILLY,REMILLY,MOSELLE,6.394501274463497,49.01480004894034
LA-CHAPELLE-CENTRE,LA-CHAPELLE-SUR-ERDRE,LOIRE-ATLANTIQUE,-1.548427564192517,47.295746262153045
BRESSUIRE,BRESSUIRE,DEUX-SEVRES,-0.496368796646087,46.8381717510726
ORS,ORS,NORD,3.626654190031645,50.10307653946187
SELLES-SUR-CHER,SELLES-SUR-CHER,LOIR-ET-CHER,1.546144164943466,47.28188791364479
MONTPON-MENESTEROL,MONTPON-MENESTEROL,DORDOGNE,0.15939471755587,45.0062166181403
GARCHIZY,GARCHIZY,NIEVRE,3.086003179809804,47.04298176279929
VERNEUIL-SUR-VIENNE,VERNEUIL-SUR-VIENNE,HAUTE-VIENNE,1.112720269515773,45.837853710105364
BEUZEVILLE-(EURE),BEUZEVILLE,EURE,0.351767748483088,49.34084248565304
LE-THOR,LE-THOR,VAUCLUSE,4.996309881547961,43.92634614209713
LARCHE,SAINT-PANTALEON-DE-LARCHE,CORREZE,1.416151374836176,45.13208336284574
ROLAMPONT,ROLAMPONT,HAUTE-MARNE,5.283077944475141,47.94868312635491
LANGOGNE,LANGOGNE,LOZERE,3.858624245649865,44.73198417085106
THUES-LES-BAINS,NYER,PYRENEES-ORIENTALES,2.249128954934511,42.52888451393281
PAUILLAC,PAUILLAC,GIRONDE,-0.755104732531348,45.20382280173109
ANCY-SUR-MOSELLE,ANCY-DORNOT,MOSELLE,6.062761757412355,49.05736994965854
NOYON,NOYON,OISE,3.00667025565902,49.57700839771704
STE-COLOMBE-SUR-SEINE,SAINTE-COLOMBE-SUR-SEINE,COTE-D'OR,4.548175838233547,47.873331439002
DAMIATTE-SAINT-PAUL,DAMIATTE,TARN,1.974259965151917,43.656359465033724
FREINVILLE-SEVRAN,SEVRAN,SEINE-SAINT-DENIS,2.518925053554881,48.92740637167949
MONTLOUIS,MONTLOUIS-SUR-LOIRE,INDRE-ET-LOIRE,0.816905550372886,47.39100335147634
MILHAUD,MILHAUD,GARD,4.303360621176713,43.78862001622727
AILLEVILLERS,CORBENAY,HAUTE-SAONE,6.337179476654045,47.91418425574061
QUINCIEUX,QUINCIEUX,RHONE,4.778864810556997,45.90662720302737
CHECY-MARDIE,CHECY,LOIRET,2.039031913956027,47.89660878649339
BREST,BREST,FINISTERE,-4.479243011743669,48.3879297952412
EPERNAY,EPERNAY,MARNE,3.960087913233235,49.04641786994185
RETHONDES,COMPIEGNE,OISE,2.91014002084211,49.41623209282717
ETREPAGNY,ETREPAGNY,EURE,1.607791408950857,49.30237922647364
LE-LEGUE,SAINT-BRIEUC,COTES-D'ARMOR,-2.722294539720689,48.52719430059502
DIENVILLE,DIENVILLE,AUBE,4.545021033531774,48.3477123467185
JEUMONT,JEUMONT,NORD,4.086856778953874,50.296319092273265
METZ-CHAMBIERE,METZ,MOSELLE,6.184683133283143,49.129331613663055
CHAVILLE-RIVE-GAUCHE,CHAVILLE,HAUTS-DE-SEINE,2.189228436283296,48.80489731189981
CHEZY-SUR-MARNE,CHEZY-SUR-MARNE,AISNE,3.364692973125201,48.99193535604067
RIVES,RIVES,ISERE,5.491635721739623,45.35817446902181
NEUVY-PAILLOUX,NEUVY-PAILLOUX,INDRE,1.866020530373801,46.88464239600489
CERBERE,CERBERE,PYRENEES-ORIENTALES,3.164658104570377,42.44222906253806
LE-BRAS-DE-FER,EVRY-COURCOURONNES,ESSONNE,2.450788308794665,48.623293631298566
SAINT-LOUIS-LA-CHAUSSEE,SAINT-LOUIS,HAUT-RHIN,7.531044331517944,47.609531960908214
VILLERS-COTTERETS,VILLERS-COTTERETS,AISNE,3.09930750077685,49.23834221613569
ESSONNES-ROBINSON,CORBEIL-ESSONNES,ESSONNE,2.463531122485383,48.60601044388837
DIGOIN,DIGOIN,SAONE-ET-LOIRE,3.988008620648722,46.4852517882021
SEVRES-RIVE-GAUCHE,SEVRES,HAUTS-DE-SEINE,2.214822441475013,48.82111096815825
LES-CABRILS,ROQUEREDONDE,HERAULT,3.18619244268379,43.77956015882409
ALBIAS,ALBIAS,TARN-ET-GARONNE,1.443633051368783,44.09121318138205
JANVILLE,JANVILLE-EN-BEAUCE,EURE-ET-LOIR,1.874619823584957,48.206340590071406
AULNAT-AEROPORT,AULNAT,PUY-DE-DOME,3.16098536301033,45.792055655552275
SAINT-PIERRE-DU-VAUVRAY,SAINT-PIERRE-DU-VAUVRAY,EURE,1.224615416349859,49.2343555024303
VERREY,VERREY-SOUS-SALMAISE,COTE-D'OR,4.669695716554869,47.4389336024192
MARSEILLE-MARITIME-CANET,MARSEILLE,BOUCHES-DU-RHONE,5.3673647308427,43.33129999560374
SORGUES-CHATEAUNEUF-DU-PAPE,SORGUES,VAUCLUSE,4.875776888519148,44.00534676598632
SAINT-POL-DE-LEON,SAINT-POL-DE-LEON,FINISTERE,-3.987357201391775,48.67682336139158
LANGEAIS,LANGEAIS,INDRE-ET-LOIRE,0.410677308449883,47.3240049022944
TROGUES,TROGUES,INDRE-ET-LOIRE,0.494377239830601,47.112108470617606
PONT-A-MOUSSON,PONT-A-MOUSSON,MEURTHE-ET-MOSELLE,6.050608194237219,48.90020719080954
FOS-GRAVELEAU,FOS-SUR-MER,BOUCHES-DU-RHONE,4.836557413427735,43.411357759820376
BREUIL-ROMAIN,BREUIL-SUR-VESLE,MARNE,3.766878024994296,49.308381394703375
MEUSE,LES-TROIS-DOMAINES,MEUSE,5.273714507612137,48.978506341284344
ETIVAL-CLAIREFONTAINE,ETIVAL-CLAIREFONTAINE,VOSGES,6.876938197790184,48.366653447336276
AYTRE,AYTRE,CHARENTE-MARITIME,-1.111441379649935,46.13739588840414
GRANDVILLIERS,GRANDVILLIERS,OISE,1.938728682479368,49.659261837963996
TESSONNIERES,GAILLAC,TARN,1.937882599131063,43.92872774567249
CONNANTRE,CONNANTRE,MARNE,3.923618975280735,48.73153220286092
LOZANNE,LOZANNE,RHONE,4.682629820999579,45.85405491937336
JACQUES-MONOD-LA-DEMI-LIEUE,MONTIVILLIERS,SEINE-MARITIME,0.185965204616912,49.52699924587134
ABBARETZ,ABBARETZ,LOIRE-ATLANTIQUE,-1.524313466657773,47.55546171193697
LA-SEYNE-SIX-FOURS,LA-SEYNE-SUR-MER,VAR,5.876768162862302,43.11695584401205
BOURAY,LARDY,ESSONNE,2.289125822214123,48.53193456586715
HOULGATE,HOULGATE,CALVADOS,-0.077176226521169,49.30002272376924
COMPIEGNE,MARGNY-LES-COMPIEGNE,OISE,2.823822782539432,49.422366072064975
CINQ-MARS-LA-PILE,CINQ-MARS-LA-PILE,INDRE-ET-LOIRE,0.460452261139511,47.345053921069486
ROCAMADOUR-PADIRAC,ROCAMADOUR,LOT,1.657471417467261,44.818190489513476
LIVRON,LIVRON-SUR-DROME,DROME,4.830132288298437,44.779689433736834
GOLFE-JUAN-VALLAURIS,VALLAURIS,ALPES-MARITIMES,7.072898593539637,43.565966860204
STRASBOURG-CRONENBOURG,STRASBOURG,BAS-RHIN,7.727923067198434,48.59768832983313
PONT-D'ARDRES,ARDRES,PAS-DE-CALAIS,1.971319781238637,50.89209252681081
VIEILLEVILLE,MOURIOUX-VIEILLEVILLE,CREUSE,1.671710881358411,46.08892502640087
MAZAMET,MAZAMET,TARN,2.374807435653445,43.497891075793675
TREMENTINES,TREMENTINES,MAINE-ET-LOIRE,-0.808657189284724,47.1350379427619
LORRAINE,LOUVIGNY,MOSELLE,6.173286307716069,48.94799570019468
CHATEAU-DU-LOIR,MONTVAL-SUR-LOIR,SARTHE,0.415045923178714,47.68295549546014
MASSY-VERRIERES,MASSY,ESSONNE,2.273583714478755,48.73485491346597
MOREUIL,MOREUIL,SOMME,2.475453542153178,49.777092276970436
GIEN,GIEN,LOIRET,2.636757350624025,47.698878641555325
CAMBRAI,CAMBRAI,NORD,3.243769164260604,50.17574195514733
ALLASSAC,ALLASSAC,CORREZE,1.472903260926275,45.25916237718533
SAINT-ANTOINE-DE-BREUILH,SAINT-ANTOINE-DE-BREUILH,DORDOGNE,0.151863918405835,44.84669421977345
LIART,LIART,ARDENNES,4.335391598446347,49.77036003975778
PONTAILLER-SUR-SAONE,MAXILLY-SUR-SAONE,COTE-D'OR,5.407259792697873,47.31333665292014
SAINT-LOUBES,SAINT-LOUBES,GIRONDE,-0.432914030052802,44.92235430221012
PROVINS,PROVINS,SEINE-ET-MARNE,3.30307374775591,48.55561676128615
MIRAMAS,MIRAMAS,BOUCHES-DU-RHONE,4.999641779220911,43.58092152299963
MONTDIDIER,MONTDIDIER,SOMME,2.563894631563374,49.641782047104556
LES-FLACHERES,CHARBONNIERES-LES-BAINS,RHONE,4.754091309319198,45.77727373763648
AUBAGNE,AUBAGNE,BOUCHES-DU-RHONE,5.566716479321149,43.29621661369681
HAGONDANGE,MONDELANGE,MOSELLE,6.164236514687637,49.25530911597803
STADE-DE-FRANCE-SAINT-DENIS,SAINT-DENIS,SEINE-SAINT-DENIS,2.349772507710506,48.91864025141908
DANNES-CAMIERS,CAMIERS,PAS-DE-CALAIS,1.614866883534974,50.57625634487162
LA-FOREST,LA-FORESAINT-LANDERNEAU,FINISTERE,-4.307191186412101,48.42635046201861
BEDARIEUX,BEDARIEUX,HERAULT,3.149678977670749,43.60861386778448
LISIEUX,LISIEUX,CALVADOS,0.231547783801508,49.13876009162189
VOUGEOT-GILLY-LES-CITEAUX,GILLY-LES-CITEAUX,COTE-D'OR,4.971491777174238,47.175341015071616
BEUVRY-(PAS-DE-CALAIS),BEUVRY,PAS-DE-CALAIS,2.690170519981582,50.536145203422166
SAINT-MEEN,SAINT-MEEN-LE-GRAND,ILLE-ET-VILAINE,-2.1832958935647,48.18763908655117
BOURTH,BOURTH,EURE,0.804607667477101,48.765711871348856
AIGUES-VIVES,AIGUES-VIVES,GARD,4.193652120549475,43.72672439839998
SAINT-SULPICE-IZON,SAINT-SULPICE-ET-CAMEYRAC,GIRONDE,-0.391144962036709,44.91412294201807
GALLARGUES,GALLARGUES-LE-MONTUEUX,GARD,4.171264343948089,43.71604915271701
LESCAR,LESCAR,PYRENEES-ATLANTIQUES,-0.436132540877602,43.32418646154812
AVRIGNY,AVRIGNY,OISE,2.579213743754112,49.39112509688112
BIFFONTAINE,BIFFONTAINE,VOSGES,6.807192107669247,48.20595274426666
HUNINGUE,HUNINGUE,HAUT-RHIN,7.581333947543048,47.59483283520928
GANNES,GANNES,OISE,2.436802303542406,49.57251080954575
CARRY-LE-ROUET,CARRY-LE-ROUET,BOUCHES-DU-RHONE,5.153617535032011,43.33668381971023
LONGWY,LONGWY,MEURTHE-ET-MOSELLE,5.769720766879925,49.51259328578975
GEVREY-CHAMBERTIN,GEVREY-CHAMBERTIN,COTE-D'OR,4.998960077909259,47.22728961857255
VERNEUIL-L'ETANG,VERNEUIL-L'ETANG,SEINE-ET-MARNE,2.825024773080076,48.64444131695957
BRETIGNY-NORGES,BRETIGNY,COTE-D'OR,5.11028436975937,47.38985612266316
BOURGANEUF,BOURGANEUF,CREUSE,1.757248815526985,45.95714880933643
LANDEVANT,LANDEVANT,MORBIHAN,-3.125638490824394,47.75951810905559
MAROEUIL,MARUIL,PAS-DE-CALAIS,2.698229528348672,50.32245804818262
MOULIN-NEUF-(OISE),CHAMBLY,OISE,2.25893637082514,49.1610039494014
TARASCON,TARASCON,BOUCHES-DU-RHONE,4.65761337189862,43.80062471532483
LA-GORP,AMBARES-ET-LAGRAVE,GIRONDE,-0.496373255971447,44.92874552971432
SIERENTZ,SIERENTZ,HAUT-RHIN,7.459421375280683,47.65615487596274
LA-WANTZENAU,LA-WANTZENAU,BAS-RHIN,7.82507469852873,48.66534521263562
INVALIDES,PARIS,PARIS,2.313424355031458,48.86299452148764
PARIS-NORD-SOUTERRAINE,PARIS,PARIS,2.356160022572003,48.88164194198079
MUNSTER,MUNSTER,HAUT-RHIN,7.134168120018408,48.03816201780456
FONTENAY-LE-COMTE,FONTENAY-LE-COMTE,VENDEE,-0.793036258246695,46.46090908190479
MAILLY-LA-VILLE,MAILLY-LA-VILLE,YONNE,3.674911110415254,47.60392589664921
FRANXAULT,FRANXAULT,COTE-D'OR,5.281346106227321,47.06122560843082
LUNEVILLE,LUNEVILLE,MEURTHE-ET-MOSELLE,6.496866085845141,48.587861328669135
LES-ESSARTS-LE-ROI,LES-ESSARTS-LE-ROI,YVELINES,1.890075166617603,48.72190567336512
LAVAL,LAVAL,MAYENNE,-0.760858912745977,48.07634359710921
ELBEUF-SAINT-AUBIN,SAINT-AUBIN-LES-ELBEUF,SEINE-MARITIME,1.010400781169662,49.30276778901842
MARBACHE,MARBACHE,MEURTHE-ET-MOSELLE,6.109300958042654,48.80109474554513
LANNEMEZAN,LANNEMEZAN,HAUTES-PYRENEES,0.38757770580269,43.11417438912809
LE-VALDAHON-CAMP-MILITAIRE,VALDAHON,DOUBS,6.313934729365829,47.15122887076845
CHANTENAY-SAINT-IMBERT,CHANTENAY-SAINT-IMBERT,NIEVRE,3.172007503041122,46.72817686476446
VEUVES-MONTEAUX,VEUZAIN-SUR-LOIRE,LOIR-ET-CHER,1.123860874464395,47.47562823460634
LOURES-BARBAZAN,LOURES-BAROUSSE,HAUTES-PYRENEES,0.610528648210812,43.021095025129014
BIDARRAY-PONT-NOBLIA,BIDARRAY,PYRENEES-ATLANTIQUES,-1.345006276118196,43.268029277393474
LES-LAUMES-ALESIA,VENAREY-LES-LAUMES,COTE-D'OR,4.461798665909546,47.54338010556078
BRETTEVILLE-NORREY,SAINT-MANVIEU-NORREY,CALVADOS,-0.511975470740241,49.20325790205075
MOMMENHEIM,MOMMENHEIM,BAS-RHIN,7.642682831064142,48.75551642677893
AMIENS,AMIENS,SOMME,2.309276494077791,49.88991715802339
LA-RIVIERE-DE-MANSAC,MANSAC,CORREZE,1.365438295811421,45.139675183439486
PONT-PETIT,SAINT-OUEN-L'AUMONE,VAL-D'OISE,2.13189946288353,49.06154181782874
CREIL,CREIL,OISE,2.469338512801428,49.26433696531956
VERN,VERN-SUR-SEICHE,ILLE-ET-VILAINE,-1.596590935217561,48.04697466541346
HAGUENAU,SCHWEIGHOUSE-SUR-MODER,BAS-RHIN,7.741946133955294,48.828951234919714
ISSY-VAL-DE-SEINE,ISSY-LES-MOULINEAUX,HAUTS-DE-SEINE,2.263061548452739,48.829206272653394
CHAMPLAN,CHAMPLAN,ESSONNE,2.279341221911651,48.709290647180765
FOSSE-MAROLLES,MAROLLES,LOIR-ET-CHER,1.292695956899221,47.63804811648232
BIARRITZ,BIARRITZ,PYRENEES-ATLANTIQUES,-1.546701196505992,43.45903906706433
VIC-MIREVAL,VIC-LA-GARDIOLE,HERAULT,3.799519790518108,43.500776527296345
LES-PELERINS,CHAMONIX-MONT-BLANC,HAUTE-SAVOIE,6.84730960664686,45.91247166220063
GROISY-THORENS-LA-CAILLE,GROISY,HAUTE-SAVOIE,6.175631902610534,46.01119331165716
QUIMPERLE,QUIMPERLE,FINISTERE,-3.552988951161868,47.869309994444535
SAINT-AUBIN-ST-LUPERCE,SAINT-AUBIN-DES-BOIS,EURE-ET-LOIR,1.331738952026448,48.447662575131886
PARIS-MONTPARNASSE,PARIS,PARIS,2.319820501512475,48.84064284370186
ARBOIS,ARBOIS,JURA,5.763090017438219,46.91270132171763
SAINT-GEORGES-D'AURAC,MAZEYRAT-D'ALLIER,HAUTE-LOIRE,3.494734866149104,45.16047357280196
SARREGUEMINES,SARREGUEMINES,MOSELLE,7.06795583491842,49.10709954906073
VILLEPREUX-LES-CLAYES,LES-CLAYES-SOUS-BOIS,YVELINES,1.992449549946879,48.82400399347824
LA-FERTE-BERNARD,LA-FERTE-BERNARD,SARTHE,0.639121883809298,48.18646346433232
SERVAS-LENT,SERVAS,AIN,5.168057440790851,46.13072986388702
LUXE,LUXE,CHARENTE,0.109284793647745,45.88729558439641
LES-SALELLES,LES-SALELLES,LOZERE,3.279742536294395,44.48314521802582
ROUBAIX-WATTRELOS,ROUBAIX,NORD,3.20417901400531,50.69028973929999
LE-BUISSON,LE-BUISSON-DE-CADOUIN,DORDOGNE,0.908270932273613,44.84704908765859
CHATEAU-DU-LOIR,MONTVAL-SUR-LOIR,SARTHE,0.414969555973391,47.683149343227335
CALONNE-RICOUART,CALONNE-RICOUART,PAS-DE-CALAIS,2.480203208283241,50.48212643550599
TAILLEBOURG,TAILLEBOURG,CHARENTE-MARITIME,-0.64442655928002,45.83016744694956
SAINT-JORY,SAINT-JORY,HAUTE-GARONNE,1.371874881213429,43.737870732594786
PIERREVILLE,PIERREVILLE,MEURTHE-ET-MOSELLE,6.12430206148356,48.54845061087395
CLICHY-LEVALLOIS,LEVALLOIS-PERRET,HAUTS-DE-SEINE,2.297532711152023,48.89764856764411
SARRALBE,SARRALBE,MOSELLE,7.036304224857277,49.000780360560775
FENOUILLET-SAINT-ALBAN,FENOUILLET,HAUTE-GARONNE,1.401940561389737,43.683512927187195
CHAUNY,CHAUNY,AISNE,3.222547526526231,49.61049752439723
CHATRES-(AUBE),CHATRES,AUBE,3.855469460058321,48.49907416114076
BEAUCAIRE-MARCHANDISES,BEAUCAIRE,GARD,4.622742016424363,43.80799258678161
SAINT-LEGER-SUR-DHEUNE,SAINT-LEGER-SUR-DHEUNE,SAONE-ET-LOIRE,4.628441766449198,46.848425175627916
POUZAUGES,LA-MEILLERAIE-TILLAY,VENDEE,-0.814155696992413,46.75251044463558
CHATEL-CENSOIR,CHATEL-CENSOIR,YONNE,3.635139936305949,47.53777617709835
DANGE,DANGE-SAINT-ROMAIN,VIENNE,0.608810660456076,46.93787613584683
ORLY-VILLE,ORLY,VAL-DE-MARNE,2.402820407708256,48.74190927176978
GAILLON-AUBEVOYE,LE-VAL-D'HAZEY,EURE,1.352437846350875,49.17476031524398
BELFORT,BELFORT,TERRITOIRE-DE-BELFORT,6.854826206201642,47.631133133216515
ERSTEIN,ERSTEIN,BAS-RHIN,7.638508175326063,48.42329588472855
PONT-DE-VEYLE,CROTTET,AIN,4.890963569882367,46.26888112521243
BOURG-MADAME,BOURG-MADAME,PYRENEES-ORIENTALES,1.948683978965734,42.432413339536566
LA-FALOISE,LA-FALOISE,SOMME,2.349101859669209,49.69692845714618
DIEPPE,DIEPPE,SEINE-MARITIME,1.079173723679496,49.913876186251116
LURBE-SAINT-CHRISTAU,LURBE-SAINT-CHRISTAU,PYRENEES-ATLANTIQUES,-0.60561423206694,43.12021264473371
TINCQUES,TINCQUES,PAS-DE-CALAIS,2.498152415554895,50.35701988330707
ANDELOT,ANDELOT-EN-MONTAGNE,JURA,5.923500472361689,46.859632431022625
FISMES,FISMES,MARNE,3.682512960005394,49.31092384327646
CYSOING,CYSOING,NORD,3.209799283111922,50.56212001274801
PARSAC-GOUZON,PARSAC-RIMONDEIX,CREUSE,2.174491349164221,46.198338942829395
SALECHAN-SIRADAN,SALECHAN,HAUTES-PYRENEES,0.631314102025302,42.96291183671216
LACOURTENSOURT,TOULOUSE,HAUTE-GARONNE,1.414292386126725,43.66339943474069
LUCON,LUCON,VENDEE,-1.167425227287922,46.46372375938148
DON-SAINGHIN,SAINGHIN-EN-WEPPES,NORD,2.913916751647385,50.55170521740868
CHATEAU-L'EVEQUE,CHATEAU-L'EVEQUE,DORDOGNE,0.688278412544716,45.24450264334011
GALUZOT,SAINT-VALLIER,SAONE-ET-LOIRE,4.330078799105821,46.64206758507911
FAUGA,LE-FAUGA,HAUTE-GARONNE,1.281942062462138,43.403613407313415
LE-CREUSOT,LE-CREUSOT,SAONE-ET-LOIRE,4.429992290925032,46.80844586039034
ORANGE,ORANGE,VAUCLUSE,4.819662378820437,44.1374468337854
VALENCIENNES,VALENCIENNES,NORD,3.51563327295449,50.362305045520365
TROIS-CHENES,BELFORT,TERRITOIRE-DE-BELFORT,6.846764311624177,47.647071068121114
BOURG-EN-BRESSE,BOURG-EN-BRESSE,AIN,5.216140511660101,46.19574253911553
AVENUE-HENRI-MARTIN,PARIS,PARIS,2.272147611301899,48.864346280061504
DIJON-PORTE-D'OUCHE-PERRIGNY,DIJON,COTE-D'OR,5.031071102818109,47.30842266550805
PARIS-BERCY-RAPEE,PARIS,PARIS,2.38855729996462,48.82888229904737
BOUGIVAL,LA-CELLE-SAINT-CLOUD,YVELINES,2.132167367768379,48.85424085579581
FAREBERSVILLER,FAREBERSVILLER,MOSELLE,6.861820538036602,49.11808246196308
GROS-NOYER-SAINT-PRIX,ERMONT,VAL-D'OISE,2.259094504899251,48.99681837552061
TAVERNY,TAVERNY,VAL-D'OISE,2.22158347536852,49.02528263878814
SAINT-MARTIN-DU-TOUCH,TOULOUSE,HAUTE-GARONNE,1.371418238264211,43.59985959731222
FOURMIES,FOURMIES,NORD,4.053821786681315,50.01523215505039
ARQUES-(PAS-DE-CALAIS),ARQUES,PAS-DE-CALAIS,2.302004523795682,50.727682587411756
NOGENT-L'ARTAUD-CHARLY,NOGENT-L'ARTAUD,AISNE,3.322361564902094,48.96865518202849
MONTIGNY-EN-OSTREVENT,MONTIGNY-EN-OSTREVENT,NORD,3.188313413743694,50.361323615409574
SAINT-ETIENNE-BELLEVUE,SAINT-ETIENNE,LOIRE,4.392583638096013,45.41686015623034
GARGES-SARCELLES,GARGES-LES-GONESSE,VAL-D'OISE,2.391164835206995,48.97725713426417
BLAYE,BLAYE,GIRONDE,-0.663227373813743,45.12778957605493
STE-BAZEILLE,SAINTE-BAZEILLE,LOT-ET-GARONNE,0.092992449843815,44.53251019758875
YUTZ,YUTZ,MOSELLE,6.20959781720118,49.3611457256616
BEAUGENCY,BEAUGENCY,LOIRET,1.625906566109927,47.77848609520921
SAINT-DENIS-PRES-MARTEL,SAINT-DENIS-LES-MARTEL,LOT,1.666495861437176,44.94571803823343
COLMAR,COLMAR,HAUT-RHIN,7.346746102147759,48.07270603729139
BLERE-LA-CROIX,LA-CROIX-EN-TOURAINE,INDRE-ET-LOIRE,0.987842992120873,47.33784724899481
MARCK,MARCK,PAS-DE-CALAIS,1.952454709932628,50.94543435472032
PONTGIBAUD,PONTGIBAUD,PUY-DE-DOME,2.845794809271947,45.82094297808272
LES-AUBRAIS-ORLEANS,FLEURY-LES-AUBRAIS,LOIRET,1.906134499897258,47.92731972022334
ALLONNES-BOISVILLE,BOISVILLE-LA-SAINT-PERE,EURE-ET-LOIR,1.668701427426381,48.322333721827704
HAZEBROUCK,HAZEBROUCK,NORD,2.541608461495844,50.72516743755126
LONS-LE-SAUNIER,LONS-LE-SAUNIER,JURA,5.550572824137999,46.66835586803146
KOENIGSMACKER,KNIGSMACKER,MOSELLE,6.273479020895914,49.396556194681395
BACCARAT,BACCARAT,MEURTHE-ET-MOSELLE,6.744278755021462,48.4519963378768
ORRY-LA-VILLE-COYE,ORRY-LA-VILLE,OISE,2.489245364728153,49.13934197598411
BLONVILLE-SUR-MER-BENERVILLE,BLONVILLE-SUR-MER,CALVADOS,0.035479261871257,49.33133620527306
FRANCONVILLE-PLESSIS-BOUCHARD,FRANCONVILLE,VAL-D'OISE,2.234923357938164,48.993432537959954
ROSPORDEN,ROSPORDEN,FINISTERE,-3.832439579925806,47.96043275687294
LIMOGES-PUY-IMBERT,LIMOGES,HAUTE-VIENNE,1.300267500430882,45.85149747290776
BOIS-D'OINGT-LEGNY,LEGNY,RHONE,4.575519138079503,45.90651581214318
VIERZON-VILLE,VIERZON,CHER,2.055350617506757,47.22809578240325
TAIN-L'HERMITAGE-TOURNON,TAIN-L'HERMITAGE,DROME,4.839863623624745,45.07228766988219
LAVAUFRANCHE,LAVAUFRANCHE,CREUSE,2.271196018813131,46.323150373175736
SCHWEIGHOUSE-SUR-MODER,SCHWEIGHOUSE-SUR-MODER,BAS-RHIN,7.742619127039892,48.82878820093896
PHALEMPIN,PHALEMPIN,NORD,3.019983615088751,50.51468233950347
MORET-VENEUX-LES-SABLONS,MORET-LOING-ET-ORVANNE,SEINE-ET-MARNE,2.797934704242235,48.378969270107795
LA-SOUTERRAINE,LA-SOUTERRAINE,CREUSE,1.490691444529265,46.241740737278604
LAROQUE,LAROQUE-TIMBAUT,LOT-ET-GARONNE,0.749741149561576,44.287500065429036
BRENS-VIRIGNIN,BRENS,AIN,5.695334386379873,45.731196348519326
FOUILLOY,FOUILLOY,OISE,1.82549203212016,49.73641873820521
SAINT-MICHEL-VALLOIRE,SAINT-MICHEL-DE-MAURIENNE,SAVOIE,6.471910120533972,45.21686650849768
ABANCOURT,ABANCOURT,OISE,1.774495414204267,49.68552581891906
ARENC-EUROMEDITERRANEE,MARSEILLE,BOUCHES-DU-RHONE,5.367806699275027,43.31288294485868
PONT-DU-GARIGLIANO-HOPITAL-GEORGES-POMPIDOU,PARIS,PARIS,2.270480189164176,48.83915148467825
PEREIRE-LEVALLOIS,PARIS,PARIS,2.297972634967636,48.885271892349444
MONNERVILLE,MONNERVILLE,ESSONNE,2.031020422674964,48.347252262438936
PARIS-GARE-DE-LYON-SOUTERRAIN,PARIS,PARIS,2.375645285904874,48.84431152436104
MONTAUBAN-DE-BRETAGNE,MONTAUBAN-DE-BRETAGNE,ILLE-ET-VILAINE,-2.052807491308817,48.19003805004627
BOISSEAUX,BOISSEAUX,LOIRET,1.972591773181168,48.25530706942869
SAINT-MICHEL-NOTRE-DAME,PARIS,PARIS,2.346962754944606,48.853002250369464
LUDON,LUDON-MEDOC,GIRONDE,-0.611768523207315,44.97432408179623
PARC-DES-EXPOSITIONS,VILLEPINTE,SEINE-SAINT-DENIS,2.514359685972242,48.9733203563074
KEDANGE,KEDANGE-SUR-CANNER,MOSELLE,6.332346091249345,49.3057057545391
DORDIVES,DORDIVES,LOIRET,2.762535922688357,48.1473164313826
HANGEST,HANGESAINT-SUR-SOMME,SOMME,2.066573743880107,49.982134910093876
SAINT-PIERRE-EN-FAUCIGNY,SAINT-PIERRE-EN-FAUCIGNY,HAUTE-SAVOIE,6.375818121381265,46.059221444252294
ARLES,ARLES,BOUCHES-DU-RHONE,4.632541582258205,43.68370505409543
CHAMONIX-AIGUILLE-DU-MIDI,CHAMONIX-MONT-BLANC,HAUTE-SAVOIE,6.866775130613225,45.91983056067075
ALBIGNY-NEUVILLE,ALBIGNY-SUR-SAONE,RHONE,4.832699143944655,45.87476917807617
DOCELLES-CHENIMENIL,CHENIMENIL,VOSGES,6.610526430412812,48.14354395703814
MESSEIN,MESSEIN,MEURTHE-ET-MOSELLE,6.137640767250031,48.61299997287908
CHAUFFAILLES,CHAUFFAILLES,SAONE-ET-LOIRE,4.345646677563432,46.20742149477374
COULANGES-SUR-YONNE,CRAIN,YONNE,3.54728616178212,47.52701781556112
POMPADOUR-MAISONS-ALFORT,MAISONS-ALFORT,VAL-DE-MARNE,2.431870867939859,48.78937656944345
RIA,RIA-SIRACH,PYRENEES-ORIENTALES,2.390483764544026,42.60323405259894
SAINT-DIE-DES-VOSGES,SAINT-DIE-DES-VOSGES,VOSGES,6.950498210083727,48.28142701610043
ERMONT-EAUBONNE,EAUBONNE,VAL-D'OISE,2.275196923032513,48.9805610579189
NAINTRE-LES-BARRES,NAINTRE,VIENNE,0.496188527794818,46.75941618239306
CHARLEVILLE-MEZIERES,CHARLEVILLE-MEZIERES,ARDENNES,4.725628702138134,49.768366315516765
VIVIERS-DU-LAC,VIVIERS-DU-LAC,SAVOIE,5.903286256790191,45.64855116710634
ABLON,ABLON-SUR-SEINE,VAL-DE-MARNE,2.417931573714535,48.72396312662991
SAINT-RAPHAEL-VALESCURE,SAINT-RAPHAEL,VAR,6.769239761566718,43.42366684812933
DUGNY-LA-COURNEUVE-TT,LA-COURNEUVE,SEINE-SAINT-DENIS,2.411335416839308,48.9437182103028
MUIZON,MUIZON,MARNE,3.891856462971211,49.27821387661403
MORRE,MORRE,DOUBS,6.067525527698583,47.22582216804058
ANZELING,ANZELING,MOSELLE,6.459586407658986,49.2624167581957
BELFORT,DANJOUTIN,TERRITOIRE-DE-BELFORT,6.866488167928119,47.620787230688144
NOVEANT,NOVEANT-SUR-MOSELLE,MOSELLE,6.052355404407254,49.02816598959084
TORFOU,SEVREMOINE,MAINE-ET-LOIRE,-1.093806015494413,47.03284111674271
MULHOUSE-DORNACH,MULHOUSE,HAUT-RHIN,7.308132635705053,47.74689819865143
SAINT-PIERRE-LE-MOUTIER,SAINT-PIERRE-LE-MOUTIER,NIEVRE,3.111442056711583,46.79333350532142
MARLE-SUR-SERRE,MARLE,AISNE,3.769775758748804,49.747095639143836
BESANCON-SAINT-FERGEUX,BESANCON,DOUBS,5.981220348538427,47.232942935500894
PEYRILHAC-SAINT-JOUVENT,PEYRILHAC,HAUTE-VIENNE,1.170073031698384,45.959766122719756
MORTEAU,MORTEAU,DOUBS,6.604900412553238,47.05358911631134
AIX-EN-PROVENCE,AIX-EN-PROVENCE,BOUCHES-DU-RHONE,5.44524991495555,43.52271413655809
SAINT-LOUIS-LES-AYGALADES,MARSEILLE,BOUCHES-DU-RHONE,5.365244247144653,43.34589431841473
BRION-LAIZY,LAIZY,SAONE-ET-LOIRE,4.206993420666482,46.90848957594309
BARENTIN-EMBRANCHEMENT,BARENTIN,SEINE-MARITIME,0.953972705903192,49.54932533753285
REHON,REHON,MEURTHE-ET-MOSELLE,5.754667662919685,49.50133511193834
ETAPLES-LE-TOUQUET,ETAPLES,PAS-DE-CALAIS,1.643262284404522,50.51676483782316
MOIRANS,MOIRANS,ISERE,5.582565680348854,45.32162215456195
CRISSEY,SASSENAY,SAONE-ET-LOIRE,4.899803794974523,46.84135262254183
PARIS-GARE-DE-LYON-SOUTERRAIN,PARIS,PARIS,2.373998001816566,48.84414217437708
ESBLY,ESBLY,SEINE-ET-MARNE,2.810621935936422,48.90314285769408
NEZEL-AULNAY,NEZEL,YVELINES,1.840531230379277,48.93870704903866
FRANCHET-D'ESPEREY,REIMS,MARNE,4.014088047164476,49.24212991365866
COUTANCES,COUTANCES,MANCHE,-1.441506759827911,49.04267183815639
FEYZIN,FEYZIN,RHONE,4.852805299164221,45.665775521691735
BIEVRES,BIEVRES,ESSONNE,2.215591467179212,48.751232547120566
LONGPRE-LES-CORPS-SAINTS,LONGPRE-LES-CORPS-SAINTS,SOMME,2.0030602251416,50.01129941626449
RANG-DU-FLIERS-VERTON,RANG-DU-FLIERS,PAS-DE-CALAIS,1.648450045995415,50.41555524994951
PARIS-GARE-DE-LYON,PARIS,PARIS,2.373670362260351,48.844287565866104
SAINT-SAUVEUR-CHATEAUNEUF,SAINT-SAUVEUR-MARVILLE,EURE-ET-LOIR,1.275271227080119,48.60180664013799
SAUMUR,SAUMUR,MAINE-ET-LOIRE,-0.071405261160915,47.26880638365306
ENTRESSEN,ISTRES,BOUCHES-DU-RHONE,4.943248692434531,43.58910869243561
NEUVILLE-SUR-SAONE,NEUVILLE-SUR-SAONE,RHONE,4.841398284409049,45.87876988129356
MERVANS,MERVANS,SAONE-ET-LOIRE,5.179263641346274,46.79944201369547
BELLEGARDE,VALSERHONE,AIN,5.824669822906646,46.113539173233306
TILLIERES,TILLIERES-SUR-AVRE,EURE,1.054569707633561,48.76084521157426
SAINT-AGNE,TOULOUSE,HAUTE-GARONNE,1.449365664826139,43.57913807988302
UZERCHE,UZERCHE,CORREZE,1.570538987856984,45.4411629177384
SERQUIGNY,SERQUIGNY,EURE,0.719637105595776,49.107763354771386
GIROMAGNY,GIROMAGNY,TERRITOIRE-DE-BELFORT,6.830512333160282,47.736582151103306
MARSEILLE-BLANCARDE,MARSEILLE,BOUCHES-DU-RHONE,5.406776471855542,43.29619349533267
LE-BOULOU-PERTHUS,LE-BOULOU,PYRENEES-ORIENTALES,2.827082429394687,42.52476140519456
BEAUNE-LA-ROLANDE,BEAUNE-LA-ROLANDE,LOIRET,2.419689053409047,48.07320338481968
CHABANAIS,CHABANAIS,CHARENTE,0.716910857641854,45.87246057533029
PARIS-AUSTERLITZ,PARIS,PARIS,2.367037639567501,48.84049521424752
L'ETANG-LA-VILLE,L'ETANG-LA-VILLE,YVELINES,2.076815556744504,48.86806807316606
BLODELSHEIM,BLODELSHEIM,HAUT-RHIN,7.52360176537168,47.88626934854276
MONTELIMAR,MONTELIMAR,DROME,4.744565283791178,44.55896224752883
LACAPELLE-VIESCAMP,LACAPELLE-VIESCAMP,CANTAL,2.266204824138676,44.919983260873366
LAMOTHE-MONTRAVEL,LAMOTHE-MONTRAVEL,DORDOGNE,0.021529284724599,44.85378281621926
LA-CROIX-DE-MEAN,SAINT-NAZAIRE,LOIRE-ATLANTIQUE,-2.193093149763181,47.300613475379876
DEUIL-MONTMAGNY,DEUIL-LA-BARRE,VAL-D'OISE,2.337964063426666,48.97567744899804
LE-CELLIER,LE-CELLIER,LOIRE-ATLANTIQUE,-1.350930101119774,47.3131633554109
ATHIS-MONS,ATHIS-MONS,ESSONNE,2.403057100868732,48.712330158604146
YFFINIAC,YFFINIAC,COTES-D'ARMOR,-2.652212594856795,48.47019943491513
GENOLHAC,GENOLHAC,GARD,3.95165351149943,44.34727687339248
L'HOPITAL-DU-GROSBOIS,L'HOPITAL-DU-GROSBOIS,DOUBS,6.213061569563704,47.169106435955705
BAGNAC,BAGNAC-SUR-CELE,LOT,2.160130050569516,44.66510697898992
MULHOUSE-VILLE,MULHOUSE,HAUT-RHIN,7.344146636981515,47.74231193714302
SAINT-THEGONNEC,SAINT-THEGONNEC-LOC-EGUINER,FINISTERE,-3.947807380607546,48.49450707424391
NIEUL,NIEUL,HAUTE-VIENNE,1.172401246403464,45.92737949022554
CELON,CELON,INDRE,1.506366806314983,46.518984907333014
AUXY-JURANVILLE,AUXY,LOIRET,2.484291729160365,48.087134337662086
AIFFRES,AIFFRES,DEUX-SEVRES,-0.42144752662806,46.28233694979594
LAVAUR,LAVAUR,TARN,1.813114927947777,43.70355914557218
NIORT,NIORT,DEUX-SEVRES,-0.454669887818315,46.31898481752246
WARDRECQUES,RACQUINGHEM,PAS-DE-CALAIS,2.366143105441082,50.707843661901485
SAINT-AIGNAN-NOYERS,NOYERS-SUR-CHER,LOIR-ET-CHER,1.383978378399166,47.286872202760776
WOIPPY,WOIPPY,MOSELLE,6.156082835862928,49.148719280276545
LE-PEAGE-DE-ROUSSILLON,LE-PEAGE-DE-ROUSSILLON,ISERE,4.795278430026544,45.3716225998857
PORT-DE-BOUC,PORT-DE-BOUC,BOUCHES-DU-RHONE,4.984666312153625,43.40730459428007
METZ-DEVANT-LES-PONTS,METZ,MOSELLE,6.160935911508385,49.12896255494399
CORDEMAIS,CORDEMAIS,LOIRE-ATLANTIQUE,-1.846402868700538,47.30218811667678
GRANDE-SYNTHE,GRANDE-SYNTHE,NORD,2.313053426197158,51.00262499478068
ARCACHON,ARCACHON,GIRONDE,-1.165311959015783,44.65884069382592
DAMMARTIN-JUILLY-SAINT-MARD,SAINT-MARD,SEINE-ET-MARNE,2.69910507004734,49.0320715615886
VAUXAILLON,VAUXAILLON,AISNE,3.409818321961311,49.474208033273015
PONT-DE-BUIS-LES-QUIMERC'H,PONT-DE-BUIS-LES-QUIMERCH,FINISTERE,-4.086206420569091,48.25436265951535
ESPERAZA,ESPERAZA,AUDE,2.218243348973476,42.9357975616576
WILLER-SUR-THUR,WILLER-SUR-THUR,HAUT-RHIN,7.069077935970574,47.84285171581116
LURE,LURE,HAUTE-SAONE,6.492761832761009,47.6829617248573
LIEVIN,LIEVIN,PAS-DE-CALAIS,2.77112574235923,50.4340818055316
ANCENIS,ANCENIS-SAINT-GEREON,LOIRE-ATLANTIQUE,-1.177773136553876,47.36947278885225
AMBERIEU,AMBERIEU-EN-BUGEY,AIN,5.342138452341193,45.95377034056717
ARENGOSSE,ARENGOSSE,LANDES,-0.809382127228127,44.006867800546566
LA-CIOTAT,LA-CIOTAT,BOUCHES-DU-RHONE,5.632868531493131,43.199604893876845
MONNAIE,MONNAIE,INDRE-ET-LOIRE,0.79321637913969,47.49872428171184
BERGUES,BERGUES,NORD,2.426483957666874,50.967849637201105
VILLERS-SAINT-SEPULCRE,VILLERS-SAINT-SEPULCRE,OISE,2.221714416454321,49.36724740468092
BETAILLE,BETAILLE,LOT,1.734685916095342,44.942428775501945
MONTDIDIER,MONTDIDIER,SOMME,2.561747962896197,49.641199606125916
CHABENET,LE-PONT-CHRETIEN-CHABENET,INDRE,1.509793320424024,46.6290487507899
DECIZE,DECIZE,NIEVRE,3.467498543898969,46.837443130299
CHERBOURG,CHERBOURG-EN-COTENTIN,MANCHE,-1.620837020380606,49.63310830892097
BITCHE-CAMP,BITCHE,MOSELLE,7.476102114611837,49.04890017752387
URMATT,URMATT,BAS-RHIN,7.339126444279431,48.525715589868824
CROUY-SUR-OURCQ,CROUY-SUR-OURCQ,SEINE-ET-MARNE,3.062942239102605,49.09162143666499
CHAMP-DE-MARS-TOUR-EIFFEL,PARIS,PARIS,2.289815361730897,48.85656203720058
PLOUIGNEAU,PLOUIGNEAU,FINISTERE,-3.71048259870007,48.564582180570554
EPIERRE-SAINT-LEGER,EPIERRE,SAVOIE,6.292373612954408,45.45696244299644
MOREZ,HAUTS-DE-BIENNE,JURA,6.023394053440845,46.526351946514154
SAINT-LOUIS,SAINT-LOUIS,HAUT-RHIN,7.560748902667215,47.585226881691916
VIENNE,VIENNE,ISERE,4.874247110231561,45.52089321315137
GUJAN-MESTRAS,GUJAN-MESTRAS,GIRONDE,-1.068870216460972,44.64066139366233
LES-BARDYS,SAINT-PRIESAINT-TAURION,HAUTE-VIENNE,1.378412449015016,45.906016161099224
STE-MAURE-NOYANT,NOYANT-DE-TOURAINE,INDRE-ET-LOIRE,0.577056750907357,47.1112752555605
PARIS-SAINT-LAZARE,PARIS,PARIS,2.3245590287301,48.87652569960012
CHANTILLY-GOUVIEUX,CHANTILLY,OISE,2.459392185313763,49.18774048603881
SOTTEVILLE,SOTTEVILLE-LES-ROUEN,SEINE-MARITIME,1.102472187510375,49.412421582256336
PORT-SAINT-PERE-ST-MARS,PORT-SAINT-PERE,LOIRE-ATLANTIQUE,-1.739699065810333,47.11619407612604
CONFLANS-JARNY,JARNY,MEURTHE-ET-MOSELLE,5.868172604185876,49.16651011869569
ARTENAY,ARTENAY,LOIRET,1.882942530696593,48.07981327017611
BONNARD-BASSOU,BONNARD,YONNE,3.540308511501759,47.92684258405553
BRAINE,BRAINE,AISNE,3.539797001630332,49.33305628647187
TOUL,TOUL,MEURTHE-ET-MOSELLE,5.885077969110999,48.6806259569182
CASTELSARRASIN,CASTELSARRASIN,TARN-ET-GARONNE,1.114613458170613,44.040377168183305
SAINT-SULPICE,SAINT-SULPICE-LA-POINTE,TARN,1.680526459248937,43.775104038353994
MONTREUX-VIEUX,MONTREUX-VIEUX,HAUT-RHIN,7.026212962770893,47.618038564834976
RULLY,RULLY,SAONE-ET-LOIRE,4.761035836913568,46.88029522572261
HURIEL,HURIEL,ALLIER,2.476189095890859,46.37144045824702
LA-RIVIERE,LA-RIVIERE-DRUGEON,DOUBS,6.213336258681985,46.870110430628266
VIEUX-THANN-ZI,VIEUX-THANN,HAUT-RHIN,7.132891897246951,47.80206960794109
TONNAY-CHARENTE,TONNAY-CHARENTE,CHARENTE-MARITIME,-0.897867253423509,45.94331739425593
VIEILLEVILLE,MOURIOUX-VIEILLEVILLE,CREUSE,1.673569271378614,46.091205067240665
MEURCHIN,MEURCHIN,PAS-DE-CALAIS,2.893966358766935,50.49863721173121
LES-MARTRES-DE-VEYRE,LES-MARTRES-DE-VEYRE,PUY-DE-DOME,3.193478467446887,45.688146551282856
IGNEY,IGNEY,VOSGES,6.39951145740775,48.27091787302109
PAMPROUX,PAMPROUX,DEUX-SEVRES,-0.051722419679964,46.39980312130991
ERMONT-HALTE,ERMONT,VAL-D'OISE,2.263186059561745,48.990749444499556
STE-ANNE,PLUNERET,MORBIHAN,-2.960580973303574,47.67850522991184
PORT-FLUVIAL-DE-CHALON-SUR-SAONE,CHALON-SUR-SAONE,SAONE-ET-LOIRE,4.846921199722042,46.80078209842435
LAVELINE-DEVANT-BRUYERES,LAVELINE-DEVANT-BRUYERES,VOSGES,6.753285589276005,48.18554064498743
CRECY-LA-CHAPELLE,CRECY-LA-CHAPELLE,SEINE-ET-MARNE,2.905919910824732,48.859470653176814
SORGUES-CHATEAUNEUF-DU-PAPE,SORGUES,VAUCLUSE,4.875769415484762,44.005329504061514
ARTIX,ARTIX,PYRENEES-ATLANTIQUES,-0.570004330981325,43.392887598587954
MIGNERES-GONDREVILLE,MIGNERES,LOIRET,2.632307584096138,48.042394433348036
BRESSUIRE,BRESSUIRE,DEUX-SEVRES,-0.496189535231726,46.838197837633324
GRAFFENSTADEN,GEISPOLSHEIM,BAS-RHIN,7.690042773007833,48.53295215681484
HETTANGE-GRANDE,HETTANGE-GRANDE,MOSELLE,6.15601486276125,49.40816787630707
SAINT-DENIS-JARGEAU,SAINT-DENIS-DE-L'HOTEL,LOIRET,2.129299883800866,47.873879048738836
PETIT-VAUX,EPINAY-SUR-ORGE,ESSONNE,2.333102392923797,48.676473858618955
ANGERS-SAINT-LAUD,ANGERS,MAINE-ET-LOIRE,-0.556795220842896,47.46436992000471
ROCHY-CONDE,ROCHY-CONDE,OISE,2.172800938555099,49.398442166444646
UZEL,SAINT-HERVE,COTES-D'ARMOR,-2.808291811491351,48.28184236620754
BOVES,BOVES,SOMME,2.397685926969565,49.84660577148545
MONT-DORE,MONT-DORE,PUY-DE-DOME,2.804855040465586,45.57968837522159
MONESTIER-DE-CLERMONT,MONESTIER-DE-CLERMONT,ISERE,5.633407449369683,44.91154977362207
MARESQUEL,MARESQUEL-ECQUEMICOURT,PAS-DE-CALAIS,1.93084754599373,50.40798900521204
FIRMINY,FIRMINY,LOIRE,4.286141834084134,45.391743119984376
ARQUES-LA-BATAILLE,ARQUES-LA-BATAILLE,SEINE-MARITIME,1.134254483767989,49.88062607051479
SIMANDRE-SUR-SURAN,SIMANDRE-SUR-SURAN,AIN,5.421157705901726,46.220267861044405
TENDE,TENDE,ALPES-MARITIMES,7.594321708601798,44.08988893464372
TURENNE,TURENNE,CORREZE,1.6007429273061,45.0378312288653
TAVAUX-SOLVAY,TAVAUX,JURA,5.415495601025015,47.04236356425938
CAPVERN,CAPVERN,HAUTES-PYRENEES,0.329483527201384,43.103586303998696
LA-BATHIE,LA-BATHIE,SAVOIE,6.445180692376851,45.63024323974924
SETE,SETE,HERAULT,3.69976108664808,43.41348039972712
AUCH,AUCH,GERS,0.596900720613807,43.64761708070071
VIONS-CHANAZ,VIONS,SAVOIE,5.806989316322281,45.82462550523845
DURTOL-NOHANENT,DURTOL,PUY-DE-DOME,3.048818419999533,45.79465429106325
ILE-NAPOLEON-GARAGE,SAUSHEIM,HAUT-RHIN,7.432976751676815,47.7837140160049
AUDRUICQ,AUDRUICQ,PAS-DE-CALAIS,2.077877020622633,50.875282338286695
BONDY,BONDY,SEINE-SAINT-DENIS,2.477292964405416,48.894395411786185
ABANCOURT,ABANCOURT,OISE,1.774495414204267,49.68552581891906
SURDON,LE-CHATEAU-D'ALMENECHES,ORNE,0.13455840966973,48.6650290278175
CHOCQUES,CHOCQUES,PAS-DE-CALAIS,2.565053254533185,50.538155464010345
AUNAY-TREON,TREON,EURE-ET-LOIR,1.315219900316437,48.67519173179545
JOUY-EN-JOSAS,JOUY-EN-JOSAS,YVELINES,2.163559270505938,48.764748343532396
CAFFIERS,CAFFIERS,PAS-DE-CALAIS,1.811481665308603,50.85061405089331
AIGUEBELETTE-LE-LAC,AIGUEBELETTE-LE-LAC,SAVOIE,5.813156640721789,45.53622016446212
GRAVELINES,GRAVELINES,NORD,2.12382167055364,50.978691442574615
BRETEUIL-VILLE,BRETEUIL,OISE,2.302757169628151,49.62801687336059
LA-BRILLANNE-ORAISON,LA-BRILLANNE,ALPES-DE-HAUTE-PROVENCE,5.892236026425313,43.92426818818077
SAINCAIZE,SAINCAIZE-MEAUCE,NIEVRE,3.071469671641923,46.93214630073027
NOGENT-SUR-SEINE,NOGENT-SUR-SEINE,AUBE,3.493949146077137,48.49804814623097
SAINT-GENOUPH,SAINT-GENOUPH,INDRE-ET-LOIRE,0.597070467984662,47.37092513372286
COAT-GUEGAN,PONT-MELVEZ,COTES-D'ARMOR,-3.273687077692196,48.48042532938834
SAINT-MARTIN-D'ONEY,SAINT-MARTIN-D'ONEY,LANDES,-0.651690105338138,43.930059358210656
ERMONT-EAUBONNE,ERMONT,VAL-D'OISE,2.271236376733842,48.98082473495177
BELLAC,BELLAC,HAUTE-VIENNE,1.046243428840409,46.125259801498395
CANNES-LA-BOCCA,CANNES,ALPES-MARITIMES,6.986019723034477,43.548516438796405
SESSENHEIM,SESSENHEIM,BAS-RHIN,7.989404384253541,48.796276260574274
LANEUVEVILLE-DEVANT-NANCY,LANEUVEVILLE-DEVANT-NANCY,MEURTHE-ET-MOSELLE,6.227843943319756,48.655626143527016
VERNOU-SUR-SEINE,VERNOU-LA-CELLE-SUR-SEINE,SEINE-ET-MARNE,2.84261135086371,48.386362841837084
CASTELNAUDARY,CASTELNAUDARY,AUDE,1.951212109755117,43.31204447696695
LANGOGNE,LANGOGNE,LOZERE,3.857480960432029,44.73268355112731
MAURS,MAURS,CANTAL,2.199829972954882,44.70602575389665
FONS-SAINT-MAMERT,FONS,GARD,4.20674139775482,43.9072610264125
EBERSHEIM,EBERSHEIM,BAS-RHIN,7.49429557245806,48.309938552358666
DETTWILLER,DETTWILLER,BAS-RHIN,7.464938345385739,48.75182793740594
REAUMONT-SAINT-CASSIEN,REAUMONT,ISERE,5.535722965823849,45.36884047819984
LA-CAVE,MARSAC-SUR-L'ISLE,DORDOGNE,0.627743099906085,45.1838674338913
LA-COURNEUVE-DUGNY,LA-COURNEUVE,SEINE-SAINT-DENIS,2.411145069309644,48.94373276539867
CERIZAY,CERIZAY,DEUX-SEVRES,-0.667128979794668,46.817347724323724
METZERAL,METZERAL,HAUT-RHIN,7.073476717323556,48.01357036107344
VAIRES-TORCY,VAIRES-SUR-MARNE,SEINE-ET-MARNE,2.639812414451987,48.8753517513271
MONTARGIS,CHALETTE-SUR-LOING,LOIRET,2.740629799559416,48.01380751803465
VEAUCHE-SAINT-GALMIER,VEAUCHE,LOIRE,4.293265166736989,45.565860570392495
BESANCON-FRANCHE-COMTE,LES-AUXONS,DOUBS,5.956208298209646,47.30876474795409
CLICHY-LEVALLOIS,CLICHY,HAUTS-DE-SEINE,2.297436877070022,48.89795410171604
STE-MARTHE-EN-PROVENCE,MARSEILLE,BOUCHES-DU-RHONE,5.390586061944678,43.339304773216654
SAINT-JULIEN-EN-GENEVOIS,SAINT-JULIEN-EN-GENEVOIS,HAUTE-SAVOIE,6.085473821494126,46.141913343428044
SAINT-QUENTIN-FALLAVIER,SAINT-QUENTIN-FALLAVIER,ISERE,5.100905312185786,45.63806024196341
BRIENON,BRIENON-SUR-ARMANCON,YONNE,3.61644276430249,47.98614694264058
L'ISLE-ADAM-PARMAIN,PARMAIN,VAL-D'OISE,2.209820739579246,49.11456640820778
EMBRUN,EMBRUN,HAUTES-ALPES,6.496152519028345,44.566747569484306
VAL-D'ARGENTEUIL,ARGENTEUIL,VAL-D'OISE,2.231272667616184,48.950330275256455
SAINT-CYPRIEN-ARENES,TOULOUSE,HAUTE-GARONNE,1.416479688211094,43.59392640556604
TANUS,TANUS,TARN,2.31594937984925,44.10063308236909
CHANTONNAY,CHANTONNAY,VENDEE,-1.054627026221548,46.689994258210525
REIMS-SAINT-LEONARD,REIMS,MARNE,4.103140399912199,49.22331127474224
PONT-DE-RUNGIS-AEROPORT-D'ORLY,THIAIS,VAL-DE-MARNE,2.369708197729215,48.74712629704441
BLANZY-POSTE,BLANZY,SAONE-ET-LOIRE,4.401121757675276,46.7016401238996
CRISSE,CRISSE,SARTHE,-0.065612304185249,48.167943157705054
VILLEHERVIERS,VILLEHERVIERS,LOIR-ET-CHER,1.797307061752486,47.36937144526175
NOTRE-DAME-D'OE,NOTRE-DAME-D'OE,INDRE-ET-LOIRE,0.706973270019154,47.459617916080404
BRIGNAC,ROYERES,HAUTE-VIENNE,1.440621823063056,45.86376773206017
POUSSAY,POUSSAY,VOSGES,6.1266174313527,48.322426689027516
LE-BREUIL-SUR-COUZE,LE-BREUIL-SUR-COUZE,PUY-DE-DOME,3.262149225132201,45.467136147717795
TORPES-BOUSSIERES,TORPES,DOUBS,5.888707377212621,47.16369412388347
SAINT-GERVAIS-LES-BAINS-LE-FAYET,SAINT-GERVAIS-LES-BAINS,HAUTE-SAVOIE,6.702237682593689,45.90694766673309
LE-VERT-DE-MAISONS,MAISONS-ALFORT,VAL-DE-MARNE,2.432377715308212,48.7881152899235
RIEUX-ANGICOURT,RIEUX,OISE,2.519779710759458,49.297813693094845
FAULQUEMONT,FAULQUEMONT,MOSELLE,6.603766395611025,49.04548594394726
CERGY-SAINT-CHRISTOPHE,CERGY,VAL-D'OISE,2.03428786185133,49.04963335681341
LIMERAY,LIMERAY,INDRE-ET-LOIRE,1.049591664944878,47.449959732029555
SAINT-FLORENT-SUR-CHER,SAINT-FLORENT-SUR-CHER,CHER,2.252712021053594,46.99303312816467
VALERGUES-LANSARGUES,VALERGUES,HERAULT,4.060340238642484,43.67270834341559
BONNEVAL,BONNEVAL,EURE-ET-LOIR,1.386149607564728,48.18624263661258
BIBLIOTHEQUE-FRANCOIS-MITTERRAND,PARIS,PARIS,2.379742121417859,48.82724794626851
EICHHOFFEN,EICHHOFFEN,BAS-RHIN,7.449548775348854,48.382515682616486
FOLLIGNY,FOLLIGNY,MANCHE,-1.408494093735334,48.83049298727163
STRASBOURG-NEUDORF,STRASBOURG,BAS-RHIN,7.743580350601936,48.56931566735245
STE-CECILE-D'ANDORGE,SAINTE-CECILE-D'ANDORGE,GARD,3.97574225810139,44.255087638353864
ISBERGUES,ISBERGUES,PAS-DE-CALAIS,2.463231910450193,50.614796346072545
TAMNAY-CHATILLON,TAMNAY-EN-BAZOIS,NIEVRE,3.723586267347717,47.05349324630234
GUERIGNY,GUERIGNY,NIEVRE,3.196937986665153,47.09173920690405
TARBES,TARBES,HAUTES-PYRENEES,0.069345942402883,43.24030670511259
VOSVES,DAMMARIE-LES-LYS,SEINE-ET-MARNE,2.599320195246332,48.515159720248135
BREVAL,BREVAL,YVELINES,1.541809732466045,48.94339458515851
SAINT-PERAY,SAINT-PERAY,ARDECHE,4.850547552231502,44.947842962255294
BLOIS-CHAMBORD,BLOIS,LOIR-ET-CHER,1.323609474757427,47.58536368242396
VIRVILLE-MANNEVILLE,VIRVILLE,SEINE-MARITIME,0.354197212761727,49.58355832050525
FOUGERAY-LANGON,LANGON,ILLE-ET-VILAINE,-1.85113562171165,47.72981320741973
LA-MEAUGON,LA-MEAUGON,COTES-D'ARMOR,-2.843693915808709,48.499468312418436
OIRY,OIRY,MARNE,4.039245065493115,49.02760216648134
VIAS,VIAS,HERAULT,3.425534755532907,43.316072850226014
MODANE,MODANE,SAVOIE,6.659377762509819,45.193429932426135
LE-GRAND-LEMPS,LE-GRAND-LEMPS,ISERE,5.423517625896945,45.39606641081278
BUEIL,BUEIL,EURE,1.443548500372645,48.92525667181215
STEPHANSFELD,BRUMATH,BAS-RHIN,7.70454103277437,48.71753559096516
MORTCERF,MORTCERF,SEINE-ET-MARNE,2.907528503637124,48.789121503903154
VALOGNES,VALOGNES,MANCHE,-1.480336857697901,49.50541760770656
SARRALBE,SARRALBE,MOSELLE,7.037406950001745,48.99951898415977
EPINAY-VILLETANEUSE-TT,MONTMAGNY,SEINE-SAINT-DENIS,2.328662032747888,48.95902745317701
LOIRE,LOIRE-SUR-RHONE,RHONE,4.804848432118338,45.5640355474837
COMBOURG,COMBOURG,ILLE-ET-VILAINE,-1.727501872528964,48.41615112375191
VILLENAVE-D'ORNON,VILLENAVE-D'ORNON,GIRONDE,-0.547484541103758,44.76865260947629
VERDUN-SUR-LE-DOUBS,VERDUN-SUR-LE-DOUBS,SAONE-ET-LOIRE,5.024560603306501,46.890138232320346
LE-HAUT-BANC,FERQUES,PAS-DE-CALAIS,1.771842360994606,50.816207183094804
YCHOUX,YCHOUX,LANDES,-0.946028418511693,44.329154870463576
LA-COQUILLE,LA-COQUILLE,DORDOGNE,0.974416245279569,45.54069297172124
POISSY,POISSY,YVELINES,2.041007984644009,48.933188258370805
CHATEAUBRIANT-TRAM-TRAIN,CHATEAUBRIANT,LOIRE-ATLANTIQUE,-1.371272936893124,47.71748442009602
MONT-SAINT-MARTIN,MONT-SAINT-MARTIN,MEURTHE-ET-MOSELLE,5.786127115687368,49.53486117639584
PROUVY-THIANT,PROUVY,NORD,3.4614154576002,50.3169587642331
SCHILTIGHEIM,SCHILTIGHEIM,BAS-RHIN,7.739601681631606,48.60884368086732
BOURG-EN-BRESSE,BOURG-EN-BRESSE,AIN,5.214056714303864,46.202257579449686
PONTOISE,PONTOISE,VAL-D'OISE,2.095589737532254,49.046725436640024
SAINT-AUBIN-SUR-SCIE,SAINT-AUBIN-SUR-SCIE,SEINE-MARITIME,1.066577283738475,49.8707884314073
PAVILLONS-SOUS-BOIS,LES-PAVILLONS-SOUS-BOIS,SEINE-SAINT-DENIS,2.511519862741442,48.90224501559741
PLOUGONVER,PLOUGONVER,COTES-D'ARMOR,-3.370313057249656,48.45821664544372
PIHEN,PIHEN-LES-GUINES,PAS-DE-CALAIS,1.785914545081654,50.87315580206877
RUNGIS-(MIN),RUNGIS,VAL-DE-MARNE,2.361965873313876,48.7437615440494
FOUGERE,FOUGERE,VENDEE,-1.231238969907112,46.665080121649055
SAINT-BRIEUC,SAINT-BRIEUC,COTES-D'ARMOR,-2.751117057339727,48.50441190771753
JUSSEY,JUSSEY,HAUTE-SAONE,5.903781495075488,47.83704319500096
DOL-DE-BRETAGNE,DOL-DE-BRETAGNE,ILLE-ET-VILAINE,-1.74987248932575,48.5438989124489
ALTKIRCH,ALTKIRCH,HAUT-RHIN,7.22683753745718,47.62681296051256
THANN-CENTRE,THANN,HAUT-RHIN,7.101052106976733,47.81000599616384
DARCEY-(COTE-D'OR),DARCEY,COTE-D'OR,4.556289078969819,47.532073435566375
BEAUMONT-LE-ROGER,BEAUMONT-LE-ROGER,EURE,0.772899412138306,49.07417134918095
LA-CHAUMUSSE-FORT-DU-PLASNE,LA-CHAUMUSSE,JURA,5.961363165255044,46.60502014902874
MONTREUIL-BELLAY,MONTREUIL-BELLAY,MAINE-ET-LOIRE,-0.14792629839626,47.125542778883705
ARGENTIERE,CHAMONIX-MONT-BLANC,HAUTE-SAVOIE,6.926834141839215,45.981774099388275
MONTFERRAND-THORAISE,MONTFERRAND-LE-CHATEAU,DOUBS,5.907548270672133,47.184744967351804
DOURDAN-LA-FORET,DOURDAN,ESSONNE,1.99656893003959,48.535580626314264
LUZENAC-GARANOU,GARANOU,ARIEGE,1.753240430410328,42.76430323973474
DIJON-VILLE,DIJON,COTE-D'OR,5.031277292082438,47.30793362044403
PONT-DE-RUNGIS-AEROPORT-D'ORLY,THIAIS,VAL-DE-MARNE,2.371924454438784,48.747698777748575
NOGENT-LE-PERREUX,NOGENT-SUR-MARNE,VAL-DE-MARNE,2.494108133058532,48.83860766844219
LA-VERPILLIERE,LA-VERPILLIERE,ISERE,5.151626533234137,45.62715715169149
GIEN,GIEN,LOIRET,2.636757350624025,47.698878641555325
LA-DOUZILLERE,JOUE-LES-TOURS,INDRE-ET-LOIRE,0.653001386682489,47.33866140621093
L'HERMITAGE-MORDELLES,L'HERMITAGE,ILLE-ET-VILAINE,-1.81921151526776,48.123335774611554
VERGEZE-CODOGNAN,VERGEZE,GARD,4.219113329716423,43.73977946287461
MONTREUIL-SUR-MER,MONTREUIL,PAS-DE-CALAIS,1.769017904748211,50.46637341957389
KOGENHEIM,KOGENHEIM,BAS-RHIN,7.535256303145657,48.33901322206883
ARCHIGNAT,ARCHIGNAT,ALLIER,2.420206926523613,46.3682992419781
STE-EULALIE-CARBON-BLANC,SAINTE-EULALIE,GIRONDE,-0.493677732798581,44.898006283140774
BRAM,BRAM,AUDE,2.120248655746591,43.24374242931478
TRACY-SANCERRE,TRACY-SUR-LOIRE,NIEVRE,2.880650704295121,47.337551105318724
STE-COLOMBE-LES-VIENNE-SAINT-ROMAIN-EN-GAL,SAINT-ROMAIN-EN-GAL,RHONE,4.864695170835149,45.52736492019606
RUE,RUE,SOMME,1.675883430987883,50.27317576435751
LORIOL,LORIOL-SUR-DROME,DROME,4.816948130049003,44.754434398743
CHIVRES-EN-LAONNOIS,CHIVRES-EN-LAONNOIS,AISNE,3.841926936066483,49.6374775282422
OISSEL,OISSEL,SEINE-MARITIME,1.102282900837311,49.34305349147479
XERTIGNY,XERTIGNY,VOSGES,6.37677531207038,48.052717772071084
ALBERT,ALBERT,SOMME,2.644582576895565,50.00586126934948
GAZERAN,GAZERAN,YVELINES,1.771844196891519,48.62596796469673
SAINT-ANTOINE-DU-ROCHER,SAINT-ANTOINE-DU-ROCHER,INDRE-ET-LOIRE,0.616536750634198,47.503885064078
RUELLE,RUELLE-SUR-TOUVRE,CHARENTE,0.22134335904864,45.676344690735036
SAINT-MEDARD-D'EYRANS,SAINT-MEDARD-D'EYRANS,GIRONDE,-0.504315934350068,44.715684282411154
PARENT-COUDES-CHAMPEIX,PARENT,PUY-DE-DOME,3.216704735574016,45.61418782407018
GOURDON,GOURDON,LOT,1.389532573134262,44.74128735294577
GIEVRES,GIEVRES,LOIR-ET-CHER,1.66813603974657,47.278892429826755
SCHWEIGHOUSE-SUR-MODER,SCHWEIGHOUSE-SUR-MODER,BAS-RHIN,7.741946133955294,48.828951234919714
NONANCOURT,NONANCOURT,EURE,1.192839793195551,48.775607268571356
L'ESTAQUE,MARSEILLE,BOUCHES-DU-RHONE,5.321401300743806,43.36379407229317
LUSSAC-LES-CHATEAUX,LUSSAC-LES-CHATEAUX,VIENNE,0.71857024733858,46.405233047183636
SIORAC-EN-PERIGORD,SIORAC-EN-PERIGORD,DORDOGNE,0.987829145665422,44.81996737198574
MENIL-FLIN,FLIN,MEURTHE-ET-MOSELLE,6.659235811497861,48.50500295101705
GENNES-LONGUEFUYE,GENNES-LONGUEFUYE,MAYENNE,-0.619237911327025,47.87330608514277
ORIGNY-STE-BENOITE,ORIGNY-SAINTE-BENOITE,AISNE,3.485766395828435,49.838695917618736
COURCY-BRIMONT,COURCY,MARNE,4.014231404138552,49.32935496255477
CASSEL,OXELAERE,NORD,2.461746472715491,50.78700163077851
PONT-DE-BRIQUES,SAINT-ETIENNE-AU-MONT,PAS-DE-CALAIS,1.626706055217209,50.682867875823796
VILLETANEUSE-UNIVERSITE-TT,VILLETANEUSE,SEINE-SAINT-DENIS,2.342504679282486,48.95995301702822
VILLEFRANCHE-DE-LAURAGAIS,VILLEFRANCHE-DE-LAURAGAIS,HAUTE-GARONNE,1.71514081987692,43.39780360986386
IVRY-SUR-SEINE,IVRY-SUR-SEINE,VAL-DE-MARNE,2.392955231003297,48.812850332783306
MARQUILLIES,MARQUILLIES,NORD,2.866180949579939,50.547708306792146
SAINT-JEAN-DE-MAURIENNE-ARVAN,SAINT-JEAN-DE-MAURIENNE,SAVOIE,6.354860958216277,45.277800370426114
VOVES,LES-VILLAGES-VOVEENS,EURE-ET-LOIR,1.622213913307437,48.27526357999237
ERMONT-EAUBONNE-(PSL),ERMONT,VAL-D'OISE,2.270819477497218,48.98046339098543
AVRANCHES,AVRANCHES,MANCHE,-1.369864291635448,48.69039945436693
CORDES-VINDRAC,VINDRAC-ALAYRAC,TARN,1.899679182556303,44.067784595852196
PULLIGNY-AUTREY,AUTREY,MEURTHE-ET-MOSELLE,6.137668551654069,48.53572519318866
NICE-PONT-MICHEL,NICE,ALPES-MARITIMES,7.291537541548048,43.7218224839914
POINCON,POINCON-LES-LARREY,COTE-D'OR,4.459147883915633,47.86785575082189
PARAY-LE-MONIAL,PARAY-LE-MONIAL,SAONE-ET-LOIRE,4.113506679602257,46.44701056456591
CHATEAUNEUF-BUJALEUF,NEUVIC-ENTIER,HAUTE-VIENNE,1.645318087603737,45.75937875050691
SAINT-MARTIN-DU-VIVIER,SAINT-MARTIN-DU-VIVIER,SEINE-MARITIME,1.161450753747539,49.47038454390904
TASSIN,TASSIN-LA-DEMI-LUNE,RHONE,4.75883716879324,45.761706002685855
SAINT-SEVER,NOUES-DE-SIENNE,CALVADOS,-1.051643849945736,48.84362836466454
MEXIMIEUX-PEROUGES,MEXIMIEUX,AIN,5.193552383040875,45.90168310952925
BELLIGNAT,BELLIGNAT,AIN,5.630501879615334,46.238939457824436
FERRIERES-FONTENAY,FONTENAY-SUR-LOING,LOIRET,2.77219504594361,48.0965951411846
PRINGY,ANNECY,HAUTE-SAVOIE,6.123324352280298,45.939507466677064
LOGELBACH,WINTZENHEIM,HAUT-RHIN,7.320670200337252,48.08731135932243
SALBRIS,SALBRIS,LOIR-ET-CHER,2.046734161195332,47.428382293574955
DUNKERQUE-PORT-EST,GRANDE-SYNTHE,NORD,2.276902950853438,51.03243789250946
COLMAR-MESANGES,COLMAR,HAUT-RHIN,7.333897215393884,48.08592654590376
BUSSIERE-GALANT,BUSSIERE-GALANT,HAUTE-VIENNE,1.026140120602246,45.6076197269615
CHATEAUBRIANT,CHATEAUBRIANT,LOIRE-ATLANTIQUE,-1.371399146393917,47.717011948752074
GOURNAY-FERRIERES,FERRIERES-EN-BRAY,SEINE-MARITIME,1.738228318663168,49.4815139168411
POMAS,POMAS,AUDE,2.288294870421237,43.11218352513804
BEYNOST,BEYNOST,AIN,5.006804792443363,45.8338425231017
EYMOUTIERS-VASSIVIERE,EYMOUTIERS,HAUTE-VIENNE,1.740449391441709,45.73973092333884
BRIONNE,BRIONNE,EURE,0.711468824285941,49.19643355316075
ARBANATS,ARBANATS,GIRONDE,-0.395514106466555,44.674320830247986
LEVAL,LEVAL,NORD,3.83628711421893,50.1847415883938
SAINT-MICHEL-SUR-MEURTHE,SAINT-MICHEL-SUR-MEURTHE,VOSGES,6.888269113458193,48.326815836952974
MORET-VENEUX-LES-SABLONS,MORET-LOING-ET-ORVANNE,SEINE-ET-MARNE,2.799312433561004,48.37809139318291
SELESTAT,SELESTAT,BAS-RHIN,7.442243817984608,48.26044285599784
LOIVRE,LOIVRE,MARNE,3.990653406713556,49.345902735688114
PAGNY-SUR-MOSELLE,PAGNY-SUR-MOSELLE,MEURTHE-ET-MOSELLE,6.025497729995879,48.98510340981501
CASTELNAU-D'ESTRETEFONDS,CASTELNAU-D'ESTRETEFONDS,HAUTE-GARONNE,1.3407935012277,43.78699582428723
LES-SABLES-D'OLONNE,LES-SABLES-D'OLONNE,VENDEE,-1.781633342822514,46.500180558548664
LOUDEAC,LOUDEAC,COTES-D'ARMOR,-2.763076895549101,48.18022614420751
STEENBECQUE,STEENBECQUE,NORD,2.509873716892215,50.680560430688914
RAZAC,RAZAC-SUR-L'ISLE,DORDOGNE,0.599372607183737,45.166061853791916
MONTMORILLON,MONTMORILLON,VIENNE,0.873793055001784,46.417365464617525
AVOUDREY,AVOUDREY,DOUBS,6.434681229953385,47.1298142566013
BLANGY-SUR-TERNOISE,BLANGY-SUR-TERNOISE,PAS-DE-CALAIS,2.172196777774663,50.42472306055137
PORT-SEC-DE-PACY,PACY-SUR-ARMANCON,YONNE,4.107603239235026,47.7791174558571
PERIGUEUX-SAINT-GEORGES,PERIGUEUX,DORDOGNE,0.733658993091061,45.1783264292531
VIREUX-MOLHAIN,VIREUX-MOLHAIN,ARDENNES,4.723151406525395,50.08345764970998
NUITS-SAINT-GEORGES,NUITS-SAINT-GEORGES,COTE-D'OR,4.956243348661263,47.13037408068024
EPFIG,EPFIG,BAS-RHIN,7.450428471070055,48.36371868266161
STRASBOURG-VILLE,STRASBOURG,BAS-RHIN,7.731594953278417,48.58287025491014
SAINT-ARMEL,SAINT-ARMEL,ILLE-ET-VILAINE,-1.594854775231689,48.01416047020141
GOLFECH,GOLFECH,TARN-ET-GARONNE,0.853637697839654,44.116212667357935
HELLEMMES,LILLE,NORD,3.116260107935155,50.62287383634239
SAINT-ETIENNE-CARNOT,SAINT-ETIENNE,LOIRE,4.384775397927474,45.446730990708296
ITXASSOU,ITXASSOU,PYRENEES-ATLANTIQUES,-1.395309489751563,43.32408263835211
AVIGNON,AVIGNON,VAUCLUSE,4.785988680479314,43.92185220386844
HERRLISHEIM-PRES-COLMAR,HERRLISHEIM-PRES-COLMAR,HAUT-RHIN,7.320825947422454,48.01758069499349
GERTWILLER,GERTWILLER,BAS-RHIN,7.466354571437926,48.413335554660975
LONGUERUE-VIEUX-MANOIR,VIEUX-MANOIR,SEINE-MARITIME,1.276733910125994,49.556788208426134
BRIGNOUD,VILLARD-BONNOT,ISERE,5.901324741120957,45.262498924839655
BREIL-SUR-ROYA,BREIL-SUR-ROYA,ALPES-MARITIMES,7.514373727256736,43.94194602172789
CHAVANGES,CHAVANGES,AUBE,4.586064025145335,48.5083156467384
US,US,VAL-D'OISE,1.970571442485532,49.099575309029696
STE-COLOMBE,SAINTE-COLOMBE,DOUBS,6.266118394080583,46.87920222190296
FOUG,FOUG,MEURTHE-ET-MOSELLE,5.791096876217142,48.67922863357788
LA-BOUTEILLE,LA-BOUTEILLE,AISNE,3.982780234602766,49.860132006253636
ELNE,ELNE,PYRENEES-ORIENTALES,2.963323638197445,42.59738878190676
COLLIOURE,COLLIOURE,PYRENEES-ORIENTALES,3.078202792729514,42.52676701474552
NEUILLE-PONT-PIERRE,NEUILLE-PONT-PIERRE,INDRE-ET-LOIRE,0.56491028980691,47.55801500355749
MONTBELIARD,MONTBELIARD,DOUBS,6.801539332256802,47.51050788740413
VALENCIENNES,VALENCIENNES,NORD,3.517355969325083,50.36460712971786
PRUNIERS,GIEVRES,LOIR-ET-CHER,1.672257775086366,47.313156014873194
CORON-DE-MERICOURT,MERICOURT,PAS-DE-CALAIS,2.884601268484962,50.41498395300304
SAINT-LOUIS,SAINT-LOUIS,HAUT-RHIN,7.55486154717174,47.5902689352657
CHOUZY,VALLOIRE-SUR-CISSE,LOIR-ET-CHER,1.247857321419655,47.52032137784461
LES-AUBRAIS-ORLEANS,FLEURY-LES-AUBRAIS,LOIRET,1.906384220362918,47.9270838366912
ESBLY,ESBLY,SEINE-ET-MARNE,2.810621935936422,48.90314285769408
LYON-JEAN-MACE,LYON,RHONE,4.841811647771396,45.745014727981626
BOLOGNE,BOLOGNE,HAUTE-MARNE,5.134533675582394,48.19864643080646
CHILLY-MAZARIN,CHILLY-MAZARIN,ESSONNE,2.307528869423246,48.700925441855155
HENIN-BEAUMONT,HENIN-BEAUMONT,PAS-DE-CALAIS,2.95246940126036,50.41689907443113
BRUGES,BRUGES,GIRONDE,-0.608935358415718,44.88594609311808
YGOS,YGOS-SAINT-SATURNIN,LANDES,-0.736194651381462,43.9782838263899
TETING,TETING-SUR-NIED,MOSELLE,6.66473128304083,49.05171884960215
COULOMBIERS,COULOMBIERS,VIENNE,0.185379183844048,46.48008960556049
LOCHES,LOCHES,INDRE-ET-LOIRE,1.000978884791213,47.13040196262713
LA-CHARITE-SUR-LOIRE,LA-CHARITE-SUR-LOIRE,NIEVRE,3.024081968586024,47.17996120945426
MOYEUVRE-GRANDE,MOYEUVRE-GRANDE,MOSELLE,6.044076344753875,49.246728726515244
LE-CAILAR,LE-CAILAR,GARD,4.234917595726394,43.68327665310768
SERQUEUX,SERQUEUX,SEINE-MARITIME,1.539867032410759,49.63144625822911
SAINT-MARS-LA-BRIERE,SAINT-MARS-LA-BRIERE,SARTHE,0.365764787326713,48.028684482990606
ARCIS-SUR-AUBE,VILLETTE-SUR-AUBE,AUBE,4.128675826570033,48.53272650786576
VERSAILLES-CHANTIERS,VERSAILLES,YVELINES,2.137060348306639,48.79540355080524
MAINTENON,MAINTENON,EURE-ET-LOIR,1.592652613347552,48.585631049442
PERONNE-LA-CHAPELETTE,PERONNE,SOMME,2.935649662686699,49.915788418654465
L'ARBRESLE,EVEUX,RHONE,4.618955339086357,45.83345242825749
ARGENTEUIL,ARGENTEUIL,VAL-D'OISE,2.258090937400177,48.94656484661184
FAUBOURG-D'ORLEANS,ROMORANTIN-LANTHENAY,LOIR-ET-CHER,1.740234225606201,47.366833345124405
ECULLY-LA-DEMI-LUNE,TASSIN-LA-DEMI-LUNE,RHONE,4.779149852010692,45.765804076277306
MONTCORNET,MONTCORNET,AISNE,4.016382371029833,49.69788469745514
WISCHES,WISCHES,BAS-RHIN,7.270155332950564,48.507473185387894
SERVON,SERVON-SUR-VILAINE,ILLE-ET-VILAINE,-1.463135340881243,48.11223075302593
SAINT-ERME,SAINT-ERME-OUTRE-ET-RAMECOURT,AISNE,3.8576210423604,49.52675556235464
COLOMBIER-FONTAINE,COLOMBIER-FONTAINE,DOUBS,6.689278127196173,47.45560582202106
BRETONCELLES,BRETONCELLES,ORNE,0.892461068029912,48.43275436557967
DISSAY,DISSAY,VIENNE,0.42151164536195,46.70400862927564
MONT-SUR-MEURTHE,MONT-SUR-MEURTHE,MEURTHE-ET-MOSELLE,6.450133611525778,48.560084588633046
BRUZ,BRUZ,ILLE-ET-VILAINE,-1.751863126756572,48.02873873088182
SAINT-JEAN-PLA-DE-CORTS,SAINT-JEAN-PLA-DE-CORTS,PYRENEES-ORIENTALES,2.789188585370135,42.51604906438816
SAINT-RAMBERT-D'ALBON,SAINT-RAMBERT-D'ALBON,DROME,4.810325346753527,45.29798838978659
BORDS,BORDS,CHARENTE-MARITIME,-0.798547000664882,45.89442546281429
AMBERIEU,AMBERIEU-EN-BUGEY,AIN,5.342389581729003,45.95382301988311
SALINDRES,SALINDRES,GARD,4.153212090320837,44.173128489576094
ROGNAC,ROGNAC,BOUCHES-DU-RHONE,5.230871961760132,43.48657785886441
RAEDERSHEIM,RAEDERSHEIM,HAUT-RHIN,7.284060687731498,47.88708451932602
VEUXHAULLES,VEUXHAULLES-SUR-AUBE,COTE-D'OR,4.799635812337582,47.937575061095856
GIVORS,GIVORS,RHONE,4.765926837773685,45.585119115441096
LA-MEMBROLLE-SUR-CHOISILLE,SAINT-CYR-SUR-LOIRE,INDRE-ET-LOIRE,0.64095576385408,47.431232890399386
BRUNOY,BRUNOY,ESSONNE,2.505561391433407,48.700458760023
BRION-SUR-OURCE,BRION-SUR-OURCE,COTE-D'OR,4.654152741884063,47.91360960668024
ROQUESERIERE,BUZET-SUR-TARN,HAUTE-GARONNE,1.619120418708056,43.75091727790952
ESPIRA-DE-L'AGLY,ESPIRA-DE-L'AGLY,PYRENEES-ORIENTALES,2.833351494796993,42.77229463217546
LONGUEVILLE-SUR-SCIE,LONGUEVILLE-SUR-SCIE,SEINE-MARITIME,1.110611610207286,49.79175692319872
GRANDVILLARS,GRANDVILLARS,TERRITOIRE-DE-BELFORT,6.978583696399005,47.53771038419882
MOULT-ARGENCES,MOULT-CHICHEBOVILLE,CALVADOS,-0.186414347002698,49.111082202749095
DAX,DAX,LANDES,-1.050345245238319,43.72090050902884
SIERCK-LES-BAINS,SIERCK-LES-BAINS,MOSELLE,6.350145410078853,49.444008140882424
VELINES,VELINES,DORDOGNE,0.103698509461612,44.85193455680383
SAINT-GERVAIS-LES-BAINS-LE-FAYET,SAINT-GERVAIS-LES-BAINS,HAUTE-SAVOIE,6.701282988950095,45.90652091637714
MAUCO-BENQUET,HAUT-MAUCO,LANDES,-0.535262666325466,43.832672646214625
LYON-SAINT-PAUL,LYON,RHONE,4.825581871273259,45.766349841169024
PIBRAC,PIBRAC,HAUTE-GARONNE,1.289300755311082,43.6215242010746
ACHERES-GRAND-CORMIER,SAINT-GERMAIN-EN-LAYE,YVELINES,2.092094579250713,48.95528483926228
LIMOGES-BENEDICTINS,LIMOGES,HAUTE-VIENNE,1.269103246802025,45.83756066577441
RICHWILLER,RICHWILLER,HAUT-RHIN,7.261967784823673,47.786763386242406
LAMARCHE,LAMARCHE,VOSGES,5.76038720617832,48.0902790594606
MONTEROLIER-BUCHY,BUCHY,SEINE-MARITIME,1.336076059966942,49.603288560518415
LEZENNES,LILLE,NORD,3.099675595055702,50.62054878580979
SAILLAT-CHASSENON,SAILLAT-SUR-VIENNE,HAUTE-VIENNE,0.811741675479887,45.86954035138914
GONCELIN,GONCELIN,ISERE,5.973982765486262,45.34197077504866
ANOULD,ANOULD,VOSGES,6.950788899979504,48.190411211355396
ANSE,ANSE,RHONE,4.719886003240322,45.939355674976504
TOURY,TOURY,EURE-ET-LOIR,1.939384579321158,48.19237858487703
SAALES,SAALES,BAS-RHIN,7.110880725329616,48.347294703282934
STE-FOY-LA-GRANDE,PINEUILH,GIRONDE,0.22148593170599,44.83674625977344
GRANDPUITS,GRANDPUITS-BAILLY-CARROIS,SEINE-ET-MARNE,2.969656326744445,48.589618589092126
HAUBOURDIN,HAUBOURDIN,NORD,2.986130074557951,50.60534385058972
SAINT-FONS,SAINT-FONS,RHONE,4.852454240622254,45.70575011194421
VERT-GALANT,VILLEPINTE,SEINE-SAINT-DENIS,2.566815348539116,48.94428616794622
DIJON-VILLE,LONGVIC,COTE-D'OR,5.047449224021285,47.29382365316323
MERREY,MERREY,HAUTE-MARNE,5.594850746197269,48.0540025526654
VILLERS-COTTERETS,VILLERS-COTTERETS,AISNE,3.093814284708808,49.249927496391535
CLERMONT-FERRAND,CLERMONT-FERRAND,PUY-DE-DOME,3.100379197092955,45.778499049968005
LONGECOURT,LONGECOURT-EN-PLAINE,COTE-D'OR,5.134158935068526,47.19412685496901
BELVES,PAYS-DE-BELVES,DORDOGNE,1.011886496766323,44.77737490838677
CARPENTRAS,CARPENTRAS,VAUCLUSE,5.043890488230109,44.048949087135014
AUBIN,AUBIN,AVEYRON,2.239091365724155,44.527366678994674
AUNEAU,ROINVILLE,EURE-ET-LOIR,1.768488708811673,48.432455265429006
LILLE-DELIVRANCE,LILLE,NORD,2.993137093722224,50.62864547168186
L'ARDOISE,LAUDUN-L'ARDOISE,GARD,4.699523014673135,44.096285310150705
ORMOY-VILLERS,ORMOY-VILLERS,OISE,2.837537695038122,49.2001243320424
AEROPORT-CHARLES-DE-GAULLE-2,TREMBLAY-EN-FRANCE,SEINE-ET-MARNE,2.571223196694159,49.00399011760242
BETTON,BETTON,ILLE-ET-VILAINE,-1.634223144594651,48.181400267622394
PERS,LE-ROUGET-PERS,CANTAL,2.240507473830669,44.88694360345526
SAINT-AUBIN-(JURA),SAINT-AUBIN,JURA,5.323130142613154,47.029426825808045
MAMIROLLE,MAMIROLLE,DOUBS,6.162296002500971,47.20018021278925
STEENWERCK,BAILLEUL,NORD,2.786560805974612,50.713065534427706
VIAS,VIAS,HERAULT,3.426000862761723,43.31567635129328
OBERNAI,OBERNAI,BAS-RHIN,7.48911643635272,48.462123658357406
USTARITZ,USTARITZ,PYRENEES-ATLANTIQUES,-1.448847108198418,43.40463594730001
ORGERUS-BEHOUST,ORGERUS,YVELINES,1.70291051477214,48.82662235467239
SAINT-AULAIRE,SAINT-AULAIRE,CORREZE,1.398597219020132,45.24914277558258
BLANC-MISSERON,CRESPIN,NORD,3.660850346027268,50.4048864085275
ROUGEMONT-CHANTELOUP,SEVRAN,SEINE-SAINT-DENIS,2.515190927487388,48.930905967813096
FECAMP,FECAMP,SEINE-MARITIME,0.373905831468864,49.75946346406018
MAUBOURGUET,MAUBOURGUET,HAUTES-PYRENEES,0.033248341290974,43.461440919388735
MALAUNAY-LE-HOULME,LE-HOULME,SEINE-MARITIME,1.039695682753181,49.513357510919576
MONTASTRUC-LA-CONSEILLERE,MONTASTRUC-LA-CONSEILLERE,HAUTE-GARONNE,1.599062342657637,43.71620550202733
RONCHAMP,RONCHAMP,HAUTE-SAONE,6.623533739700717,47.699154651329216
NOEUX-LES-MINES,NUX-LES-MINES,PAS-DE-CALAIS,2.674608644100998,50.483050291721256
AMBERIEU,AMBERIEU-EN-BUGEY,AIN,5.342553934490688,45.95390380801343
BOGNY-SUR-MEUSE,BOGNY-SUR-MEUSE,ARDENNES,4.762709444152459,49.85883392989218
ARCHES,ARCHES,VOSGES,6.528289800019222,48.11988792115844
MONTFORT-SUR-MEU,MONTFORT-SUR-MEU,ILLE-ET-VILAINE,-1.948812414663325,48.13908925033736
VERZEILLE,LEUC,AUDE,2.321303189572111,43.13048958773777
CHEVIGNY-SAINT-SAUVEUR,NEUILLY-CRIMOLOIS,COTE-D'OR,5.141650944935574,47.273042261850335
TIERCELET-VILLERS-LA-MONTAGNE,TIERCELET,MEURTHE-ET-MOSELLE,5.894144202867569,49.47142828868167
CORBEIL-ESSONNES,CORBEIL-ESSONNES,ESSONNE,2.473782410863145,48.61407088260272
SAINT-MICHEL-SUR-CHARENTE,ANGOULEME,CHARENTE,0.110778780876683,45.644270153545804
DEVILLE,DEVILLE,ARDENNES,4.707017563077379,49.880200975429595
BETHUNE,BETHUNE,PAS-DE-CALAIS,2.640474750045827,50.52096325189027
ECOLE-VALENTIN,ECOLE-VALENTIN,DOUBS,5.994103825955804,47.27487892839237
ROUFFACH,ROUFFACH,HAUT-RHIN,7.31264737011648,47.96020131985885
BRIOUZE,BRIOUZE,ORNE,-0.367459914839763,48.7020274482753
CIVRIEUX-D'AZERGUES,CIVRIEUX-D'AZERGUES,RHONE,4.718426419765193,45.85913270180337
AVRECHY,AVRECHY,OISE,2.418189673942194,49.44511010834826
L'ISLE-D'ABEAU,L'ISLE-D'ABEAU,ISERE,5.22039374211716,45.60709467933658
MAUROIS,HONNECHY,NORD,3.456325308770227,50.06737244204346
LILLE-SUD,LILLE,NORD,3.055551394108411,50.61649979444864
APPILLY,APPILLY,OISE,3.120975177416343,49.580604880191174
LA-FERTE-IMBAULT,LA-FERTE-IMBAULT,LOIR-ET-CHER,1.958347031954034,47.38360140613189
MARSEILLE-SAINT-CHARLES,MARSEILLE,BOUCHES-DU-RHONE,5.380881565078672,43.30288219605731
MARIGNY,MARIGNY,DEUX-SEVRES,-0.428368195173377,46.19907984544713
GADAGNE,CHATEAUNEUF-DE-GADAGNE,VAUCLUSE,4.956947773630085,43.929739832964074
STE-COLOMBE-SUR-SEINE,SAINTE-COLOMBE-SUR-SEINE,COTE-D'OR,4.54804455052557,47.87325339401754
ALES,ALES,GARD,4.081017235029589,44.13162129695281
ROUTE-DE-LAUNAGUET,TOULOUSE,HAUTE-GARONNE,1.439640675559083,43.63416539868394
LA-PORCHERIE,LA-PORCHERIE,HAUTE-VIENNE,1.537872348932614,45.574544276090975
BRIGNAIS,BRIGNAIS,RHONE,4.763849125047894,45.67371529480868
JAUX,JAUX,OISE,2.777317697312345,49.38681747171979
VIAM,VIAM,CORREZE,1.896884100631186,45.62155152063031
DEGAGNAC,DEGAGNAC,LOT,1.340582051822383,44.65282088520286
LE-GENEST,LE-GENESAINT-SAINT-ISLE,MAYENNE,-0.885527898913739,48.09677637508564
EGLETONS,EGLETONS,CORREZE,2.06471446783481,45.40249715122048
BERTHELMING,BERTHELMING,MOSELLE,7.008564707523945,48.81059944780831
FEGERSHEIM-LIPSHEIM,LIPSHEIM,BAS-RHIN,7.672328564968048,48.49080627126732
ARCHES,ARCHES,VOSGES,6.531059250884853,48.118891443373464
LES-PRAZ-DE-CHAMONIX,CHAMONIX-MONT-BLANC,HAUTE-SAVOIE,6.888784156454343,45.940006688645404
NORT-SUR-ERDRE,NORT-SUR-ERDRE,LOIRE-ATLANTIQUE,-1.503440199165114,47.44185260156143
BOURG-BRUCHE,BOURG-BRUCHE,BAS-RHIN,7.137239281835361,48.36018907228446
MARSEILLE-EN-BEAUVAISIS,MARSEILLE-EN-BEAUVAISIS,OISE,1.954684190772344,49.57095250613924
HALTE-DE-FONTANIL-LYCEE-DE-DRAP,DRAP,ALPES-MARITIMES,7.339017118416614,43.76417078049719
LE-PENITY,DUAULT,COTES-D'ARMOR,-3.476354793367855,48.36454055640288
ISSOUDUN,ISSOUDUN,INDRE,1.987487716284132,46.95199502559162
FOECY,FOECY,CHER,2.162645373864507,47.17563873834608
